split_mode,protocol,seed,method,label_regime,a_priori_regime,macro_f1,accuracy,worst_well_f1,worst10pct_well_f1,well_macro_f1_mean,worst_well_f1_fixed,worst10pct_well_f1_fixed,n_train,n_val,n_test,n_test_unseen_label_kept,n_val_dropped_unseen_label,n_val_dropped_unseen,n_fixed_labels,train_class_names,seconds,pipeline_version,feature_mode,use_relative_depth,well_z_mode,stats_support,git_commit,git_dirty,config_hash,config_path,split_hash,feature_param_hash,hash_labeled_parquet,hash_curves_all_parquet,val_open_macro_f1,details_path,wall_seconds,macro_f1_ccommon,macro_f1_ccommon_supported
well_id,protocol1_random_wells,42,lgbm_global,closed_set,closed_set,0.4039949436263344,0.6118167533814227,0.1441001574019401,0.1706660250567604,0.378048487171704,0.0786000858556037,0.0893302707899538,986098,224305,220839,0,141,141,11,Sandstone|Shale|Sandstone/Shale|Limestone|Chalk|Dolomite|Marl|Anhydrite|Halite|Coal|Tuff,154.56,r3_fullcurve_stats_20260930,global,False,full,full_curve,f4dff61307f0f2e705e9f9716f85c06458eb17f7,False,84a59b18b9d77acfd78337dcc7e6fd2885b5dc948e5061d8377c0b5b28b35914,D:\工作空间\测井\cross_well_dg\configs\paper_r3_multirep.yaml,20a007d2d2e79d3cb193f475be289849617c632cb3960648ef754dba8e16d680,9d2c7ad879a80eef284e32d0dadee42e995aeacfcc54dedeef5e09c73767b0b5,43041111a78dd4726423d9f43fb9a3cc00d7284ebd9c49071c459697b99c0e87,91c87c5b4f834397daa00b01ae727b059675863211f044645de62d451cfb8c46,0.2848498634776593,results\multirep\details\well_id\seed42_lgbm_global.json,154.63,0.4039949436263344,0.4039949436263344
well_id,protocol1_random_wells,42,lgbm_wellnorm,closed_set,closed_set,0.2927505331469944,0.632066799795326,0.1647388634831492,0.1781784784033926,0.3937957909437981,0.1045189599947105,0.1196526514222799,986098,224305,220839,0,141,141,11,Sandstone|Shale|Sandstone/Shale|Limestone|Chalk|Dolomite|Marl|Anhydrite|Halite|Coal|Tuff,138.18,r3_fullcurve_stats_20260930,wellnorm,True,full,full_curve,f4dff61307f0f2e705e9f9716f85c06458eb17f7,False,84a59b18b9d77acfd78337dcc7e6fd2885b5dc948e5061d8377c0b5b28b35914,D:\工作空间\测井\cross_well_dg\configs\paper_r3_multirep.yaml,20a007d2d2e79d3cb193f475be289849617c632cb3960648ef754dba8e16d680,5bebe90abf4e23ffaf8aaf20db4953bcbf6850267df7c4799e66fe2b05f01ac3,43041111a78dd4726423d9f43fb9a3cc00d7284ebd9c49071c459697b99c0e87,91c87c5b4f834397daa00b01ae727b059675863211f044645de62d451cfb8c46,0.2442001893333397,results\multirep\details\well_id\seed42_lgbm_wellnorm.json,138.27,0.29275053314699445,0.29275053314699445
well_id,protocol1_random_wells,42,lgbm_hybrid_norel,closed_set,closed_set,0.4037101565931573,0.6417480608044774,0.2379581194044933,0.2588455962250867,0.4217246585592777,0.1297953378569963,0.1411885070318654,986098,224305,220839,0,141,141,11,Sandstone|Shale|Sandstone/Shale|Limestone|Chalk|Dolomite|Marl|Anhydrite|Halite|Coal|Tuff,152.56,r3_fullcurve_stats_20260930,hybrid,False,full,full_curve,f4dff61307f0f2e705e9f9716f85c06458eb17f7,False,84a59b18b9d77acfd78337dcc7e6fd2885b5dc948e5061d8377c0b5b28b35914,D:\工作空间\测井\cross_well_dg\configs\paper_r3_multirep.yaml,20a007d2d2e79d3cb193f475be289849617c632cb3960648ef754dba8e16d680,541d91be3eb41014f35c930411cfd23c85379321ea069333a4b0bf8e44def757,43041111a78dd4726423d9f43fb9a3cc00d7284ebd9c49071c459697b99c0e87,91c87c5b4f834397daa00b01ae727b059675863211f044645de62d451cfb8c46,0.2827928704628881,results\multirep\details\well_id\seed42_lgbm_hybrid_norel.json,152.64,0.40371015659315734,0.40371015659315734
well_id,protocol1_random_wells,42,lgbm_hybrid,closed_set,closed_set,0.4113254620635748,0.6571257794139622,0.2168839013953324,0.2616862472958661,0.4324617728753123,0.1183003098519995,0.1427379530704723,986098,224305,220839,0,141,141,11,Sandstone|Shale|Sandstone/Shale|Limestone|Chalk|Dolomite|Marl|Anhydrite|Halite|Coal|Tuff,150.08,r3_fullcurve_stats_20260930,hybrid,True,full,full_curve,f4dff61307f0f2e705e9f9716f85c06458eb17f7,False,84a59b18b9d77acfd78337dcc7e6fd2885b5dc948e5061d8377c0b5b28b35914,D:\工作空间\测井\cross_well_dg\configs\paper_r3_multirep.yaml,20a007d2d2e79d3cb193f475be289849617c632cb3960648ef754dba8e16d680,a9584710f6740238911d842e0e49d5039400bf72c84a40e420357b244e624b41,43041111a78dd4726423d9f43fb9a3cc00d7284ebd9c49071c459697b99c0e87,91c87c5b4f834397daa00b01ae727b059675863211f044645de62d451cfb8c46,0.3140601822778182,results\multirep\details\well_id\seed42_lgbm_hybrid.json,150.18,0.41132546206357473,0.41132546206357473
well_id,protocol1_random_wells,42,lgbm_hybrid_while,closed_set,closed_set,0.4333508881567133,0.6493599409524585,0.2047619295738527,0.2137064421649786,0.4145981288743224,0.1116883252221015,0.1165671502718065,986098,224305,220839,0,141,141,11,Sandstone|Shale|Sandstone/Shale|Limestone|Chalk|Dolomite|Marl|Anhydrite|Halite|Coal|Tuff,191.63,r3_fullcurve_stats_20260930,hybrid,False,causal,full_curve,f4dff61307f0f2e705e9f9716f85c06458eb17f7,False,84a59b18b9d77acfd78337dcc7e6fd2885b5dc948e5061d8377c0b5b28b35914,D:\工作空间\测井\cross_well_dg\configs\paper_r3_multirep.yaml,20a007d2d2e79d3cb193f475be289849617c632cb3960648ef754dba8e16d680,80f751dcf6b86b3652b6c19bb1a93794dc1505ee4ff531e017226f9a7d9ef995,43041111a78dd4726423d9f43fb9a3cc00d7284ebd9c49071c459697b99c0e87,91c87c5b4f834397daa00b01ae727b059675863211f044645de62d451cfb8c46,0.3165094447872871,results\multirep\details\well_id\seed42_lgbm_hybrid_while.json,191.73,0.43335088815671335,0.43335088815671335
well_id,protocol1_random_wells,42,lgbm_hybrid_smooth,closed_set,closed_set,0.4147117988436682,0.6605264468685332,0.2210795334152703,0.2640712708314362,0.4323110527514088,0.1205888364083292,0.1440388749989651,986098,224305,220839,0,141,141,11,Sandstone|Shale|Sandstone/Shale|Limestone|Chalk|Dolomite|Marl|Anhydrite|Halite|Coal|Tuff,162.13,r3_fullcurve_stats_20260930,hybrid,True,full,full_curve,f4dff61307f0f2e705e9f9716f85c06458eb17f7,False,84a59b18b9d77acfd78337dcc7e6fd2885b5dc948e5061d8377c0b5b28b35914,D:\工作空间\测井\cross_well_dg\configs\paper_r3_multirep.yaml,20a007d2d2e79d3cb193f475be289849617c632cb3960648ef754dba8e16d680,a9584710f6740238911d842e0e49d5039400bf72c84a40e420357b244e624b41,43041111a78dd4726423d9f43fb9a3cc00d7284ebd9c49071c459697b99c0e87,91c87c5b4f834397daa00b01ae727b059675863211f044645de62d451cfb8c46,0.3184289184298494,results\multirep\details\well_id\seed42_lgbm_hybrid_smooth.json,162.24,0.4147117988436683,0.4147117988436683
well_id,protocol1_random_wells,43,lgbm_global,closed_set,closed_set,0.4164229636676805,0.567523963177375,0.2518157593207054,0.2792703135279571,0.4154724700096239,0.1265706496043495,0.1382194320261717,987070,244110,200203,0,0,0,12,Sandstone|Shale|Sandstone/Shale|Limestone|Chalk|Dolomite|Marl|Anhydrite|Halite|Coal|Basement|Tuff,121.33,r3_fullcurve_stats_20260930,global,False,full,full_curve,f4dff61307f0f2e705e9f9716f85c06458eb17f7,False,84a59b18b9d77acfd78337dcc7e6fd2885b5dc948e5061d8377c0b5b28b35914,D:\工作空间\测井\cross_well_dg\configs\paper_r3_multirep.yaml,fe9eb3ea720bc6ed24b88d121f06c9e5b26c43400ebd558750fed29a62314cff,9d2c7ad879a80eef284e32d0dadee42e995aeacfcc54dedeef5e09c73767b0b5,43041111a78dd4726423d9f43fb9a3cc00d7284ebd9c49071c459697b99c0e87,91c87c5b4f834397daa00b01ae727b059675863211f044645de62d451cfb8c46,0.3475982654649678,results\multirep\details\well_id\seed43_lgbm_global.json,121.43,0.34070969754628405,0.41642296366768056
well_id,protocol1_random_wells,43,lgbm_wellnorm,closed_set,closed_set,0.318233322157166,0.6063595450617623,0.1860888016748502,0.2394482087693339,0.3658806138334541,0.0930444008374251,0.1053680616457429,987070,244110,200203,0,0,0,12,Sandstone|Shale|Sandstone/Shale|Limestone|Chalk|Dolomite|Marl|Anhydrite|Halite|Coal|Basement|Tuff,219.55,r3_fullcurve_stats_20260930,wellnorm,True,full,full_curve,f4dff61307f0f2e705e9f9716f85c06458eb17f7,False,84a59b18b9d77acfd78337dcc7e6fd2885b5dc948e5061d8377c0b5b28b35914,D:\工作空间\测井\cross_well_dg\configs\paper_r3_multirep.yaml,fe9eb3ea720bc6ed24b88d121f06c9e5b26c43400ebd558750fed29a62314cff,5bebe90abf4e23ffaf8aaf20db4953bcbf6850267df7c4799e66fe2b05f01ac3,43041111a78dd4726423d9f43fb9a3cc00d7284ebd9c49071c459697b99c0e87,91c87c5b4f834397daa00b01ae727b059675863211f044645de62d451cfb8c46,0.3660224422379539,results\multirep\details\well_id\seed43_lgbm_wellnorm.json,219.63,0.2603727181285903,0.31823332215716604
well_id,protocol1_random_wells,43,lgbm_hybrid_norel,closed_set,closed_set,0.4605834108347088,0.6304351083650095,0.268973606802427,0.2734078927807375,0.4262278283316112,0.1344868034012135,0.1415051632909538,987070,244110,200203,0,0,0,12,Sandstone|Shale|Sandstone/Shale|Limestone|Chalk|Dolomite|Marl|Anhydrite|Halite|Coal|Basement|Tuff,237.47,r3_fullcurve_stats_20260930,hybrid,False,full,full_curve,f4dff61307f0f2e705e9f9716f85c06458eb17f7,False,84a59b18b9d77acfd78337dcc7e6fd2885b5dc948e5061d8377c0b5b28b35914,D:\工作空间\测井\cross_well_dg\configs\paper_r3_multirep.yaml,fe9eb3ea720bc6ed24b88d121f06c9e5b26c43400ebd558750fed29a62314cff,541d91be3eb41014f35c930411cfd23c85379321ea069333a4b0bf8e44def757,43041111a78dd4726423d9f43fb9a3cc00d7284ebd9c49071c459697b99c0e87,91c87c5b4f834397daa00b01ae727b059675863211f044645de62d451cfb8c46,0.3297132717779749,results\multirep\details\well_id\seed43_lgbm_hybrid_norel.json,237.55,0.3768409725011254,0.46058341083470883
well_id,protocol1_random_wells,43,lgbm_hybrid,closed_set,closed_set,0.4670251461016934,0.6497505032392122,0.2518929488230738,0.2949248097582655,0.4310381590442558,0.1259464744115369,0.1348704559045683,987070,244110,200203,0,0,0,12,Sandstone|Shale|Sandstone/Shale|Limestone|Chalk|Dolomite|Marl|Anhydrite|Halite|Coal|Basement|Tuff,225.06,r3_fullcurve_stats_20260930,hybrid,True,full,full_curve,f4dff61307f0f2e705e9f9716f85c06458eb17f7,False,84a59b18b9d77acfd78337dcc7e6fd2885b5dc948e5061d8377c0b5b28b35914,D:\工作空间\测井\cross_well_dg\configs\paper_r3_multirep.yaml,fe9eb3ea720bc6ed24b88d121f06c9e5b26c43400ebd558750fed29a62314cff,a9584710f6740238911d842e0e49d5039400bf72c84a40e420357b244e624b41,43041111a78dd4726423d9f43fb9a3cc00d7284ebd9c49071c459697b99c0e87,91c87c5b4f834397daa00b01ae727b059675863211f044645de62d451cfb8c46,0.4056861484393469,results\multirep\details\well_id\seed43_lgbm_hybrid.json,225.15,0.38211148317411275,0.4670251461016934
well_id,protocol1_random_wells,43,lgbm_hybrid_while,closed_set,closed_set,0.4607801309197046,0.6314740538353572,0.2588093444362162,0.2852069305904574,0.4328459582291519,0.1294046722181081,0.1414569767947361,987070,244110,200203,0,0,0,12,Sandstone|Shale|Sandstone/Shale|Limestone|Chalk|Dolomite|Marl|Anhydrite|Halite|Coal|Basement|Tuff,267.61,r3_fullcurve_stats_20260930,hybrid,False,causal,full_curve,f4dff61307f0f2e705e9f9716f85c06458eb17f7,False,84a59b18b9d77acfd78337dcc7e6fd2885b5dc948e5061d8377c0b5b28b35914,D:\工作空间\测井\cross_well_dg\configs\paper_r3_multirep.yaml,fe9eb3ea720bc6ed24b88d121f06c9e5b26c43400ebd558750fed29a62314cff,80f751dcf6b86b3652b6c19bb1a93794dc1505ee4ff531e017226f9a7d9ef995,43041111a78dd4726423d9f43fb9a3cc00d7284ebd9c49071c459697b99c0e87,91c87c5b4f834397daa00b01ae727b059675863211f044645de62d451cfb8c46,0.3643567351027834,results\multirep\details\well_id\seed43_lgbm_hybrid_while.json,267.71,0.37700192529794024,0.46078013091970477
well_id,protocol1_random_wells,43,lgbm_hybrid_smooth,closed_set,closed_set,0.4723211528397024,0.653831361168414,0.2479995207373949,0.2938186922812519,0.4288621520871311,0.1239997603686974,0.1330752804620789,987070,244110,200203,0,0,0,12,Sandstone|Shale|Sandstone/Shale|Limestone|Chalk|Dolomite|Marl|Anhydrite|Halite|Coal|Basement|Tuff,249.0,r3_fullcurve_stats_20260930,hybrid,True,full,full_curve,f4dff61307f0f2e705e9f9716f85c06458eb17f7,False,84a59b18b9d77acfd78337dcc7e6fd2885b5dc948e5061d8377c0b5b28b35914,D:\工作空间\测井\cross_well_dg\configs\paper_r3_multirep.yaml,fe9eb3ea720bc6ed24b88d121f06c9e5b26c43400ebd558750fed29a62314cff,a9584710f6740238911d842e0e49d5039400bf72c84a40e420357b244e624b41,43041111a78dd4726423d9f43fb9a3cc00d7284ebd9c49071c459697b99c0e87,91c87c5b4f834397daa00b01ae727b059675863211f044645de62d451cfb8c46,0.4108808132653642,results\multirep\details\well_id\seed43_lgbm_hybrid_smooth.json,249.11,0.3864445795961201,0.4723211528397024
well_id,protocol1_random_wells,45,lgbm_global,closed_set,closed_set,0.2911563174137287,0.5891259503398141,0.2317798513274125,0.246507329286314,0.3899108614702684,0.1053544778760966,0.1182587730512658,1016597,243522,171123,0,141,141,11,Sandstone|Shale|Sandstone/Shale|Limestone|Chalk|Dolomite|Marl|Anhydrite|Halite|Coal|Tuff,202.09,r3_fullcurve_stats_20260930,global,False,full,full_curve,f4dff61307f0f2e705e9f9716f85c06458eb17f7,False,84a59b18b9d77acfd78337dcc7e6fd2885b5dc948e5061d8377c0b5b28b35914,D:\工作空间\测井\cross_well_dg\configs\paper_r3_multirep.yaml,94b1ca50103913fa3cc6b57ed2c97512ac879d8eb16a8c50812c5dba1929340b,9d2c7ad879a80eef284e32d0dadee42e995aeacfcc54dedeef5e09c73767b0b5,43041111a78dd4726423d9f43fb9a3cc00d7284ebd9c49071c459697b99c0e87,91c87c5b4f834397daa00b01ae727b059675863211f044645de62d451cfb8c46,0.3344957282432795,results\multirep\details\well_id\seed45_lgbm_global.json,202.19,0.2382188051566871,0.2911563174137287
well_id,protocol1_random_wells,45,lgbm_wellnorm,closed_set,closed_set,0.305230884641913,0.6367700426009362,0.158213525550448,0.1880486358943792,0.371846028867535,0.0719152388865673,0.0953804593264592,1016597,243522,171123,0,141,141,11,Sandstone|Shale|Sandstone/Shale|Limestone|Chalk|Dolomite|Marl|Anhydrite|Halite|Coal|Tuff,173.5,r3_fullcurve_stats_20260930,wellnorm,True,full,full_curve,f4dff61307f0f2e705e9f9716f85c06458eb17f7,False,84a59b18b9d77acfd78337dcc7e6fd2885b5dc948e5061d8377c0b5b28b35914,D:\工作空间\测井\cross_well_dg\configs\paper_r3_multirep.yaml,94b1ca50103913fa3cc6b57ed2c97512ac879d8eb16a8c50812c5dba1929340b,5bebe90abf4e23ffaf8aaf20db4953bcbf6850267df7c4799e66fe2b05f01ac3,43041111a78dd4726423d9f43fb9a3cc00d7284ebd9c49071c459697b99c0e87,91c87c5b4f834397daa00b01ae727b059675863211f044645de62d451cfb8c46,0.2449694817076627,results\multirep\details\well_id\seed45_lgbm_wellnorm.json,173.61,0.24973436016156517,0.305230884641913
well_id,protocol1_random_wells,45,lgbm_hybrid_norel,closed_set,closed_set,0.3394073046866593,0.6804403849862379,0.1961938592420394,0.2144531550345464,0.4081167818793254,0.1057783867395697,0.1063966095267047,1016597,243522,171123,0,141,141,11,Sandstone|Shale|Sandstone/Shale|Limestone|Chalk|Dolomite|Marl|Anhydrite|Halite|Coal|Tuff,261.55,r3_fullcurve_stats_20260930,hybrid,False,full,full_curve,f4dff61307f0f2e705e9f9716f85c06458eb17f7,False,84a59b18b9d77acfd78337dcc7e6fd2885b5dc948e5061d8377c0b5b28b35914,D:\工作空间\测井\cross_well_dg\configs\paper_r3_multirep.yaml,94b1ca50103913fa3cc6b57ed2c97512ac879d8eb16a8c50812c5dba1929340b,541d91be3eb41014f35c930411cfd23c85379321ea069333a4b0bf8e44def757,43041111a78dd4726423d9f43fb9a3cc00d7284ebd9c49071c459697b99c0e87,91c87c5b4f834397daa00b01ae727b059675863211f044645de62d451cfb8c46,0.3305214298960507,results\multirep\details\well_id\seed45_lgbm_hybrid_norel.json,261.68,0.2776968856527213,0.3394073046866593
well_id,protocol1_random_wells,45,lgbm_hybrid,closed_set,closed_set,0.3484736327880248,0.6921045096217341,0.132074890380952,0.195269056434689,0.418254455626578,0.0600340410822509,0.1005069903106961,1016597,243522,171123,0,141,141,11,Sandstone|Shale|Sandstone/Shale|Limestone|Chalk|Dolomite|Marl|Anhydrite|Halite|Coal|Tuff,210.62,r3_fullcurve_stats_20260930,hybrid,True,full,full_curve,f4dff61307f0f2e705e9f9716f85c06458eb17f7,False,84a59b18b9d77acfd78337dcc7e6fd2885b5dc948e5061d8377c0b5b28b35914,D:\工作空间\测井\cross_well_dg\configs\paper_r3_multirep.yaml,94b1ca50103913fa3cc6b57ed2c97512ac879d8eb16a8c50812c5dba1929340b,a9584710f6740238911d842e0e49d5039400bf72c84a40e420357b244e624b41,43041111a78dd4726423d9f43fb9a3cc00d7284ebd9c49071c459697b99c0e87,91c87c5b4f834397daa00b01ae727b059675863211f044645de62d451cfb8c46,0.2891426836796364,results\multirep\details\well_id\seed45_lgbm_hybrid.json,210.77,0.28511479046292937,0.3484736327880248
well_id,protocol1_random_wells,45,lgbm_hybrid_while,closed_set,closed_set,0.3423161976419491,0.6660472291860241,0.20391400958339,0.2173145298639393,0.423915960865689,0.0926881861742682,0.1092663794901764,1016597,243522,171123,0,141,141,11,Sandstone|Shale|Sandstone/Shale|Limestone|Chalk|Dolomite|Marl|Anhydrite|Halite|Coal|Tuff,198.29,r3_fullcurve_stats_20260930,hybrid,False,causal,full_curve,f4dff61307f0f2e705e9f9716f85c06458eb17f7,False,84a59b18b9d77acfd78337dcc7e6fd2885b5dc948e5061d8377c0b5b28b35914,D:\工作空间\测井\cross_well_dg\configs\paper_r3_multirep.yaml,94b1ca50103913fa3cc6b57ed2c97512ac879d8eb16a8c50812c5dba1929340b,80f751dcf6b86b3652b6c19bb1a93794dc1505ee4ff531e017226f9a7d9ef995,43041111a78dd4726423d9f43fb9a3cc00d7284ebd9c49071c459697b99c0e87,91c87c5b4f834397daa00b01ae727b059675863211f044645de62d451cfb8c46,0.3056102953787294,results\multirep\details\well_id\seed45_lgbm_hybrid_while.json,198.43,0.28007688897977656,0.3423161976419491
well_id,protocol1_random_wells,45,lgbm_hybrid_smooth,closed_set,closed_set,0.3510292466944009,0.6991111656527761,0.1207667324715022,0.1920716673732409,0.4186006093438338,0.0548939693052283,0.0992769670912449,1016597,243522,171123,0,141,141,11,Sandstone|Shale|Sandstone/Shale|Limestone|Chalk|Dolomite|Marl|Anhydrite|Halite|Coal|Tuff,190.24,r3_fullcurve_stats_20260930,hybrid,True,full,full_curve,f4dff61307f0f2e705e9f9716f85c06458eb17f7,False,84a59b18b9d77acfd78337dcc7e6fd2885b5dc948e5061d8377c0b5b28b35914,D:\工作空间\测井\cross_well_dg\configs\paper_r3_multirep.yaml,94b1ca50103913fa3cc6b57ed2c97512ac879d8eb16a8c50812c5dba1929340b,a9584710f6740238911d842e0e49d5039400bf72c84a40e420357b244e624b41,43041111a78dd4726423d9f43fb9a3cc00d7284ebd9c49071c459697b99c0e87,91c87c5b4f834397daa00b01ae727b059675863211f044645de62d451cfb8c46,0.2912551480968814,results\multirep\details\well_id\seed45_lgbm_hybrid_smooth.json,190.34,0.287205747295419,0.35102924669440094
well_id,protocol1_random_wells,101,lgbm_global,closed_set,closed_set,0.3432566489897604,0.5043619258783427,0.2159698113197825,0.2218435776906434,0.3523187353970483,0.0899874213832427,0.1019230467069974,1012755,225594,193034,0,0,0,12,Sandstone|Shale|Sandstone/Shale|Limestone|Chalk|Dolomite|Marl|Anhydrite|Halite|Coal|Basement|Tuff,199.19,r3_fullcurve_stats_20260930,global,False,full,full_curve,f4dff61307f0f2e705e9f9716f85c06458eb17f7,False,84a59b18b9d77acfd78337dcc7e6fd2885b5dc948e5061d8377c0b5b28b35914,D:\工作空间\测井\cross_well_dg\configs\paper_r3_multirep.yaml,fa811076edbf37951d8d042f5c800d0aae924237cf0088f863c53f48e87da6b2,9d2c7ad879a80eef284e32d0dadee42e995aeacfcc54dedeef5e09c73767b0b5,43041111a78dd4726423d9f43fb9a3cc00d7284ebd9c49071c459697b99c0e87,91c87c5b4f834397daa00b01ae727b059675863211f044645de62d451cfb8c46,0.3059399874748948,results\multirep\details\well_id\seed101_lgbm_global.json,199.29,0.28084634917344037,0.3432566489897605
well_id,protocol1_random_wells,101,lgbm_wellnorm,closed_set,closed_set,0.2776603915887427,0.6261850243998467,0.2236416828257583,0.2345647163972614,0.3628164381785179,0.1118208414128791,0.1147790233947353,1012755,225594,193034,0,0,0,12,Sandstone|Shale|Sandstone/Shale|Limestone|Chalk|Dolomite|Marl|Anhydrite|Halite|Coal|Basement|Tuff,237.58,r3_fullcurve_stats_20260930,wellnorm,True,full,full_curve,f4dff61307f0f2e705e9f9716f85c06458eb17f7,False,84a59b18b9d77acfd78337dcc7e6fd2885b5dc948e5061d8377c0b5b28b35914,D:\工作空间\测井\cross_well_dg\configs\paper_r3_multirep.yaml,fa811076edbf37951d8d042f5c800d0aae924237cf0088f863c53f48e87da6b2,5bebe90abf4e23ffaf8aaf20db4953bcbf6850267df7c4799e66fe2b05f01ac3,43041111a78dd4726423d9f43fb9a3cc00d7284ebd9c49071c459697b99c0e87,91c87c5b4f834397daa00b01ae727b059675863211f044645de62d451cfb8c46,0.2872797379337585,results\multirep\details\well_id\seed101_lgbm_wellnorm.json,237.63,0.22717668402715316,0.2776603915887427
well_id,protocol1_random_wells,101,lgbm_hybrid_norel,closed_set,closed_set,0.3884108277211425,0.6335775044810759,0.213404349475917,0.2444077096500749,0.3800860496600169,0.1067021747379584,0.110728393582361,1012755,225594,193034,0,0,0,12,Sandstone|Shale|Sandstone/Shale|Limestone|Chalk|Dolomite|Marl|Anhydrite|Halite|Coal|Basement|Tuff,260.42,r3_fullcurve_stats_20260930,hybrid,False,full,full_curve,f4dff61307f0f2e705e9f9716f85c06458eb17f7,False,84a59b18b9d77acfd78337dcc7e6fd2885b5dc948e5061d8377c0b5b28b35914,D:\工作空间\测井\cross_well_dg\configs\paper_r3_multirep.yaml,fa811076edbf37951d8d042f5c800d0aae924237cf0088f863c53f48e87da6b2,541d91be3eb41014f35c930411cfd23c85379321ea069333a4b0bf8e44def757,43041111a78dd4726423d9f43fb9a3cc00d7284ebd9c49071c459697b99c0e87,91c87c5b4f834397daa00b01ae727b059675863211f044645de62d451cfb8c46,0.3301527032375443,results\multirep\details\well_id\seed101_lgbm_hybrid_norel.json,260.57,0.31779067722638926,0.38841082772114244
well_id,protocol1_random_wells,101,lgbm_hybrid,closed_set,closed_set,0.3878418245722164,0.6470414538371478,0.2586796029771784,0.2755964830391606,0.3904603972060043,0.1218805679588094,0.1256101847236993,1012755,225594,193034,0,0,0,12,Sandstone|Shale|Sandstone/Shale|Limestone|Chalk|Dolomite|Marl|Anhydrite|Halite|Coal|Basement|Tuff,294.87,r3_fullcurve_stats_20260930,hybrid,True,full,full_curve,f4dff61307f0f2e705e9f9716f85c06458eb17f7,False,84a59b18b9d77acfd78337dcc7e6fd2885b5dc948e5061d8377c0b5b28b35914,D:\工作空间\测井\cross_well_dg\configs\paper_r3_multirep.yaml,fa811076edbf37951d8d042f5c800d0aae924237cf0088f863c53f48e87da6b2,a9584710f6740238911d842e0e49d5039400bf72c84a40e420357b244e624b41,43041111a78dd4726423d9f43fb9a3cc00d7284ebd9c49071c459697b99c0e87,91c87c5b4f834397daa00b01ae727b059675863211f044645de62d451cfb8c46,0.3180305080220111,results\multirep\details\well_id\seed101_lgbm_hybrid.json,294.94,0.3173251291954498,0.38784182457221644
well_id,protocol1_random_wells,101,lgbm_hybrid_while,closed_set,closed_set,0.3557812672970624,0.6092553643399609,0.2456547474459089,0.2501024546072005,0.386984505358716,0.1023561447691287,0.1148156128266874,1012755,225594,193034,0,0,0,12,Sandstone|Shale|Sandstone/Shale|Limestone|Chalk|Dolomite|Marl|Anhydrite|Halite|Coal|Basement|Tuff,292.73,r3_fullcurve_stats_20260930,hybrid,False,causal,full_curve,f4dff61307f0f2e705e9f9716f85c06458eb17f7,False,84a59b18b9d77acfd78337dcc7e6fd2885b5dc948e5061d8377c0b5b28b35914,D:\工作空间\测井\cross_well_dg\configs\paper_r3_multirep.yaml,fa811076edbf37951d8d042f5c800d0aae924237cf0088f863c53f48e87da6b2,80f751dcf6b86b3652b6c19bb1a93794dc1505ee4ff531e017226f9a7d9ef995,43041111a78dd4726423d9f43fb9a3cc00d7284ebd9c49071c459697b99c0e87,91c87c5b4f834397daa00b01ae727b059675863211f044645de62d451cfb8c46,0.3390007221486012,results\multirep\details\well_id\seed101_lgbm_hybrid_while.json,292.81,0.291093764152142,0.35578126729706244
well_id,protocol1_random_wells,101,lgbm_hybrid_smooth,closed_set,closed_set,0.3899013595310469,0.6511909818995617,0.2570289205736886,0.2757570481737936,0.3899221949177831,0.1227021565724577,0.125608308429651,1012755,225594,193034,0,0,0,12,Sandstone|Shale|Sandstone/Shale|Limestone|Chalk|Dolomite|Marl|Anhydrite|Halite|Coal|Basement|Tuff,291.83,r3_fullcurve_stats_20260930,hybrid,True,full,full_curve,f4dff61307f0f2e705e9f9716f85c06458eb17f7,False,84a59b18b9d77acfd78337dcc7e6fd2885b5dc948e5061d8377c0b5b28b35914,D:\工作空间\测井\cross_well_dg\configs\paper_r3_multirep.yaml,fa811076edbf37951d8d042f5c800d0aae924237cf0088f863c53f48e87da6b2,a9584710f6740238911d842e0e49d5039400bf72c84a40e420357b244e624b41,43041111a78dd4726423d9f43fb9a3cc00d7284ebd9c49071c459697b99c0e87,91c87c5b4f834397daa00b01ae727b059675863211f044645de62d451cfb8c46,0.3204841279097469,results\multirep\details\well_id\seed101_lgbm_hybrid_smooth.json,291.92,0.31901020325267476,0.3899013595310469
well_id,protocol1_random_wells,107,lgbm_global,closed_set,closed_set,0.4016176347983389,0.604031746031746,0.205589465840485,0.2141398549667625,0.3874791846990342,0.0927876017054333,0.0977911673128379,1037217,205166,189000,0,0,0,12,Sandstone|Shale|Sandstone/Shale|Limestone|Chalk|Dolomite|Marl|Anhydrite|Halite|Coal|Basement|Tuff,180.0,r3_fullcurve_stats_20260930,global,False,full,full_curve,f4dff61307f0f2e705e9f9716f85c06458eb17f7,False,84a59b18b9d77acfd78337dcc7e6fd2885b5dc948e5061d8377c0b5b28b35914,D:\工作空间\测井\cross_well_dg\configs\paper_r3_multirep.yaml,105470f54a664843f28be8ae549e7917aa8194b5e7e242bb47438a7f7929d17d,9d2c7ad879a80eef284e32d0dadee42e995aeacfcc54dedeef5e09c73767b0b5,43041111a78dd4726423d9f43fb9a3cc00d7284ebd9c49071c459697b99c0e87,91c87c5b4f834397daa00b01ae727b059675863211f044645de62d451cfb8c46,0.3718654425726417,results\multirep\details\well_id\seed107_lgbm_global.json,180.07,0.3285962466531864,0.4016176347983389
well_id,protocol1_random_wells,107,lgbm_wellnorm,closed_set,closed_set,0.3207615694738135,0.6511746031746032,0.1888721386916332,0.1904962689943986,0.387407424475216,0.0786967244548472,0.0873784620517146,1037217,205166,189000,0,0,0,12,Sandstone|Shale|Sandstone/Shale|Limestone|Chalk|Dolomite|Marl|Anhydrite|Halite|Coal|Basement|Tuff,203.81,r3_fullcurve_stats_20260930,wellnorm,True,full,full_curve,f4dff61307f0f2e705e9f9716f85c06458eb17f7,False,84a59b18b9d77acfd78337dcc7e6fd2885b5dc948e5061d8377c0b5b28b35914,D:\工作空间\测井\cross_well_dg\configs\paper_r3_multirep.yaml,105470f54a664843f28be8ae549e7917aa8194b5e7e242bb47438a7f7929d17d,5bebe90abf4e23ffaf8aaf20db4953bcbf6850267df7c4799e66fe2b05f01ac3,43041111a78dd4726423d9f43fb9a3cc00d7284ebd9c49071c459697b99c0e87,91c87c5b4f834397daa00b01ae727b059675863211f044645de62d451cfb8c46,0.3018964848745455,results\multirep\details\well_id\seed107_lgbm_wellnorm.json,203.9,0.26244128411493833,0.3207615694738135
well_id,protocol1_random_wells,107,lgbm_hybrid_norel,closed_set,closed_set,0.3518501591014821,0.6788835978835979,0.1318907319283629,0.1728480742398874,0.4087082360165875,0.0879271546189086,0.0885063724243318,1037217,205166,189000,0,0,0,12,Sandstone|Shale|Sandstone/Shale|Limestone|Chalk|Dolomite|Marl|Anhydrite|Halite|Coal|Basement|Tuff,301.08,r3_fullcurve_stats_20260930,hybrid,False,full,full_curve,f4dff61307f0f2e705e9f9716f85c06458eb17f7,False,84a59b18b9d77acfd78337dcc7e6fd2885b5dc948e5061d8377c0b5b28b35914,D:\工作空间\测井\cross_well_dg\configs\paper_r3_multirep.yaml,105470f54a664843f28be8ae549e7917aa8194b5e7e242bb47438a7f7929d17d,541d91be3eb41014f35c930411cfd23c85379321ea069333a4b0bf8e44def757,43041111a78dd4726423d9f43fb9a3cc00d7284ebd9c49071c459697b99c0e87,91c87c5b4f834397daa00b01ae727b059675863211f044645de62d451cfb8c46,0.3496110184788463,results\multirep\details\well_id\seed107_lgbm_hybrid_norel.json,301.15,0.28787740290121266,0.3518501591014822
well_id,protocol1_random_wells,107,lgbm_hybrid,closed_set,closed_set,0.3625885652033945,0.6966243386243386,0.1103773899974952,0.1330372763193915,0.4149741347514815,0.045990579165623,0.0668947053763355,1037217,205166,189000,0,0,0,12,Sandstone|Shale|Sandstone/Shale|Limestone|Chalk|Dolomite|Marl|Anhydrite|Halite|Coal|Basement|Tuff,257.2,r3_fullcurve_stats_20260930,hybrid,True,full,full_curve,f4dff61307f0f2e705e9f9716f85c06458eb17f7,False,84a59b18b9d77acfd78337dcc7e6fd2885b5dc948e5061d8377c0b5b28b35914,D:\工作空间\测井\cross_well_dg\configs\paper_r3_multirep.yaml,105470f54a664843f28be8ae549e7917aa8194b5e7e242bb47438a7f7929d17d,a9584710f6740238911d842e0e49d5039400bf72c84a40e420357b244e624b41,43041111a78dd4726423d9f43fb9a3cc00d7284ebd9c49071c459697b99c0e87,91c87c5b4f834397daa00b01ae727b059675863211f044645de62d451cfb8c46,0.3740291939494384,results\multirep\details\well_id\seed107_lgbm_hybrid.json,257.29,0.29666337153005,0.3625885652033945
well_id,protocol1_random_wells,107,lgbm_hybrid_while,closed_set,closed_set,0.4612159870252957,0.6644814814814815,0.1503737047740859,0.1829209801793973,0.4137062711181434,0.0751868523870429,0.0824826461070024,1037217,205166,189000,0,0,0,12,Sandstone|Shale|Sandstone/Shale|Limestone|Chalk|Dolomite|Marl|Anhydrite|Halite|Coal|Basement|Tuff,342.92,r3_fullcurve_stats_20260930,hybrid,False,causal,full_curve,f4dff61307f0f2e705e9f9716f85c06458eb17f7,False,84a59b18b9d77acfd78337dcc7e6fd2885b5dc948e5061d8377c0b5b28b35914,D:\工作空间\测井\cross_well_dg\configs\paper_r3_multirep.yaml,105470f54a664843f28be8ae549e7917aa8194b5e7e242bb47438a7f7929d17d,80f751dcf6b86b3652b6c19bb1a93794dc1505ee4ff531e017226f9a7d9ef995,43041111a78dd4726423d9f43fb9a3cc00d7284ebd9c49071c459697b99c0e87,91c87c5b4f834397daa00b01ae727b059675863211f044645de62d451cfb8c46,0.4640579609559815,results\multirep\details\well_id\seed107_lgbm_hybrid_while.json,343.01,0.3773585348388783,0.4612159870252957
well_id,protocol1_random_wells,107,lgbm_hybrid_smooth,closed_set,closed_set,0.3648393969903279,0.7024126984126984,0.1123966351929389,0.1318923451598192,0.4116235993956781,0.0468319313303912,0.0671508642345893,1037217,205166,189000,0,0,0,12,Sandstone|Shale|Sandstone/Shale|Limestone|Chalk|Dolomite|Marl|Anhydrite|Halite|Coal|Basement|Tuff,266.26,r3_fullcurve_stats_20260930,hybrid,True,full,full_curve,f4dff61307f0f2e705e9f9716f85c06458eb17f7,False,84a59b18b9d77acfd78337dcc7e6fd2885b5dc948e5061d8377c0b5b28b35914,D:\工作空间\测井\cross_well_dg\configs\paper_r3_multirep.yaml,105470f54a664843f28be8ae549e7917aa8194b5e7e242bb47438a7f7929d17d,a9584710f6740238911d842e0e49d5039400bf72c84a40e420357b244e624b41,43041111a78dd4726423d9f43fb9a3cc00d7284ebd9c49071c459697b99c0e87,91c87c5b4f834397daa00b01ae727b059675863211f044645de62d451cfb8c46,0.3780826631446175,results\multirep\details\well_id\seed107_lgbm_hybrid_smooth.json,266.32,0.2985049611739047,0.3648393969903279
well_id,protocol1_random_wells,113,lgbm_global,closed_set,closed_set,0.3177223624083807,0.5923526096268741,0.1140847798131536,0.179503743456667,0.3862839402057905,0.0612306767750451,0.0733971308174551,1010325,199283,221775,0,0,0,12,Sandstone|Shale|Sandstone/Shale|Limestone|Chalk|Dolomite|Marl|Anhydrite|Halite|Coal|Basement|Tuff,139.72,r3_fullcurve_stats_20260930,global,False,full,full_curve,f4dff61307f0f2e705e9f9716f85c06458eb17f7,False,84a59b18b9d77acfd78337dcc7e6fd2885b5dc948e5061d8377c0b5b28b35914,D:\工作空间\测井\cross_well_dg\configs\paper_r3_multirep.yaml,ad27bc4a4c2030f6b685d649e8202a3c319953151b820708273591300df27f2d,9d2c7ad879a80eef284e32d0dadee42e995aeacfcc54dedeef5e09c73767b0b5,43041111a78dd4726423d9f43fb9a3cc00d7284ebd9c49071c459697b99c0e87,91c87c5b4f834397daa00b01ae727b059675863211f044645de62d451cfb8c46,0.3557031449459379,results\multirep\details\well_id\seed113_lgbm_global.json,139.8,0.3177223624083807,0.3177223624083807
well_id,protocol1_random_wells,113,lgbm_wellnorm,closed_set,closed_set,0.2763661691265454,0.6705264344493292,0.112900041505881,0.1543306025588064,0.3949795535825096,0.0652537212039106,0.0749643761666606,1010325,199283,221775,0,0,0,12,Sandstone|Shale|Sandstone/Shale|Limestone|Chalk|Dolomite|Marl|Anhydrite|Halite|Coal|Basement|Tuff,166.66,r3_fullcurve_stats_20260930,wellnorm,True,full,full_curve,f4dff61307f0f2e705e9f9716f85c06458eb17f7,False,84a59b18b9d77acfd78337dcc7e6fd2885b5dc948e5061d8377c0b5b28b35914,D:\工作空间\测井\cross_well_dg\configs\paper_r3_multirep.yaml,ad27bc4a4c2030f6b685d649e8202a3c319953151b820708273591300df27f2d,5bebe90abf4e23ffaf8aaf20db4953bcbf6850267df7c4799e66fe2b05f01ac3,43041111a78dd4726423d9f43fb9a3cc00d7284ebd9c49071c459697b99c0e87,91c87c5b4f834397daa00b01ae727b059675863211f044645de62d451cfb8c46,0.3069932339360561,results\multirep\details\well_id\seed113_lgbm_wellnorm.json,166.76,0.2763661691265455,0.2763661691265455
well_id,protocol1_random_wells,113,lgbm_hybrid_norel,closed_set,closed_set,0.35755560707159,0.6816458121970466,0.1711354617463294,0.2024143943272537,0.422883083819937,0.0778977756360593,0.0816864049962091,1010325,199283,221775,0,0,0,12,Sandstone|Shale|Sandstone/Shale|Limestone|Chalk|Dolomite|Marl|Anhydrite|Halite|Coal|Basement|Tuff,169.26,r3_fullcurve_stats_20260930,hybrid,False,full,full_curve,f4dff61307f0f2e705e9f9716f85c06458eb17f7,False,84a59b18b9d77acfd78337dcc7e6fd2885b5dc948e5061d8377c0b5b28b35914,D:\工作空间\测井\cross_well_dg\configs\paper_r3_multirep.yaml,ad27bc4a4c2030f6b685d649e8202a3c319953151b820708273591300df27f2d,541d91be3eb41014f35c930411cfd23c85379321ea069333a4b0bf8e44def757,43041111a78dd4726423d9f43fb9a3cc00d7284ebd9c49071c459697b99c0e87,91c87c5b4f834397daa00b01ae727b059675863211f044645de62d451cfb8c46,0.3488343286079916,results\multirep\details\well_id\seed113_lgbm_hybrid_norel.json,169.32,0.35755560707159,0.35755560707159
well_id,protocol1_random_wells,113,lgbm_hybrid,closed_set,closed_set,0.3655178257326337,0.6837560590688762,0.1531492666731227,0.2170511237631052,0.4267809710480312,0.0745836570014875,0.084756789766969,1010325,199283,221775,0,0,0,12,Sandstone|Shale|Sandstone/Shale|Limestone|Chalk|Dolomite|Marl|Anhydrite|Halite|Coal|Basement|Tuff,237.86,r3_fullcurve_stats_20260930,hybrid,True,full,full_curve,f4dff61307f0f2e705e9f9716f85c06458eb17f7,False,84a59b18b9d77acfd78337dcc7e6fd2885b5dc948e5061d8377c0b5b28b35914,D:\工作空间\测井\cross_well_dg\configs\paper_r3_multirep.yaml,ad27bc4a4c2030f6b685d649e8202a3c319953151b820708273591300df27f2d,a9584710f6740238911d842e0e49d5039400bf72c84a40e420357b244e624b41,43041111a78dd4726423d9f43fb9a3cc00d7284ebd9c49071c459697b99c0e87,91c87c5b4f834397daa00b01ae727b059675863211f044645de62d451cfb8c46,0.3619042469944752,results\multirep\details\well_id\seed113_lgbm_hybrid.json,237.99,0.3655178257326337,0.3655178257326337
well_id,protocol1_random_wells,113,lgbm_hybrid_while,closed_set,closed_set,0.3433871707407383,0.6691015669033931,0.2054381187013197,0.2308645890535393,0.4294660151967779,0.0732586146542833,0.0994272961923323,1010325,199283,221775,0,0,0,12,Sandstone|Shale|Sandstone/Shale|Limestone|Chalk|Dolomite|Marl|Anhydrite|Halite|Coal|Basement|Tuff,280.83,r3_fullcurve_stats_20260930,hybrid,False,causal,full_curve,f4dff61307f0f2e705e9f9716f85c06458eb17f7,False,84a59b18b9d77acfd78337dcc7e6fd2885b5dc948e5061d8377c0b5b28b35914,D:\工作空间\测井\cross_well_dg\configs\paper_r3_multirep.yaml,ad27bc4a4c2030f6b685d649e8202a3c319953151b820708273591300df27f2d,80f751dcf6b86b3652b6c19bb1a93794dc1505ee4ff531e017226f9a7d9ef995,43041111a78dd4726423d9f43fb9a3cc00d7284ebd9c49071c459697b99c0e87,91c87c5b4f834397daa00b01ae727b059675863211f044645de62d451cfb8c46,0.3671320303948583,results\multirep\details\well_id\seed113_lgbm_hybrid_while.json,280.95,0.3433871707407383,0.3433871707407383
well_id,protocol1_random_wells,113,lgbm_hybrid_smooth,closed_set,closed_set,0.3686178859981039,0.688211024687183,0.1489597099358673,0.2149273189617848,0.4247162197715173,0.0735528007723436,0.0835922217174555,1010325,199283,221775,0,0,0,12,Sandstone|Shale|Sandstone/Shale|Limestone|Chalk|Dolomite|Marl|Anhydrite|Halite|Coal|Basement|Tuff,295.94,r3_fullcurve_stats_20260930,hybrid,True,full,full_curve,f4dff61307f0f2e705e9f9716f85c06458eb17f7,False,84a59b18b9d77acfd78337dcc7e6fd2885b5dc948e5061d8377c0b5b28b35914,D:\工作空间\测井\cross_well_dg\configs\paper_r3_multirep.yaml,ad27bc4a4c2030f6b685d649e8202a3c319953151b820708273591300df27f2d,a9584710f6740238911d842e0e49d5039400bf72c84a40e420357b244e624b41,43041111a78dd4726423d9f43fb9a3cc00d7284ebd9c49071c459697b99c0e87,91c87c5b4f834397daa00b01ae727b059675863211f044645de62d451cfb8c46,0.3652208333295542,results\multirep\details\well_id\seed113_lgbm_hybrid_smooth.json,296.02,0.36861788599810397,0.36861788599810397
well_id,protocol1_random_wells,131,lgbm_global,closed_set,closed_set,0.3012165444976924,0.5093585266576214,0.1563455903689896,0.1890106856838235,0.36690750357884,0.065143995987079,0.0670224492134908,1078737,172810,179836,0,0,0,12,Sandstone|Shale|Sandstone/Shale|Limestone|Chalk|Dolomite|Marl|Anhydrite|Halite|Coal|Basement|Tuff,180.94,r3_fullcurve_stats_20260930,global,False,full,full_curve,f4dff61307f0f2e705e9f9716f85c06458eb17f7,False,84a59b18b9d77acfd78337dcc7e6fd2885b5dc948e5061d8377c0b5b28b35914,D:\工作空间\测井\cross_well_dg\configs\paper_r3_multirep.yaml,5973af28afea2f10e4989d4c3262685613aa02fc1126a0dfdb6858b267f48892,9d2c7ad879a80eef284e32d0dadee42e995aeacfcc54dedeef5e09c73767b0b5,43041111a78dd4726423d9f43fb9a3cc00d7284ebd9c49071c459697b99c0e87,91c87c5b4f834397daa00b01ae727b059675863211f044645de62d451cfb8c46,0.2758496489619242,results\multirep\details\well_id\seed131_lgbm_global.json,181.02,0.2464499000435665,0.3012165444976924
well_id,protocol1_random_wells,131,lgbm_wellnorm,closed_set,closed_set,0.2997588957832535,0.5867679441268712,0.2127189833429064,0.2256461505677048,0.3761192170969714,0.088632909726211,0.0940192294032103,1078737,172810,179836,0,0,0,12,Sandstone|Shale|Sandstone/Shale|Limestone|Chalk|Dolomite|Marl|Anhydrite|Halite|Coal|Basement|Tuff,323.53,r3_fullcurve_stats_20260930,wellnorm,True,full,full_curve,f4dff61307f0f2e705e9f9716f85c06458eb17f7,False,84a59b18b9d77acfd78337dcc7e6fd2885b5dc948e5061d8377c0b5b28b35914,D:\工作空间\测井\cross_well_dg\configs\paper_r3_multirep.yaml,5973af28afea2f10e4989d4c3262685613aa02fc1126a0dfdb6858b267f48892,5bebe90abf4e23ffaf8aaf20db4953bcbf6850267df7c4799e66fe2b05f01ac3,43041111a78dd4726423d9f43fb9a3cc00d7284ebd9c49071c459697b99c0e87,91c87c5b4f834397daa00b01ae727b059675863211f044645de62d451cfb8c46,0.2682002865167331,results\multirep\details\well_id\seed131_lgbm_wellnorm.json,323.61,0.2452572783681166,0.2997588957832536
well_id,protocol1_random_wells,131,lgbm_hybrid_norel,closed_set,closed_set,0.3362624761277834,0.5922840810516248,0.1340157474423193,0.1960352907485767,0.3926104908515824,0.055839894767633,0.0749355770403006,1078737,172810,179836,0,0,0,12,Sandstone|Shale|Sandstone/Shale|Limestone|Chalk|Dolomite|Marl|Anhydrite|Halite|Coal|Basement|Tuff,297.48,r3_fullcurve_stats_20260930,hybrid,False,full,full_curve,f4dff61307f0f2e705e9f9716f85c06458eb17f7,False,84a59b18b9d77acfd78337dcc7e6fd2885b5dc948e5061d8377c0b5b28b35914,D:\工作空间\测井\cross_well_dg\configs\paper_r3_multirep.yaml,5973af28afea2f10e4989d4c3262685613aa02fc1126a0dfdb6858b267f48892,541d91be3eb41014f35c930411cfd23c85379321ea069333a4b0bf8e44def757,43041111a78dd4726423d9f43fb9a3cc00d7284ebd9c49071c459697b99c0e87,91c87c5b4f834397daa00b01ae727b059675863211f044645de62d451cfb8c46,0.2944433621367233,results\multirep\details\well_id\seed131_lgbm_hybrid_norel.json,297.61,0.2751238441045501,0.3362624761277835
well_id,protocol1_random_wells,131,lgbm_hybrid,closed_set,closed_set,0.3414629939452746,0.6045841766943215,0.1128133153696064,0.1366140492653084,0.4001963984724228,0.0470055480706693,0.0569225205272118,1078737,172810,179836,0,0,0,12,Sandstone|Shale|Sandstone/Shale|Limestone|Chalk|Dolomite|Marl|Anhydrite|Halite|Coal|Basement|Tuff,295.15,r3_fullcurve_stats_20260930,hybrid,True,full,full_curve,f4dff61307f0f2e705e9f9716f85c06458eb17f7,False,84a59b18b9d77acfd78337dcc7e6fd2885b5dc948e5061d8377c0b5b28b35914,D:\工作空间\测井\cross_well_dg\configs\paper_r3_multirep.yaml,5973af28afea2f10e4989d4c3262685613aa02fc1126a0dfdb6858b267f48892,a9584710f6740238911d842e0e49d5039400bf72c84a40e420357b244e624b41,43041111a78dd4726423d9f43fb9a3cc00d7284ebd9c49071c459697b99c0e87,91c87c5b4f834397daa00b01ae727b059675863211f044645de62d451cfb8c46,0.3147745503281312,results\multirep\details\well_id\seed131_lgbm_hybrid.json,295.26,0.279378813227952,0.3414629939452746
well_id,protocol1_random_wells,131,lgbm_hybrid_while,closed_set,closed_set,0.3592865723246637,0.5999632998954603,0.166263364189809,0.1771255697647227,0.4027779122443927,0.0692764017457537,0.0738023207353011,1078737,172810,179836,0,0,0,12,Sandstone|Shale|Sandstone/Shale|Limestone|Chalk|Dolomite|Marl|Anhydrite|Halite|Coal|Basement|Tuff,304.82,r3_fullcurve_stats_20260930,hybrid,False,causal,full_curve,f4dff61307f0f2e705e9f9716f85c06458eb17f7,False,84a59b18b9d77acfd78337dcc7e6fd2885b5dc948e5061d8377c0b5b28b35914,D:\工作空间\测井\cross_well_dg\configs\paper_r3_multirep.yaml,5973af28afea2f10e4989d4c3262685613aa02fc1126a0dfdb6858b267f48892,80f751dcf6b86b3652b6c19bb1a93794dc1505ee4ff531e017226f9a7d9ef995,43041111a78dd4726423d9f43fb9a3cc00d7284ebd9c49071c459697b99c0e87,91c87c5b4f834397daa00b01ae727b059675863211f044645de62d451cfb8c46,0.313037521157572,results\multirep\details\well_id\seed131_lgbm_hybrid_while.json,304.94,0.2939617409929067,0.3592865723246637
well_id,protocol1_random_wells,131,lgbm_hybrid_smooth,closed_set,closed_set,0.3421016278856936,0.610478435908272,0.1150787819079575,0.135876541410207,0.4004703145058675,0.0479494924616489,0.0566152255875862,1078737,172810,179836,0,0,0,12,Sandstone|Shale|Sandstone/Shale|Limestone|Chalk|Dolomite|Marl|Anhydrite|Halite|Coal|Basement|Tuff,213.9,r3_fullcurve_stats_20260930,hybrid,True,full,full_curve,f4dff61307f0f2e705e9f9716f85c06458eb17f7,False,84a59b18b9d77acfd78337dcc7e6fd2885b5dc948e5061d8377c0b5b28b35914,D:\工作空间\测井\cross_well_dg\configs\paper_r3_multirep.yaml,5973af28afea2f10e4989d4c3262685613aa02fc1126a0dfdb6858b267f48892,a9584710f6740238911d842e0e49d5039400bf72c84a40e420357b244e624b41,43041111a78dd4726423d9f43fb9a3cc00d7284ebd9c49071c459697b99c0e87,91c87c5b4f834397daa00b01ae727b059675863211f044645de62d451cfb8c46,0.3150042974776143,results\multirep\details\well_id\seed131_lgbm_hybrid_smooth.json,213.95,0.27990133190647665,0.34210162788569365
well_id,protocol1_random_wells,139,lgbm_global,closed_set,closed_set,0.289515701311871,0.6170521122417515,0.2397035280433851,0.2477284754639784,0.3797675652204049,0.0799011760144617,0.0932325511081832,1023778,245455,162150,0,0,0,12,Sandstone|Shale|Sandstone/Shale|Limestone|Chalk|Dolomite|Marl|Anhydrite|Halite|Coal|Basement|Tuff,123.02,r3_fullcurve_stats_20260930,global,False,full,full_curve,f4dff61307f0f2e705e9f9716f85c06458eb17f7,False,84a59b18b9d77acfd78337dcc7e6fd2885b5dc948e5061d8377c0b5b28b35914,D:\工作空间\测井\cross_well_dg\configs\paper_r3_multirep.yaml,decf741e89d29914d0691bccb52c280af2fc9d434288180837fc259a957698dd,9d2c7ad879a80eef284e32d0dadee42e995aeacfcc54dedeef5e09c73767b0b5,43041111a78dd4726423d9f43fb9a3cc00d7284ebd9c49071c459697b99c0e87,91c87c5b4f834397daa00b01ae727b059675863211f044645de62d451cfb8c46,0.3219687362622117,results\multirep\details\well_id\seed139_lgbm_global.json,123.11,0.2631960921017009,0.28951570131187104
well_id,protocol1_random_wells,139,lgbm_wellnorm,closed_set,closed_set,0.3316747876289077,0.6648905334566759,0.2338221398350582,0.2505096658034729,0.4218727027667687,0.0779407132783527,0.0946364382583196,1023778,245455,162150,0,0,0,12,Sandstone|Shale|Sandstone/Shale|Limestone|Chalk|Dolomite|Marl|Anhydrite|Halite|Coal|Basement|Tuff,119.0,r3_fullcurve_stats_20260930,wellnorm,True,full,full_curve,f4dff61307f0f2e705e9f9716f85c06458eb17f7,False,84a59b18b9d77acfd78337dcc7e6fd2885b5dc948e5061d8377c0b5b28b35914,D:\工作空间\测井\cross_well_dg\configs\paper_r3_multirep.yaml,decf741e89d29914d0691bccb52c280af2fc9d434288180837fc259a957698dd,5bebe90abf4e23ffaf8aaf20db4953bcbf6850267df7c4799e66fe2b05f01ac3,43041111a78dd4726423d9f43fb9a3cc00d7284ebd9c49071c459697b99c0e87,91c87c5b4f834397daa00b01ae727b059675863211f044645de62d451cfb8c46,0.2758793758866616,results\multirep\details\well_id\seed139_lgbm_wellnorm.json,119.04,0.3015225342080978,0.33167478762890773
well_id,protocol1_random_wells,139,lgbm_hybrid_norel,closed_set,closed_set,0.3425780815852163,0.7139007092198582,0.2960703960022207,0.3002122529995082,0.4380889337267373,0.1268142124986649,0.1359881285742088,1023778,245455,162150,0,0,0,12,Sandstone|Shale|Sandstone/Shale|Limestone|Chalk|Dolomite|Marl|Anhydrite|Halite|Coal|Basement|Tuff,205.54,r3_fullcurve_stats_20260930,hybrid,False,full,full_curve,f4dff61307f0f2e705e9f9716f85c06458eb17f7,False,84a59b18b9d77acfd78337dcc7e6fd2885b5dc948e5061d8377c0b5b28b35914,D:\工作空间\测井\cross_well_dg\configs\paper_r3_multirep.yaml,decf741e89d29914d0691bccb52c280af2fc9d434288180837fc259a957698dd,541d91be3eb41014f35c930411cfd23c85379321ea069333a4b0bf8e44def757,43041111a78dd4726423d9f43fb9a3cc00d7284ebd9c49071c459697b99c0e87,91c87c5b4f834397daa00b01ae727b059675863211f044645de62d451cfb8c46,0.4070562485181765,results\multirep\details\well_id\seed139_lgbm_hybrid_norel.json,205.59,0.3114346196229239,0.3425780815852163
well_id,protocol1_random_wells,139,lgbm_hybrid,closed_set,closed_set,0.3406967928715497,0.7123095898859081,0.3081133998733279,0.316756011060718,0.4634167925410133,0.1283805832805533,0.1455399472023036,1023778,245455,162150,0,0,0,12,Sandstone|Shale|Sandstone/Shale|Limestone|Chalk|Dolomite|Marl|Anhydrite|Halite|Coal|Basement|Tuff,167.66,r3_fullcurve_stats_20260930,hybrid,True,full,full_curve,f4dff61307f0f2e705e9f9716f85c06458eb17f7,False,84a59b18b9d77acfd78337dcc7e6fd2885b5dc948e5061d8377c0b5b28b35914,D:\工作空间\测井\cross_well_dg\configs\paper_r3_multirep.yaml,decf741e89d29914d0691bccb52c280af2fc9d434288180837fc259a957698dd,a9584710f6740238911d842e0e49d5039400bf72c84a40e420357b244e624b41,43041111a78dd4726423d9f43fb9a3cc00d7284ebd9c49071c459697b99c0e87,91c87c5b4f834397daa00b01ae727b059675863211f044645de62d451cfb8c46,0.4139267845157123,results\multirep\details\well_id\seed139_lgbm_hybrid.json,167.71,0.30972435715595437,0.3406967928715498
well_id,protocol1_random_wells,139,lgbm_hybrid_while,closed_set,closed_set,0.3378897168014062,0.7087758248535306,0.305748081153552,0.319776802180935,0.4490900739689566,0.12739503381398,0.1452274458133451,1023778,245455,162150,0,0,0,12,Sandstone|Shale|Sandstone/Shale|Limestone|Chalk|Dolomite|Marl|Anhydrite|Halite|Coal|Basement|Tuff,212.9,r3_fullcurve_stats_20260930,hybrid,False,causal,full_curve,f4dff61307f0f2e705e9f9716f85c06458eb17f7,False,84a59b18b9d77acfd78337dcc7e6fd2885b5dc948e5061d8377c0b5b28b35914,D:\工作空间\测井\cross_well_dg\configs\paper_r3_multirep.yaml,decf741e89d29914d0691bccb52c280af2fc9d434288180837fc259a957698dd,80f751dcf6b86b3652b6c19bb1a93794dc1505ee4ff531e017226f9a7d9ef995,43041111a78dd4726423d9f43fb9a3cc00d7284ebd9c49071c459697b99c0e87,91c87c5b4f834397daa00b01ae727b059675863211f044645de62d451cfb8c46,0.402952660403923,results\multirep\details\well_id\seed139_lgbm_hybrid_while.json,212.96,0.3071724698194602,0.3378897168014062
well_id,protocol1_random_wells,139,lgbm_hybrid_smooth,closed_set,closed_set,0.3438366838277091,0.7180881899475794,0.307547824399954,0.3159400883020958,0.4655382194829218,0.1281449268333141,0.1451555514677165,1023778,245455,162150,0,0,0,12,Sandstone|Shale|Sandstone/Shale|Limestone|Chalk|Dolomite|Marl|Anhydrite|Halite|Coal|Basement|Tuff,172.9,r3_fullcurve_stats_20260930,hybrid,True,full,full_curve,f4dff61307f0f2e705e9f9716f85c06458eb17f7,False,84a59b18b9d77acfd78337dcc7e6fd2885b5dc948e5061d8377c0b5b28b35914,D:\工作空间\测井\cross_well_dg\configs\paper_r3_multirep.yaml,decf741e89d29914d0691bccb52c280af2fc9d434288180837fc259a957698dd,a9584710f6740238911d842e0e49d5039400bf72c84a40e420357b244e624b41,43041111a78dd4726423d9f43fb9a3cc00d7284ebd9c49071c459697b99c0e87,91c87c5b4f834397daa00b01ae727b059675863211f044645de62d451cfb8c46,0.4147121348870103,results\multirep\details\well_id\seed139_lgbm_hybrid_smooth.json,172.96,0.3125788034797356,0.34383668382770916
well_id,protocol1_random_wells,149,lgbm_global,closed_set,closed_set,0.2897629207842228,0.5350121138560789,0.1472229255756193,0.1766930286252234,0.390504765009134,0.0803034139503378,0.1091859820045256,994562,224939,211741,0,141,141,11,Sandstone|Shale|Sandstone/Shale|Limestone|Chalk|Dolomite|Marl|Anhydrite|Halite|Coal|Tuff,96.89,r3_fullcurve_stats_20260930,global,False,full,full_curve,f4dff61307f0f2e705e9f9716f85c06458eb17f7,False,84a59b18b9d77acfd78337dcc7e6fd2885b5dc948e5061d8377c0b5b28b35914,D:\工作空间\测井\cross_well_dg\configs\paper_r3_multirep.yaml,7af1f1504f2d7c16fd952d8ca70f95ca9eac5d2147547683c43d95ceecc855d2,9d2c7ad879a80eef284e32d0dadee42e995aeacfcc54dedeef5e09c73767b0b5,43041111a78dd4726423d9f43fb9a3cc00d7284ebd9c49071c459697b99c0e87,91c87c5b4f834397daa00b01ae727b059675863211f044645de62d451cfb8c46,0.2740301639315194,results\multirep\details\well_id\seed149_lgbm_global.json,96.99,0.2897629207842227,0.2897629207842227
well_id,protocol1_random_wells,149,lgbm_wellnorm,closed_set,closed_set,0.2961317364314836,0.6264776306903245,0.1741045979703393,0.1872884303780175,0.4050977532186283,0.1093485069740158,0.1258988617476013,994562,224939,211741,0,141,141,11,Sandstone|Shale|Sandstone/Shale|Limestone|Chalk|Dolomite|Marl|Anhydrite|Halite|Coal|Tuff,135.69,r3_fullcurve_stats_20260930,wellnorm,True,full,full_curve,f4dff61307f0f2e705e9f9716f85c06458eb17f7,False,84a59b18b9d77acfd78337dcc7e6fd2885b5dc948e5061d8377c0b5b28b35914,D:\工作空间\测井\cross_well_dg\configs\paper_r3_multirep.yaml,7af1f1504f2d7c16fd952d8ca70f95ca9eac5d2147547683c43d95ceecc855d2,5bebe90abf4e23ffaf8aaf20db4953bcbf6850267df7c4799e66fe2b05f01ac3,43041111a78dd4726423d9f43fb9a3cc00d7284ebd9c49071c459697b99c0e87,91c87c5b4f834397daa00b01ae727b059675863211f044645de62d451cfb8c46,0.2493404426360083,results\multirep\details\well_id\seed149_lgbm_wellnorm.json,135.75,0.29613173643148366,0.29613173643148366
well_id,protocol1_random_wells,149,lgbm_hybrid_norel,closed_set,closed_set,0.3362701122133589,0.6180097383123722,0.1857387294356269,0.1978174759487806,0.4216420184027171,0.1013120342376146,0.1321357603360957,994562,224939,211741,0,141,141,11,Sandstone|Shale|Sandstone/Shale|Limestone|Chalk|Dolomite|Marl|Anhydrite|Halite|Coal|Tuff,156.98,r3_fullcurve_stats_20260930,hybrid,False,full,full_curve,f4dff61307f0f2e705e9f9716f85c06458eb17f7,False,84a59b18b9d77acfd78337dcc7e6fd2885b5dc948e5061d8377c0b5b28b35914,D:\工作空间\测井\cross_well_dg\configs\paper_r3_multirep.yaml,7af1f1504f2d7c16fd952d8ca70f95ca9eac5d2147547683c43d95ceecc855d2,541d91be3eb41014f35c930411cfd23c85379321ea069333a4b0bf8e44def757,43041111a78dd4726423d9f43fb9a3cc00d7284ebd9c49071c459697b99c0e87,91c87c5b4f834397daa00b01ae727b059675863211f044645de62d451cfb8c46,0.2928092616160731,results\multirep\details\well_id\seed149_lgbm_hybrid_norel.json,157.04,0.33627011221335895,0.33627011221335895
well_id,protocol1_random_wells,149,lgbm_hybrid,closed_set,closed_set,0.3565303289442916,0.6385678730146735,0.2242870566561539,0.2284301215172344,0.4421707475196433,0.1223383945397203,0.1563127735155344,994562,224939,211741,0,141,141,11,Sandstone|Shale|Sandstone/Shale|Limestone|Chalk|Dolomite|Marl|Anhydrite|Halite|Coal|Tuff,167.63,r3_fullcurve_stats_20260930,hybrid,True,full,full_curve,f4dff61307f0f2e705e9f9716f85c06458eb17f7,False,84a59b18b9d77acfd78337dcc7e6fd2885b5dc948e5061d8377c0b5b28b35914,D:\工作空间\测井\cross_well_dg\configs\paper_r3_multirep.yaml,7af1f1504f2d7c16fd952d8ca70f95ca9eac5d2147547683c43d95ceecc855d2,a9584710f6740238911d842e0e49d5039400bf72c84a40e420357b244e624b41,43041111a78dd4726423d9f43fb9a3cc00d7284ebd9c49071c459697b99c0e87,91c87c5b4f834397daa00b01ae727b059675863211f044645de62d451cfb8c46,0.3027822287109348,results\multirep\details\well_id\seed149_lgbm_hybrid.json,167.69,0.35653032894429165,0.35653032894429165
well_id,protocol1_random_wells,149,lgbm_hybrid_while,closed_set,closed_set,0.3422241764155714,0.6190345752593971,0.1993979912380659,0.204758235159237,0.4435750175250885,0.1087625406753087,0.1403388299614576,994562,224939,211741,0,141,141,11,Sandstone|Shale|Sandstone/Shale|Limestone|Chalk|Dolomite|Marl|Anhydrite|Halite|Coal|Tuff,176.98,r3_fullcurve_stats_20260930,hybrid,False,causal,full_curve,f4dff61307f0f2e705e9f9716f85c06458eb17f7,False,84a59b18b9d77acfd78337dcc7e6fd2885b5dc948e5061d8377c0b5b28b35914,D:\工作空间\测井\cross_well_dg\configs\paper_r3_multirep.yaml,7af1f1504f2d7c16fd952d8ca70f95ca9eac5d2147547683c43d95ceecc855d2,80f751dcf6b86b3652b6c19bb1a93794dc1505ee4ff531e017226f9a7d9ef995,43041111a78dd4726423d9f43fb9a3cc00d7284ebd9c49071c459697b99c0e87,91c87c5b4f834397daa00b01ae727b059675863211f044645de62d451cfb8c46,0.3432058887885486,results\multirep\details\well_id\seed149_lgbm_hybrid_while.json,177.07,0.3422241764155714,0.3422241764155714
well_id,protocol1_random_wells,149,lgbm_hybrid_smooth,closed_set,closed_set,0.3579121570217378,0.642586934037338,0.2243168094332286,0.2271382822134971,0.4441155785811463,0.1223546233272156,0.1552517568883301,994562,224939,211741,0,141,141,11,Sandstone|Shale|Sandstone/Shale|Limestone|Chalk|Dolomite|Marl|Anhydrite|Halite|Coal|Tuff,192.16,r3_fullcurve_stats_20260930,hybrid,True,full,full_curve,f4dff61307f0f2e705e9f9716f85c06458eb17f7,False,84a59b18b9d77acfd78337dcc7e6fd2885b5dc948e5061d8377c0b5b28b35914,D:\工作空间\测井\cross_well_dg\configs\paper_r3_multirep.yaml,7af1f1504f2d7c16fd952d8ca70f95ca9eac5d2147547683c43d95ceecc855d2,a9584710f6740238911d842e0e49d5039400bf72c84a40e420357b244e624b41,43041111a78dd4726423d9f43fb9a3cc00d7284ebd9c49071c459697b99c0e87,91c87c5b4f834397daa00b01ae727b059675863211f044645de62d451cfb8c46,0.3014299058258535,results\multirep\details\well_id\seed149_lgbm_hybrid_smooth.json,192.23,0.3579121570217379,0.3579121570217379
well_id,protocol1_random_wells,151,lgbm_global,closed_set,closed_set,0.3256623433574477,0.6332237829701892,0.1765389850845224,0.1963847997074395,0.3676096018030405,0.1029810746326381,0.1055481908989082,954273,227301,249809,0,0,0,12,Sandstone|Shale|Sandstone/Shale|Limestone|Chalk|Dolomite|Marl|Anhydrite|Halite|Coal|Basement|Tuff,128.0,r3_fullcurve_stats_20260930,global,False,full,full_curve,f4dff61307f0f2e705e9f9716f85c06458eb17f7,False,84a59b18b9d77acfd78337dcc7e6fd2885b5dc948e5061d8377c0b5b28b35914,D:\工作空间\测井\cross_well_dg\configs\paper_r3_multirep.yaml,1978e8908b795562f9da3382f027f00598f99f42068e467a8b3623df13064e05,9d2c7ad879a80eef284e32d0dadee42e995aeacfcc54dedeef5e09c73767b0b5,43041111a78dd4726423d9f43fb9a3cc00d7284ebd9c49071c459697b99c0e87,91c87c5b4f834397daa00b01ae727b059675863211f044645de62d451cfb8c46,0.4011895289125121,results\multirep\details\well_id\seed151_lgbm_global.json,128.08,0.2664510082015481,0.3256623433574477
well_id,protocol1_random_wells,151,lgbm_wellnorm,closed_set,closed_set,0.3212667262399306,0.6030927628708334,0.1860456795276999,0.2059995107463337,0.37328714710524,0.0775190331365416,0.101388837526403,954273,227301,249809,0,0,0,12,Sandstone|Shale|Sandstone/Shale|Limestone|Chalk|Dolomite|Marl|Anhydrite|Halite|Coal|Basement|Tuff,123.49,r3_fullcurve_stats_20260930,wellnorm,True,full,full_curve,f4dff61307f0f2e705e9f9716f85c06458eb17f7,False,84a59b18b9d77acfd78337dcc7e6fd2885b5dc948e5061d8377c0b5b28b35914,D:\工作空间\测井\cross_well_dg\configs\paper_r3_multirep.yaml,1978e8908b795562f9da3382f027f00598f99f42068e467a8b3623df13064e05,5bebe90abf4e23ffaf8aaf20db4953bcbf6850267df7c4799e66fe2b05f01ac3,43041111a78dd4726423d9f43fb9a3cc00d7284ebd9c49071c459697b99c0e87,91c87c5b4f834397daa00b01ae727b059675863211f044645de62d451cfb8c46,0.2910144827803696,results\multirep\details\well_id\seed151_lgbm_wellnorm.json,123.55,0.2628545941963069,0.32126672623993063
well_id,protocol1_random_wells,151,lgbm_hybrid_norel,closed_set,closed_set,0.3347935994299396,0.6235924246124038,0.2515712300789946,0.2572260864663753,0.3861166224741758,0.1048213458662477,0.1287956751660665,954273,227301,249809,0,0,0,12,Sandstone|Shale|Sandstone/Shale|Limestone|Chalk|Dolomite|Marl|Anhydrite|Halite|Coal|Basement|Tuff,186.69,r3_fullcurve_stats_20260930,hybrid,False,full,full_curve,f4dff61307f0f2e705e9f9716f85c06458eb17f7,False,84a59b18b9d77acfd78337dcc7e6fd2885b5dc948e5061d8377c0b5b28b35914,D:\工作空间\测井\cross_well_dg\configs\paper_r3_multirep.yaml,1978e8908b795562f9da3382f027f00598f99f42068e467a8b3623df13064e05,541d91be3eb41014f35c930411cfd23c85379321ea069333a4b0bf8e44def757,43041111a78dd4726423d9f43fb9a3cc00d7284ebd9c49071c459697b99c0e87,91c87c5b4f834397daa00b01ae727b059675863211f044645de62d451cfb8c46,0.4200155504756422,results\multirep\details\well_id\seed151_lgbm_hybrid_norel.json,186.78,0.2739220358972233,0.3347935994299396
well_id,protocol1_random_wells,151,lgbm_hybrid,closed_set,closed_set,0.3504552784602902,0.6367704926563895,0.1214137026532047,0.1792325786406303,0.3916301431431985,0.0505890427721686,0.0944345289859339,954273,227301,249809,0,0,0,12,Sandstone|Shale|Sandstone/Shale|Limestone|Chalk|Dolomite|Marl|Anhydrite|Halite|Coal|Basement|Tuff,214.57,r3_fullcurve_stats_20260930,hybrid,True,full,full_curve,f4dff61307f0f2e705e9f9716f85c06458eb17f7,False,84a59b18b9d77acfd78337dcc7e6fd2885b5dc948e5061d8377c0b5b28b35914,D:\工作空间\测井\cross_well_dg\configs\paper_r3_multirep.yaml,1978e8908b795562f9da3382f027f00598f99f42068e467a8b3623df13064e05,a9584710f6740238911d842e0e49d5039400bf72c84a40e420357b244e624b41,43041111a78dd4726423d9f43fb9a3cc00d7284ebd9c49071c459697b99c0e87,91c87c5b4f834397daa00b01ae727b059675863211f044645de62d451cfb8c46,0.4318660008336096,results\multirep\details\well_id\seed151_lgbm_hybrid.json,214.64,0.2867361369220556,0.3504552784602902
well_id,protocol1_random_wells,151,lgbm_hybrid_while,closed_set,closed_set,0.3439594166281847,0.62744736979052,0.1612931351713746,0.2115823547177138,0.3803118471155671,0.0940876621833018,0.1016004090633286,954273,227301,249809,0,0,0,12,Sandstone|Shale|Sandstone/Shale|Limestone|Chalk|Dolomite|Marl|Anhydrite|Halite|Coal|Basement|Tuff,201.07,r3_fullcurve_stats_20260930,hybrid,False,causal,full_curve,f4dff61307f0f2e705e9f9716f85c06458eb17f7,False,84a59b18b9d77acfd78337dcc7e6fd2885b5dc948e5061d8377c0b5b28b35914,D:\工作空间\测井\cross_well_dg\configs\paper_r3_multirep.yaml,1978e8908b795562f9da3382f027f00598f99f42068e467a8b3623df13064e05,80f751dcf6b86b3652b6c19bb1a93794dc1505ee4ff531e017226f9a7d9ef995,43041111a78dd4726423d9f43fb9a3cc00d7284ebd9c49071c459697b99c0e87,91c87c5b4f834397daa00b01ae727b059675863211f044645de62d451cfb8c46,0.3923406272544985,results\multirep\details\well_id\seed151_lgbm_hybrid_while.json,201.16,0.2814213408776057,0.34395941662818474
well_id,protocol1_random_wells,151,lgbm_hybrid_smooth,closed_set,closed_set,0.3529407969314089,0.6396046579586804,0.1134920634920634,0.1761355384403866,0.3897791219000793,0.0472883597883597,0.0932880587992202,954273,227301,249809,0,0,0,12,Sandstone|Shale|Sandstone/Shale|Limestone|Chalk|Dolomite|Marl|Anhydrite|Halite|Coal|Basement|Tuff,229.25,r3_fullcurve_stats_20260930,hybrid,True,full,full_curve,f4dff61307f0f2e705e9f9716f85c06458eb17f7,False,84a59b18b9d77acfd78337dcc7e6fd2885b5dc948e5061d8377c0b5b28b35914,D:\工作空间\测井\cross_well_dg\configs\paper_r3_multirep.yaml,1978e8908b795562f9da3382f027f00598f99f42068e467a8b3623df13064e05,a9584710f6740238911d842e0e49d5039400bf72c84a40e420357b244e624b41,43041111a78dd4726423d9f43fb9a3cc00d7284ebd9c49071c459697b99c0e87,91c87c5b4f834397daa00b01ae727b059675863211f044645de62d451cfb8c46,0.4363364178647883,results\multirep\details\well_id\seed151_lgbm_hybrid_smooth.json,229.33,0.28876974294387997,0.3529407969314089
well_id,protocol1_random_wells,157,lgbm_global,closed_set,closed_set,0.2940088762122692,0.5928866117573465,0.1454927441355809,0.1613444371683721,0.362289644387772,0.0727463720677904,0.1028217348593314,1022042,207918,201423,0,0,0,12,Sandstone|Shale|Sandstone/Shale|Limestone|Chalk|Dolomite|Marl|Anhydrite|Halite|Coal|Basement|Tuff,187.71,r3_fullcurve_stats_20260930,global,False,full,full_curve,f4dff61307f0f2e705e9f9716f85c06458eb17f7,False,84a59b18b9d77acfd78337dcc7e6fd2885b5dc948e5061d8377c0b5b28b35914,D:\工作空间\测井\cross_well_dg\configs\paper_r3_multirep.yaml,3c29a4b28efec67b85bfb7686d7736409523d602bb309e810dbea5e46030aa64,9d2c7ad879a80eef284e32d0dadee42e995aeacfcc54dedeef5e09c73767b0b5,43041111a78dd4726423d9f43fb9a3cc00d7284ebd9c49071c459697b99c0e87,91c87c5b4f834397daa00b01ae727b059675863211f044645de62d451cfb8c46,0.3827708302266719,results\multirep\details\well_id\seed157_lgbm_global.json,187.78,0.2940088762122691,0.2940088762122691
well_id,protocol1_random_wells,157,lgbm_wellnorm,closed_set,closed_set,0.2709675205799015,0.6385070225346658,0.1444620079679534,0.1494908045927732,0.356006404997391,0.0772598006087965,0.0922331128166724,1022042,207918,201423,0,0,0,12,Sandstone|Shale|Sandstone/Shale|Limestone|Chalk|Dolomite|Marl|Anhydrite|Halite|Coal|Basement|Tuff,211.77,r3_fullcurve_stats_20260930,wellnorm,True,full,full_curve,f4dff61307f0f2e705e9f9716f85c06458eb17f7,False,84a59b18b9d77acfd78337dcc7e6fd2885b5dc948e5061d8377c0b5b28b35914,D:\工作空间\测井\cross_well_dg\configs\paper_r3_multirep.yaml,3c29a4b28efec67b85bfb7686d7736409523d602bb309e810dbea5e46030aa64,5bebe90abf4e23ffaf8aaf20db4953bcbf6850267df7c4799e66fe2b05f01ac3,43041111a78dd4726423d9f43fb9a3cc00d7284ebd9c49071c459697b99c0e87,91c87c5b4f834397daa00b01ae727b059675863211f044645de62d451cfb8c46,0.338231797398324,results\multirep\details\well_id\seed157_lgbm_wellnorm.json,211.83,0.27096752057990153,0.27096752057990153
well_id,protocol1_random_wells,157,lgbm_hybrid_norel,closed_set,closed_set,0.4243231126505384,0.6519563307070195,0.2067195182064947,0.2264154340393592,0.3988662163414701,0.1033597591032473,0.1132077170196796,1022042,207918,201423,0,0,0,12,Sandstone|Shale|Sandstone/Shale|Limestone|Chalk|Dolomite|Marl|Anhydrite|Halite|Coal|Basement|Tuff,247.19,r3_fullcurve_stats_20260930,hybrid,False,full,full_curve,f4dff61307f0f2e705e9f9716f85c06458eb17f7,False,84a59b18b9d77acfd78337dcc7e6fd2885b5dc948e5061d8377c0b5b28b35914,D:\工作空间\测井\cross_well_dg\configs\paper_r3_multirep.yaml,3c29a4b28efec67b85bfb7686d7736409523d602bb309e810dbea5e46030aa64,541d91be3eb41014f35c930411cfd23c85379321ea069333a4b0bf8e44def757,43041111a78dd4726423d9f43fb9a3cc00d7284ebd9c49071c459697b99c0e87,91c87c5b4f834397daa00b01ae727b059675863211f044645de62d451cfb8c46,0.3760083671885733,results\multirep\details\well_id\seed157_lgbm_hybrid_norel.json,247.25,0.4243231126505384,0.4243231126505384
well_id,protocol1_random_wells,157,lgbm_hybrid,closed_set,closed_set,0.4183968850073907,0.6769087939311796,0.2375584477992285,0.2636680953008191,0.4105585696499568,0.1187792238996142,0.1337406383688799,1022042,207918,201423,0,0,0,12,Sandstone|Shale|Sandstone/Shale|Limestone|Chalk|Dolomite|Marl|Anhydrite|Halite|Coal|Basement|Tuff,242.61,r3_fullcurve_stats_20260930,hybrid,True,full,full_curve,f4dff61307f0f2e705e9f9716f85c06458eb17f7,False,84a59b18b9d77acfd78337dcc7e6fd2885b5dc948e5061d8377c0b5b28b35914,D:\工作空间\测井\cross_well_dg\configs\paper_r3_multirep.yaml,3c29a4b28efec67b85bfb7686d7736409523d602bb309e810dbea5e46030aa64,a9584710f6740238911d842e0e49d5039400bf72c84a40e420357b244e624b41,43041111a78dd4726423d9f43fb9a3cc00d7284ebd9c49071c459697b99c0e87,91c87c5b4f834397daa00b01ae727b059675863211f044645de62d451cfb8c46,0.3881817967217763,results\multirep\details\well_id\seed157_lgbm_hybrid.json,242.69,0.4183968850073907,0.4183968850073907
well_id,protocol1_random_wells,157,lgbm_hybrid_while,closed_set,closed_set,0.3862957956001191,0.6810642280176544,0.1938794089299794,0.2293936663593689,0.4109185634775318,0.0969397044649897,0.1264872176118632,1022042,207918,201423,0,0,0,12,Sandstone|Shale|Sandstone/Shale|Limestone|Chalk|Dolomite|Marl|Anhydrite|Halite|Coal|Basement|Tuff,264.07,r3_fullcurve_stats_20260930,hybrid,False,causal,full_curve,f4dff61307f0f2e705e9f9716f85c06458eb17f7,False,84a59b18b9d77acfd78337dcc7e6fd2885b5dc948e5061d8377c0b5b28b35914,D:\工作空间\测井\cross_well_dg\configs\paper_r3_multirep.yaml,3c29a4b28efec67b85bfb7686d7736409523d602bb309e810dbea5e46030aa64,80f751dcf6b86b3652b6c19bb1a93794dc1505ee4ff531e017226f9a7d9ef995,43041111a78dd4726423d9f43fb9a3cc00d7284ebd9c49071c459697b99c0e87,91c87c5b4f834397daa00b01ae727b059675863211f044645de62d451cfb8c46,0.3683690428073304,results\multirep\details\well_id\seed157_lgbm_hybrid_while.json,264.14,0.38629579560011906,0.38629579560011906
well_id,protocol1_random_wells,157,lgbm_hybrid_smooth,closed_set,closed_set,0.4176643778404192,0.6813571439210021,0.2224412993461612,0.2551055044814886,0.407854381882863,0.1112206496730806,0.129746928424517,1022042,207918,201423,0,0,0,12,Sandstone|Shale|Sandstone/Shale|Limestone|Chalk|Dolomite|Marl|Anhydrite|Halite|Coal|Basement|Tuff,237.5,r3_fullcurve_stats_20260930,hybrid,True,full,full_curve,f4dff61307f0f2e705e9f9716f85c06458eb17f7,False,84a59b18b9d77acfd78337dcc7e6fd2885b5dc948e5061d8377c0b5b28b35914,D:\工作空间\测井\cross_well_dg\configs\paper_r3_multirep.yaml,3c29a4b28efec67b85bfb7686d7736409523d602bb309e810dbea5e46030aa64,a9584710f6740238911d842e0e49d5039400bf72c84a40e420357b244e624b41,43041111a78dd4726423d9f43fb9a3cc00d7284ebd9c49071c459697b99c0e87,91c87c5b4f834397daa00b01ae727b059675863211f044645de62d451cfb8c46,0.3917079649193354,results\multirep\details\well_id\seed157_lgbm_hybrid_smooth.json,237.56,0.41766437784041915,0.41766437784041915
well_id,protocol1_random_wells,163,lgbm_global,closed_set,closed_set,0.2716496719461601,0.5480310369573017,0.0894703004076772,0.1705184423105222,0.3608017656579201,0.0671027253057579,0.0995993133947884,964443,243980,222960,0,0,0,12,Sandstone|Shale|Sandstone/Shale|Limestone|Chalk|Dolomite|Marl|Anhydrite|Halite|Coal|Basement|Tuff,173.12,r3_fullcurve_stats_20260930,global,False,full,full_curve,f4dff61307f0f2e705e9f9716f85c06458eb17f7,False,84a59b18b9d77acfd78337dcc7e6fd2885b5dc948e5061d8377c0b5b28b35914,D:\工作空间\测井\cross_well_dg\configs\paper_r3_multirep.yaml,180c11c0b1fd51aea99a0240b65718e9af5a28fd93f097ca4dcd7b4507fa9740,9d2c7ad879a80eef284e32d0dadee42e995aeacfcc54dedeef5e09c73767b0b5,43041111a78dd4726423d9f43fb9a3cc00d7284ebd9c49071c459697b99c0e87,91c87c5b4f834397daa00b01ae727b059675863211f044645de62d451cfb8c46,0.3649897542400053,results\multirep\details\well_id\seed163_lgbm_global.json,173.18,0.2716496719461601,0.2716496719461601
well_id,protocol1_random_wells,163,lgbm_wellnorm,closed_set,closed_set,0.2336784657354605,0.6256593110871905,0.1149737305871243,0.157304269442263,0.3465353069537417,0.0862302979403432,0.1096600850693055,964443,243980,222960,0,0,0,12,Sandstone|Shale|Sandstone/Shale|Limestone|Chalk|Dolomite|Marl|Anhydrite|Halite|Coal|Basement|Tuff,151.56,r3_fullcurve_stats_20260930,wellnorm,True,full,full_curve,f4dff61307f0f2e705e9f9716f85c06458eb17f7,False,84a59b18b9d77acfd78337dcc7e6fd2885b5dc948e5061d8377c0b5b28b35914,D:\工作空间\测井\cross_well_dg\configs\paper_r3_multirep.yaml,180c11c0b1fd51aea99a0240b65718e9af5a28fd93f097ca4dcd7b4507fa9740,5bebe90abf4e23ffaf8aaf20db4953bcbf6850267df7c4799e66fe2b05f01ac3,43041111a78dd4726423d9f43fb9a3cc00d7284ebd9c49071c459697b99c0e87,91c87c5b4f834397daa00b01ae727b059675863211f044645de62d451cfb8c46,0.2561579152721869,results\multirep\details\well_id\seed163_lgbm_wellnorm.json,151.64,0.23367846573546058,0.23367846573546058
well_id,protocol1_random_wells,163,lgbm_hybrid_norel,closed_set,closed_set,0.3135467986017486,0.64577054180122,0.1381525987978496,0.1979153000441189,0.3795618966094758,0.1036144490983872,0.1268981099361976,964443,243980,222960,0,0,0,12,Sandstone|Shale|Sandstone/Shale|Limestone|Chalk|Dolomite|Marl|Anhydrite|Halite|Coal|Basement|Tuff,183.52,r3_fullcurve_stats_20260930,hybrid,False,full,full_curve,f4dff61307f0f2e705e9f9716f85c06458eb17f7,False,84a59b18b9d77acfd78337dcc7e6fd2885b5dc948e5061d8377c0b5b28b35914,D:\工作空间\测井\cross_well_dg\configs\paper_r3_multirep.yaml,180c11c0b1fd51aea99a0240b65718e9af5a28fd93f097ca4dcd7b4507fa9740,541d91be3eb41014f35c930411cfd23c85379321ea069333a4b0bf8e44def757,43041111a78dd4726423d9f43fb9a3cc00d7284ebd9c49071c459697b99c0e87,91c87c5b4f834397daa00b01ae727b059675863211f044645de62d451cfb8c46,0.356534765702922,results\multirep\details\well_id\seed163_lgbm_hybrid_norel.json,183.63,0.3135467986017487,0.3135467986017487
well_id,protocol1_random_wells,163,lgbm_hybrid,closed_set,closed_set,0.3687937832939701,0.6817994259059921,0.2335295766172656,0.2410600469153797,0.4147350675677696,0.1486498248835334,0.157188418179598,964443,243980,222960,0,0,0,12,Sandstone|Shale|Sandstone/Shale|Limestone|Chalk|Dolomite|Marl|Anhydrite|Halite|Coal|Basement|Tuff,167.82,r3_fullcurve_stats_20260930,hybrid,True,full,full_curve,f4dff61307f0f2e705e9f9716f85c06458eb17f7,False,84a59b18b9d77acfd78337dcc7e6fd2885b5dc948e5061d8377c0b5b28b35914,D:\工作空间\测井\cross_well_dg\configs\paper_r3_multirep.yaml,180c11c0b1fd51aea99a0240b65718e9af5a28fd93f097ca4dcd7b4507fa9740,a9584710f6740238911d842e0e49d5039400bf72c84a40e420357b244e624b41,43041111a78dd4726423d9f43fb9a3cc00d7284ebd9c49071c459697b99c0e87,91c87c5b4f834397daa00b01ae727b059675863211f044645de62d451cfb8c46,0.3414389255753973,results\multirep\details\well_id\seed163_lgbm_hybrid.json,167.9,0.3687937832939701,0.3687937832939701
well_id,protocol1_random_wells,163,lgbm_hybrid_while,closed_set,closed_set,0.354335695619727,0.632561894510226,0.211919734060412,0.2389953314678941,0.3996565260326611,0.1452743893100464,0.1491804853121554,964443,243980,222960,0,0,0,12,Sandstone|Shale|Sandstone/Shale|Limestone|Chalk|Dolomite|Marl|Anhydrite|Halite|Coal|Basement|Tuff,180.0,r3_fullcurve_stats_20260930,hybrid,False,causal,full_curve,f4dff61307f0f2e705e9f9716f85c06458eb17f7,False,84a59b18b9d77acfd78337dcc7e6fd2885b5dc948e5061d8377c0b5b28b35914,D:\工作空间\测井\cross_well_dg\configs\paper_r3_multirep.yaml,180c11c0b1fd51aea99a0240b65718e9af5a28fd93f097ca4dcd7b4507fa9740,80f751dcf6b86b3652b6c19bb1a93794dc1505ee4ff531e017226f9a7d9ef995,43041111a78dd4726423d9f43fb9a3cc00d7284ebd9c49071c459697b99c0e87,91c87c5b4f834397daa00b01ae727b059675863211f044645de62d451cfb8c46,0.3769058186091822,results\multirep\details\well_id\seed163_lgbm_hybrid_while.json,180.06,0.35433569561972705,0.35433569561972705
well_id,protocol1_random_wells,163,lgbm_hybrid_smooth,closed_set,closed_set,0.3747016183787709,0.6909894151417295,0.2340306084851023,0.2434534119995766,0.417013065637082,0.1510168346299963,0.1598004891530151,964443,243980,222960,0,0,0,12,Sandstone|Shale|Sandstone/Shale|Limestone|Chalk|Dolomite|Marl|Anhydrite|Halite|Coal|Basement|Tuff,178.43,r3_fullcurve_stats_20260930,hybrid,True,full,full_curve,f4dff61307f0f2e705e9f9716f85c06458eb17f7,False,84a59b18b9d77acfd78337dcc7e6fd2885b5dc948e5061d8377c0b5b28b35914,D:\工作空间\测井\cross_well_dg\configs\paper_r3_multirep.yaml,180c11c0b1fd51aea99a0240b65718e9af5a28fd93f097ca4dcd7b4507fa9740,a9584710f6740238911d842e0e49d5039400bf72c84a40e420357b244e624b41,43041111a78dd4726423d9f43fb9a3cc00d7284ebd9c49071c459697b99c0e87,91c87c5b4f834397daa00b01ae727b059675863211f044645de62d451cfb8c46,0.3433209159259605,results\multirep\details\well_id\seed163_lgbm_hybrid_smooth.json,178.51,0.3747016183787709,0.3747016183787709
well_id,protocol1_random_wells,167,lgbm_global,closed_set,closed_set,0.3649513117673499,0.5864461339016941,0.195750044732453,0.2312135602597203,0.4115540715812574,0.1134142209416853,0.1301133772455125,967527,281812,182044,0,0,0,12,Sandstone|Shale|Sandstone/Shale|Limestone|Chalk|Dolomite|Marl|Anhydrite|Halite|Coal|Basement|Tuff,199.87,r3_fullcurve_stats_20260930,global,False,full,full_curve,f4dff61307f0f2e705e9f9716f85c06458eb17f7,False,84a59b18b9d77acfd78337dcc7e6fd2885b5dc948e5061d8377c0b5b28b35914,D:\工作空间\测井\cross_well_dg\configs\paper_r3_multirep.yaml,7d31f78692d8b2bef43266e63fb40c6f0cc42d56d6e054adf324c7970b3cc82b,9d2c7ad879a80eef284e32d0dadee42e995aeacfcc54dedeef5e09c73767b0b5,43041111a78dd4726423d9f43fb9a3cc00d7284ebd9c49071c459697b99c0e87,91c87c5b4f834397daa00b01ae727b059675863211f044645de62d451cfb8c46,0.334759487638838,results\multirep\details\well_id\seed167_lgbm_global.json,199.95,0.36495131176734985,0.36495131176734985
well_id,protocol1_random_wells,167,lgbm_wellnorm,closed_set,closed_set,0.2799556790663971,0.5993056623673397,0.146043029669151,0.1471285742424007,0.3693627857629144,0.094443709566237,0.096626561055002,967527,281812,182044,0,0,0,12,Sandstone|Shale|Sandstone/Shale|Limestone|Chalk|Dolomite|Marl|Anhydrite|Halite|Coal|Basement|Tuff,225.02,r3_fullcurve_stats_20260930,wellnorm,True,full,full_curve,f4dff61307f0f2e705e9f9716f85c06458eb17f7,False,84a59b18b9d77acfd78337dcc7e6fd2885b5dc948e5061d8377c0b5b28b35914,D:\工作空间\测井\cross_well_dg\configs\paper_r3_multirep.yaml,7d31f78692d8b2bef43266e63fb40c6f0cc42d56d6e054adf324c7970b3cc82b,5bebe90abf4e23ffaf8aaf20db4953bcbf6850267df7c4799e66fe2b05f01ac3,43041111a78dd4726423d9f43fb9a3cc00d7284ebd9c49071c459697b99c0e87,91c87c5b4f834397daa00b01ae727b059675863211f044645de62d451cfb8c46,0.3246735060712282,results\multirep\details\well_id\seed167_lgbm_wellnorm.json,225.08,0.2799556790663971,0.2799556790663971
well_id,protocol1_random_wells,167,lgbm_hybrid_norel,closed_set,closed_set,0.4546072971124993,0.6610270044604601,0.1844566699676232,0.2277916094496131,0.426596419458581,0.0922283349838116,0.1025988651859897,967527,281812,182044,0,0,0,12,Sandstone|Shale|Sandstone/Shale|Limestone|Chalk|Dolomite|Marl|Anhydrite|Halite|Coal|Basement|Tuff,259.39,r3_fullcurve_stats_20260930,hybrid,False,full,full_curve,f4dff61307f0f2e705e9f9716f85c06458eb17f7,False,84a59b18b9d77acfd78337dcc7e6fd2885b5dc948e5061d8377c0b5b28b35914,D:\工作空间\测井\cross_well_dg\configs\paper_r3_multirep.yaml,7d31f78692d8b2bef43266e63fb40c6f0cc42d56d6e054adf324c7970b3cc82b,541d91be3eb41014f35c930411cfd23c85379321ea069333a4b0bf8e44def757,43041111a78dd4726423d9f43fb9a3cc00d7284ebd9c49071c459697b99c0e87,91c87c5b4f834397daa00b01ae727b059675863211f044645de62d451cfb8c46,0.3267802366725041,results\multirep\details\well_id\seed167_lgbm_hybrid_norel.json,259.47,0.4546072971124994,0.4546072971124994
well_id,protocol1_random_wells,167,lgbm_hybrid,closed_set,closed_set,0.4317585902643977,0.6664322910944607,0.2420122937560659,0.2535902860961004,0.4267177196929156,0.1008384557316941,0.1167112974748807,967527,281812,182044,0,0,0,12,Sandstone|Shale|Sandstone/Shale|Limestone|Chalk|Dolomite|Marl|Anhydrite|Halite|Coal|Basement|Tuff,256.14,r3_fullcurve_stats_20260930,hybrid,True,full,full_curve,f4dff61307f0f2e705e9f9716f85c06458eb17f7,False,84a59b18b9d77acfd78337dcc7e6fd2885b5dc948e5061d8377c0b5b28b35914,D:\工作空间\测井\cross_well_dg\configs\paper_r3_multirep.yaml,7d31f78692d8b2bef43266e63fb40c6f0cc42d56d6e054adf324c7970b3cc82b,a9584710f6740238911d842e0e49d5039400bf72c84a40e420357b244e624b41,43041111a78dd4726423d9f43fb9a3cc00d7284ebd9c49071c459697b99c0e87,91c87c5b4f834397daa00b01ae727b059675863211f044645de62d451cfb8c46,0.3505355904693867,results\multirep\details\well_id\seed167_lgbm_hybrid.json,256.22,0.4317585902643977,0.4317585902643977
well_id,protocol1_random_wells,167,lgbm_hybrid_while,closed_set,closed_set,0.4126869378969926,0.6498044428819406,0.1734857472309381,0.2186165605335627,0.4185047797307475,0.0722857280128908,0.1020797074654922,967527,281812,182044,0,0,0,12,Sandstone|Shale|Sandstone/Shale|Limestone|Chalk|Dolomite|Marl|Anhydrite|Halite|Coal|Basement|Tuff,264.64,r3_fullcurve_stats_20260930,hybrid,False,causal,full_curve,f4dff61307f0f2e705e9f9716f85c06458eb17f7,False,84a59b18b9d77acfd78337dcc7e6fd2885b5dc948e5061d8377c0b5b28b35914,D:\工作空间\测井\cross_well_dg\configs\paper_r3_multirep.yaml,7d31f78692d8b2bef43266e63fb40c6f0cc42d56d6e054adf324c7970b3cc82b,80f751dcf6b86b3652b6c19bb1a93794dc1505ee4ff531e017226f9a7d9ef995,43041111a78dd4726423d9f43fb9a3cc00d7284ebd9c49071c459697b99c0e87,91c87c5b4f834397daa00b01ae727b059675863211f044645de62d451cfb8c46,0.3466104446462031,results\multirep\details\well_id\seed167_lgbm_hybrid_while.json,264.71,0.4126869378969925,0.4126869378969925
well_id,protocol1_random_wells,167,lgbm_hybrid_smooth,closed_set,closed_set,0.4311341301912116,0.668706466568522,0.2476209014043947,0.2546558796431583,0.4231225190105002,0.1031753755851644,0.1170104022630627,967527,281812,182044,0,0,0,12,Sandstone|Shale|Sandstone/Shale|Limestone|Chalk|Dolomite|Marl|Anhydrite|Halite|Coal|Basement|Tuff,269.29,r3_fullcurve_stats_20260930,hybrid,True,full,full_curve,f4dff61307f0f2e705e9f9716f85c06458eb17f7,False,84a59b18b9d77acfd78337dcc7e6fd2885b5dc948e5061d8377c0b5b28b35914,D:\工作空间\测井\cross_well_dg\configs\paper_r3_multirep.yaml,7d31f78692d8b2bef43266e63fb40c6f0cc42d56d6e054adf324c7970b3cc82b,a9584710f6740238911d842e0e49d5039400bf72c84a40e420357b244e624b41,43041111a78dd4726423d9f43fb9a3cc00d7284ebd9c49071c459697b99c0e87,91c87c5b4f834397daa00b01ae727b059675863211f044645de62d451cfb8c46,0.3550417653399893,results\multirep\details\well_id\seed167_lgbm_hybrid_smooth.json,269.35,0.43113413019121166,0.43113413019121166
well_id,protocol1_random_wells,173,lgbm_global,closed_set,closed_set,0.325787786834934,0.5785033398274423,0.2785539441828927,0.2836542351482568,0.398547128576505,0.1443772630568104,0.1477277274766036,955562,245869,229952,0,0,0,12,Sandstone|Shale|Sandstone/Shale|Limestone|Chalk|Dolomite|Marl|Anhydrite|Halite|Coal|Basement|Tuff,187.01,r3_fullcurve_stats_20260930,global,False,full,full_curve,f4dff61307f0f2e705e9f9716f85c06458eb17f7,False,84a59b18b9d77acfd78337dcc7e6fd2885b5dc948e5061d8377c0b5b28b35914,D:\工作空间\测井\cross_well_dg\configs\paper_r3_multirep.yaml,d7271cacae2d1ad1fc7c232b52366eea22215fa176a309475d2bd850bb0067b7,9d2c7ad879a80eef284e32d0dadee42e995aeacfcc54dedeef5e09c73767b0b5,43041111a78dd4726423d9f43fb9a3cc00d7284ebd9c49071c459697b99c0e87,91c87c5b4f834397daa00b01ae727b059675863211f044645de62d451cfb8c46,0.3486808429060173,results\multirep\details\well_id\seed173_lgbm_global.json,187.07,0.2961707153044854,0.325787786834934
well_id,protocol1_random_wells,173,lgbm_wellnorm,closed_set,closed_set,0.2604854069882368,0.6262002504870582,0.2134991763286873,0.2156226391792953,0.3811947684430405,0.0907275425124597,0.1091338901697462,955562,245869,229952,0,0,0,12,Sandstone|Shale|Sandstone/Shale|Limestone|Chalk|Dolomite|Marl|Anhydrite|Halite|Coal|Basement|Tuff,137.54,r3_fullcurve_stats_20260930,wellnorm,True,full,full_curve,f4dff61307f0f2e705e9f9716f85c06458eb17f7,False,84a59b18b9d77acfd78337dcc7e6fd2885b5dc948e5061d8377c0b5b28b35914,D:\工作空间\测井\cross_well_dg\configs\paper_r3_multirep.yaml,d7271cacae2d1ad1fc7c232b52366eea22215fa176a309475d2bd850bb0067b7,5bebe90abf4e23ffaf8aaf20db4953bcbf6850267df7c4799e66fe2b05f01ac3,43041111a78dd4726423d9f43fb9a3cc00d7284ebd9c49071c459697b99c0e87,91c87c5b4f834397daa00b01ae727b059675863211f044645de62d451cfb8c46,0.2950860683893225,results\multirep\details\well_id\seed173_lgbm_wellnorm.json,137.62,0.23680491544385165,0.26048540698823686
well_id,protocol1_random_wells,173,lgbm_hybrid_norel,closed_set,closed_set,0.3223777351839912,0.6603030197606456,0.2765550379275354,0.3027037649303724,0.4175134740191822,0.1461607776553865,0.1543481773733761,955562,245869,229952,0,0,0,12,Sandstone|Shale|Sandstone/Shale|Limestone|Chalk|Dolomite|Marl|Anhydrite|Halite|Coal|Basement|Tuff,241.06,r3_fullcurve_stats_20260930,hybrid,False,full,full_curve,f4dff61307f0f2e705e9f9716f85c06458eb17f7,False,84a59b18b9d77acfd78337dcc7e6fd2885b5dc948e5061d8377c0b5b28b35914,D:\工作空间\测井\cross_well_dg\configs\paper_r3_multirep.yaml,d7271cacae2d1ad1fc7c232b52366eea22215fa176a309475d2bd850bb0067b7,541d91be3eb41014f35c930411cfd23c85379321ea069333a4b0bf8e44def757,43041111a78dd4726423d9f43fb9a3cc00d7284ebd9c49071c459697b99c0e87,91c87c5b4f834397daa00b01ae727b059675863211f044645de62d451cfb8c46,0.439885000968199,results\multirep\details\well_id\seed173_lgbm_hybrid_norel.json,241.13,0.29307066834908296,0.32237773518399127
well_id,protocol1_random_wells,173,lgbm_hybrid,closed_set,closed_set,0.3161532568952047,0.6671914138602839,0.2670779133969269,0.2871184781233399,0.4266122080024757,0.1279829345207304,0.1454759476993019,955562,245869,229952,0,0,0,12,Sandstone|Shale|Sandstone/Shale|Limestone|Chalk|Dolomite|Marl|Anhydrite|Halite|Coal|Basement|Tuff,234.58,r3_fullcurve_stats_20260930,hybrid,True,full,full_curve,f4dff61307f0f2e705e9f9716f85c06458eb17f7,False,84a59b18b9d77acfd78337dcc7e6fd2885b5dc948e5061d8377c0b5b28b35914,D:\工作空间\测井\cross_well_dg\configs\paper_r3_multirep.yaml,d7271cacae2d1ad1fc7c232b52366eea22215fa176a309475d2bd850bb0067b7,a9584710f6740238911d842e0e49d5039400bf72c84a40e420357b244e624b41,43041111a78dd4726423d9f43fb9a3cc00d7284ebd9c49071c459697b99c0e87,91c87c5b4f834397daa00b01ae727b059675863211f044645de62d451cfb8c46,0.4446178725452241,results\multirep\details\well_id\seed173_lgbm_hybrid.json,234.65,0.28741205172291334,0.3161532568952047
well_id,protocol1_random_wells,173,lgbm_hybrid_while,closed_set,closed_set,0.3885866251950279,0.6697441205121069,0.2680417248161895,0.2991833188016184,0.421705019877242,0.1475682348536207,0.1529289637113102,955562,245869,229952,0,0,0,12,Sandstone|Shale|Sandstone/Shale|Limestone|Chalk|Dolomite|Marl|Anhydrite|Halite|Coal|Basement|Tuff,269.65,r3_fullcurve_stats_20260930,hybrid,False,causal,full_curve,f4dff61307f0f2e705e9f9716f85c06458eb17f7,False,84a59b18b9d77acfd78337dcc7e6fd2885b5dc948e5061d8377c0b5b28b35914,D:\工作空间\测井\cross_well_dg\configs\paper_r3_multirep.yaml,d7271cacae2d1ad1fc7c232b52366eea22215fa176a309475d2bd850bb0067b7,80f751dcf6b86b3652b6c19bb1a93794dc1505ee4ff531e017226f9a7d9ef995,43041111a78dd4726423d9f43fb9a3cc00d7284ebd9c49071c459697b99c0e87,91c87c5b4f834397daa00b01ae727b059675863211f044645de62d451cfb8c46,0.4420910503267746,results\multirep\details\well_id\seed173_lgbm_hybrid_while.json,269.73,0.3532605683591163,0.38858662519502796
well_id,protocol1_random_wells,173,lgbm_hybrid_smooth,closed_set,closed_set,0.3140637036091919,0.6748625800166992,0.2714668831560837,0.2913414229305795,0.4260902673322992,0.1296733177937813,0.1432799896367989,955562,245869,229952,0,0,0,12,Sandstone|Shale|Sandstone/Shale|Limestone|Chalk|Dolomite|Marl|Anhydrite|Halite|Coal|Basement|Tuff,241.75,r3_fullcurve_stats_20260930,hybrid,True,full,full_curve,f4dff61307f0f2e705e9f9716f85c06458eb17f7,False,84a59b18b9d77acfd78337dcc7e6fd2885b5dc948e5061d8377c0b5b28b35914,D:\工作空间\测井\cross_well_dg\configs\paper_r3_multirep.yaml,d7271cacae2d1ad1fc7c232b52366eea22215fa176a309475d2bd850bb0067b7,a9584710f6740238911d842e0e49d5039400bf72c84a40e420357b244e624b41,43041111a78dd4726423d9f43fb9a3cc00d7284ebd9c49071c459697b99c0e87,91c87c5b4f834397daa00b01ae727b059675863211f044645de62d451cfb8c46,0.4462439473214333,results\multirep\details\well_id\seed173_lgbm_hybrid_smooth.json,241.81,0.28551245782653817,0.31406370360919195
well_id,protocol1_random_wells,179,lgbm_global,closed_set,closed_set,0.3589400822466732,0.5705896057426447,0.1558825861774662,0.1609754483215157,0.3837615594254679,0.1107122069770434,0.1203071810624659,982300,221592,227491,0,0,0,12,Sandstone|Shale|Sandstone/Shale|Limestone|Chalk|Dolomite|Marl|Anhydrite|Halite|Coal|Basement|Tuff,200.73,r3_fullcurve_stats_20260930,global,False,full,full_curve,f4dff61307f0f2e705e9f9716f85c06458eb17f7,False,84a59b18b9d77acfd78337dcc7e6fd2885b5dc948e5061d8377c0b5b28b35914,D:\工作空间\测井\cross_well_dg\configs\paper_r3_multirep.yaml,af1e3a1ac6fd93f1fd7a04206a6cfdc383ef1fb9fe0221176b9ff02d09407f1a,9d2c7ad879a80eef284e32d0dadee42e995aeacfcc54dedeef5e09c73767b0b5,43041111a78dd4726423d9f43fb9a3cc00d7284ebd9c49071c459697b99c0e87,91c87c5b4f834397daa00b01ae727b059675863211f044645de62d451cfb8c46,0.3389126989691971,results\multirep\details\well_id\seed179_lgbm_global.json,200.78,0.3589400822466732,0.3589400822466732
well_id,protocol1_random_wells,179,lgbm_wellnorm,closed_set,closed_set,0.3274769575670508,0.617822243517326,0.1395050861522504,0.163642858898506,0.3531116125540918,0.1162542384602087,0.1207206631116915,982300,221592,227491,0,0,0,12,Sandstone|Shale|Sandstone/Shale|Limestone|Chalk|Dolomite|Marl|Anhydrite|Halite|Coal|Basement|Tuff,207.98,r3_fullcurve_stats_20260930,wellnorm,True,full,full_curve,f4dff61307f0f2e705e9f9716f85c06458eb17f7,False,84a59b18b9d77acfd78337dcc7e6fd2885b5dc948e5061d8377c0b5b28b35914,D:\工作空间\测井\cross_well_dg\configs\paper_r3_multirep.yaml,af1e3a1ac6fd93f1fd7a04206a6cfdc383ef1fb9fe0221176b9ff02d09407f1a,5bebe90abf4e23ffaf8aaf20db4953bcbf6850267df7c4799e66fe2b05f01ac3,43041111a78dd4726423d9f43fb9a3cc00d7284ebd9c49071c459697b99c0e87,91c87c5b4f834397daa00b01ae727b059675863211f044645de62d451cfb8c46,0.3118389010017696,results\multirep\details\well_id\seed179_lgbm_wellnorm.json,208.02,0.3274769575670508,0.3274769575670508
well_id,protocol1_random_wells,179,lgbm_hybrid_norel,closed_set,closed_set,0.3671763643362777,0.6176376208289559,0.121897656129925,0.1262610876094472,0.3923849149797908,0.0812651040866167,0.0950594349970456,982300,221592,227491,0,0,0,12,Sandstone|Shale|Sandstone/Shale|Limestone|Chalk|Dolomite|Marl|Anhydrite|Halite|Coal|Basement|Tuff,247.29,r3_fullcurve_stats_20260930,hybrid,False,full,full_curve,f4dff61307f0f2e705e9f9716f85c06458eb17f7,False,84a59b18b9d77acfd78337dcc7e6fd2885b5dc948e5061d8377c0b5b28b35914,D:\工作空间\测井\cross_well_dg\configs\paper_r3_multirep.yaml,af1e3a1ac6fd93f1fd7a04206a6cfdc383ef1fb9fe0221176b9ff02d09407f1a,541d91be3eb41014f35c930411cfd23c85379321ea069333a4b0bf8e44def757,43041111a78dd4726423d9f43fb9a3cc00d7284ebd9c49071c459697b99c0e87,91c87c5b4f834397daa00b01ae727b059675863211f044645de62d451cfb8c46,0.3210877799519188,results\multirep\details\well_id\seed179_lgbm_hybrid_norel.json,247.35,0.3671763643362777,0.3671763643362777
well_id,protocol1_random_wells,179,lgbm_hybrid,closed_set,closed_set,0.374243550779493,0.6358141640768207,0.1068746255383179,0.1360515990727132,0.3924831448913064,0.0890621879485982,0.0996072848433353,982300,221592,227491,0,0,0,12,Sandstone|Shale|Sandstone/Shale|Limestone|Chalk|Dolomite|Marl|Anhydrite|Halite|Coal|Basement|Tuff,241.97,r3_fullcurve_stats_20260930,hybrid,True,full,full_curve,f4dff61307f0f2e705e9f9716f85c06458eb17f7,False,84a59b18b9d77acfd78337dcc7e6fd2885b5dc948e5061d8377c0b5b28b35914,D:\工作空间\测井\cross_well_dg\configs\paper_r3_multirep.yaml,af1e3a1ac6fd93f1fd7a04206a6cfdc383ef1fb9fe0221176b9ff02d09407f1a,a9584710f6740238911d842e0e49d5039400bf72c84a40e420357b244e624b41,43041111a78dd4726423d9f43fb9a3cc00d7284ebd9c49071c459697b99c0e87,91c87c5b4f834397daa00b01ae727b059675863211f044645de62d451cfb8c46,0.340066867950515,results\multirep\details\well_id\seed179_lgbm_hybrid.json,242.04,0.3742435507794932,0.3742435507794932
well_id,protocol1_random_wells,179,lgbm_hybrid_while,closed_set,closed_set,0.3556416526223651,0.622736723650606,0.1175235438633025,0.1464242826448089,0.4099486212693912,0.0979362865527521,0.1074098170851478,982300,221592,227491,0,0,0,12,Sandstone|Shale|Sandstone/Shale|Limestone|Chalk|Dolomite|Marl|Anhydrite|Halite|Coal|Basement|Tuff,266.53,r3_fullcurve_stats_20260930,hybrid,False,causal,full_curve,f4dff61307f0f2e705e9f9716f85c06458eb17f7,False,84a59b18b9d77acfd78337dcc7e6fd2885b5dc948e5061d8377c0b5b28b35914,D:\工作空间\测井\cross_well_dg\configs\paper_r3_multirep.yaml,af1e3a1ac6fd93f1fd7a04206a6cfdc383ef1fb9fe0221176b9ff02d09407f1a,80f751dcf6b86b3652b6c19bb1a93794dc1505ee4ff531e017226f9a7d9ef995,43041111a78dd4726423d9f43fb9a3cc00d7284ebd9c49071c459697b99c0e87,91c87c5b4f834397daa00b01ae727b059675863211f044645de62d451cfb8c46,0.3619386509512,results\multirep\details\well_id\seed179_lgbm_hybrid_while.json,266.58,0.3556416526223652,0.3556416526223652
well_id,protocol1_random_wells,179,lgbm_hybrid_smooth,closed_set,closed_set,0.3750023398977901,0.6393483698256195,0.1053518212350661,0.1347454254267442,0.3932263369565483,0.0877931843625551,0.098609602054085,982300,221592,227491,0,0,0,12,Sandstone|Shale|Sandstone/Shale|Limestone|Chalk|Dolomite|Marl|Anhydrite|Halite|Coal|Basement|Tuff,265.95,r3_fullcurve_stats_20260930,hybrid,True,full,full_curve,f4dff61307f0f2e705e9f9716f85c06458eb17f7,False,84a59b18b9d77acfd78337dcc7e6fd2885b5dc948e5061d8377c0b5b28b35914,D:\工作空间\测井\cross_well_dg\configs\paper_r3_multirep.yaml,af1e3a1ac6fd93f1fd7a04206a6cfdc383ef1fb9fe0221176b9ff02d09407f1a,a9584710f6740238911d842e0e49d5039400bf72c84a40e420357b244e624b41,43041111a78dd4726423d9f43fb9a3cc00d7284ebd9c49071c459697b99c0e87,91c87c5b4f834397daa00b01ae727b059675863211f044645de62d451cfb8c46,0.3396552672477128,results\multirep\details\well_id\seed179_lgbm_hybrid_smooth.json,266.01,0.37500233989779014,0.37500233989779014
well_id,protocol1_random_wells,181,lgbm_global,closed_set,closed_set,0.3922130740144593,0.6321337405415262,0.1997015490551207,0.2202090121555944,0.3614822429134974,0.1436203178807847,0.1444289040513454,992797,175189,263256,0,141,141,11,Sandstone|Shale|Sandstone/Shale|Limestone|Chalk|Dolomite|Marl|Anhydrite|Halite|Coal|Tuff,196.64,r3_fullcurve_stats_20260930,global,False,full,full_curve,f4dff61307f0f2e705e9f9716f85c06458eb17f7,False,84a59b18b9d77acfd78337dcc7e6fd2885b5dc948e5061d8377c0b5b28b35914,D:\工作空间\测井\cross_well_dg\configs\paper_r3_multirep.yaml,6cb3e4ee95f3beda10a5fccc8618f7ad8b74804e3cc2a0226e0df4131599ccfc,9d2c7ad879a80eef284e32d0dadee42e995aeacfcc54dedeef5e09c73767b0b5,43041111a78dd4726423d9f43fb9a3cc00d7284ebd9c49071c459697b99c0e87,91c87c5b4f834397daa00b01ae727b059675863211f044645de62d451cfb8c46,0.3667783481660648,results\multirep\details\well_id\seed181_lgbm_global.json,196.7,0.3922130740144593,0.3922130740144593
well_id,protocol1_random_wells,181,lgbm_wellnorm,closed_set,closed_set,0.3759998521391378,0.6355448688728842,0.2483206735770137,0.2520195728171938,0.3615293361562174,0.1128730334440971,0.1359137853829069,992797,175189,263256,0,141,141,11,Sandstone|Shale|Sandstone/Shale|Limestone|Chalk|Dolomite|Marl|Anhydrite|Halite|Coal|Tuff,211.72,r3_fullcurve_stats_20260930,wellnorm,True,full,full_curve,f4dff61307f0f2e705e9f9716f85c06458eb17f7,False,84a59b18b9d77acfd78337dcc7e6fd2885b5dc948e5061d8377c0b5b28b35914,D:\工作空间\测井\cross_well_dg\configs\paper_r3_multirep.yaml,6cb3e4ee95f3beda10a5fccc8618f7ad8b74804e3cc2a0226e0df4131599ccfc,5bebe90abf4e23ffaf8aaf20db4953bcbf6850267df7c4799e66fe2b05f01ac3,43041111a78dd4726423d9f43fb9a3cc00d7284ebd9c49071c459697b99c0e87,91c87c5b4f834397daa00b01ae727b059675863211f044645de62d451cfb8c46,0.2795894787915657,results\multirep\details\well_id\seed181_lgbm_wellnorm.json,211.77,0.3759998521391378,0.3759998521391378
well_id,protocol1_random_wells,181,lgbm_hybrid_norel,closed_set,closed_set,0.4129838503845315,0.672292369404686,0.2621816586034867,0.2795447759221882,0.3780696327253131,0.119173481183403,0.1549339613081692,992797,175189,263256,0,141,141,11,Sandstone|Shale|Sandstone/Shale|Limestone|Chalk|Dolomite|Marl|Anhydrite|Halite|Coal|Tuff,302.89,r3_fullcurve_stats_20260930,hybrid,False,full,full_curve,f4dff61307f0f2e705e9f9716f85c06458eb17f7,False,84a59b18b9d77acfd78337dcc7e6fd2885b5dc948e5061d8377c0b5b28b35914,D:\工作空间\测井\cross_well_dg\configs\paper_r3_multirep.yaml,6cb3e4ee95f3beda10a5fccc8618f7ad8b74804e3cc2a0226e0df4131599ccfc,541d91be3eb41014f35c930411cfd23c85379321ea069333a4b0bf8e44def757,43041111a78dd4726423d9f43fb9a3cc00d7284ebd9c49071c459697b99c0e87,91c87c5b4f834397daa00b01ae727b059675863211f044645de62d451cfb8c46,0.3399391573953593,results\multirep\details\well_id\seed181_lgbm_hybrid_norel.json,302.97,0.41298385038453156,0.41298385038453156
well_id,protocol1_random_wells,181,lgbm_hybrid,closed_set,closed_set,0.4050911600918649,0.6791526119062813,0.2784828843333852,0.2846023128072633,0.3908740059001178,0.1434560875867035,0.1671415457486377,992797,175189,263256,0,141,141,11,Sandstone|Shale|Sandstone/Shale|Limestone|Chalk|Dolomite|Marl|Anhydrite|Halite|Coal|Tuff,262.22,r3_fullcurve_stats_20260930,hybrid,True,full,full_curve,f4dff61307f0f2e705e9f9716f85c06458eb17f7,False,84a59b18b9d77acfd78337dcc7e6fd2885b5dc948e5061d8377c0b5b28b35914,D:\工作空间\测井\cross_well_dg\configs\paper_r3_multirep.yaml,6cb3e4ee95f3beda10a5fccc8618f7ad8b74804e3cc2a0226e0df4131599ccfc,a9584710f6740238911d842e0e49d5039400bf72c84a40e420357b244e624b41,43041111a78dd4726423d9f43fb9a3cc00d7284ebd9c49071c459697b99c0e87,91c87c5b4f834397daa00b01ae727b059675863211f044645de62d451cfb8c46,0.3351140167108434,results\multirep\details\well_id\seed181_lgbm_hybrid.json,262.3,0.40509116009186497,0.40509116009186497
well_id,protocol1_random_wells,181,lgbm_hybrid_while,closed_set,closed_set,0.41456773456794,0.6515634971282706,0.2439656022347087,0.2558835680393763,0.3735444107145358,0.1217279699291108,0.1495787494135404,992797,175189,263256,0,141,141,11,Sandstone|Shale|Sandstone/Shale|Limestone|Chalk|Dolomite|Marl|Anhydrite|Halite|Coal|Tuff,267.64,r3_fullcurve_stats_20260930,hybrid,False,causal,full_curve,f4dff61307f0f2e705e9f9716f85c06458eb17f7,False,84a59b18b9d77acfd78337dcc7e6fd2885b5dc948e5061d8377c0b5b28b35914,D:\工作空间\测井\cross_well_dg\configs\paper_r3_multirep.yaml,6cb3e4ee95f3beda10a5fccc8618f7ad8b74804e3cc2a0226e0df4131599ccfc,80f751dcf6b86b3652b6c19bb1a93794dc1505ee4ff531e017226f9a7d9ef995,43041111a78dd4726423d9f43fb9a3cc00d7284ebd9c49071c459697b99c0e87,91c87c5b4f834397daa00b01ae727b059675863211f044645de62d451cfb8c46,0.3684850182163467,results\multirep\details\well_id\seed181_lgbm_hybrid_while.json,267.73,0.41456773456794005,0.41456773456794005
well_id,protocol1_random_wells,181,lgbm_hybrid_smooth,closed_set,closed_set,0.4075120175179341,0.6835475734646124,0.2731367122896268,0.2763791677872721,0.3812938090231832,0.1271185340870082,0.1575702982444491,992797,175189,263256,0,141,141,11,Sandstone|Shale|Sandstone/Shale|Limestone|Chalk|Dolomite|Marl|Anhydrite|Halite|Coal|Tuff,257.57,r3_fullcurve_stats_20260930,hybrid,True,full,full_curve,f4dff61307f0f2e705e9f9716f85c06458eb17f7,False,84a59b18b9d77acfd78337dcc7e6fd2885b5dc948e5061d8377c0b5b28b35914,D:\工作空间\测井\cross_well_dg\configs\paper_r3_multirep.yaml,6cb3e4ee95f3beda10a5fccc8618f7ad8b74804e3cc2a0226e0df4131599ccfc,a9584710f6740238911d842e0e49d5039400bf72c84a40e420357b244e624b41,43041111a78dd4726423d9f43fb9a3cc00d7284ebd9c49071c459697b99c0e87,91c87c5b4f834397daa00b01ae727b059675863211f044645de62d451cfb8c46,0.3336397579815232,results\multirep\details\well_id\seed181_lgbm_hybrid_smooth.json,257.64,0.4075120175179341,0.4075120175179341
well_id,protocol1_random_wells,191,lgbm_global,closed_set,closed_set,0.3597284579662824,0.5586320176776188,0.1177832636102192,0.1478882707934327,0.3922494009290563,0.0687069037726278,0.0788517713804755,1002407,242073,186903,0,0,0,12,Sandstone|Shale|Sandstone/Shale|Limestone|Chalk|Dolomite|Marl|Anhydrite|Halite|Coal|Basement|Tuff,199.29,r3_fullcurve_stats_20260930,global,False,full,full_curve,f4dff61307f0f2e705e9f9716f85c06458eb17f7,False,84a59b18b9d77acfd78337dcc7e6fd2885b5dc948e5061d8377c0b5b28b35914,D:\工作空间\测井\cross_well_dg\configs\paper_r3_multirep.yaml,3cda78813ea30a6fb2902761a2cefd5edfe157671aec7d5a08e7a404bb214734,9d2c7ad879a80eef284e32d0dadee42e995aeacfcc54dedeef5e09c73767b0b5,43041111a78dd4726423d9f43fb9a3cc00d7284ebd9c49071c459697b99c0e87,91c87c5b4f834397daa00b01ae727b059675863211f044645de62d451cfb8c46,0.3727933530584967,results\multirep\details\well_id\seed191_lgbm_global.json,199.34,0.26162069670275084,0.3597284579662824
well_id,protocol1_random_wells,191,lgbm_wellnorm,closed_set,closed_set,0.3406509254738328,0.5885138280284425,0.2024202988798045,0.2058618488498672,0.3469480433147418,0.0872097495083041,0.0942099494741032,1002407,242073,186903,0,0,0,12,Sandstone|Shale|Sandstone/Shale|Limestone|Chalk|Dolomite|Marl|Anhydrite|Halite|Coal|Basement|Tuff,210.69,r3_fullcurve_stats_20260930,wellnorm,True,full,full_curve,f4dff61307f0f2e705e9f9716f85c06458eb17f7,False,84a59b18b9d77acfd78337dcc7e6fd2885b5dc948e5061d8377c0b5b28b35914,D:\工作空间\测井\cross_well_dg\configs\paper_r3_multirep.yaml,3cda78813ea30a6fb2902761a2cefd5edfe157671aec7d5a08e7a404bb214734,5bebe90abf4e23ffaf8aaf20db4953bcbf6850267df7c4799e66fe2b05f01ac3,43041111a78dd4726423d9f43fb9a3cc00d7284ebd9c49071c459697b99c0e87,91c87c5b4f834397daa00b01ae727b059675863211f044645de62d451cfb8c46,0.3235574176664311,results\multirep\details\well_id\seed191_lgbm_wellnorm.json,210.74,0.24774612761733295,0.3406509254738328
well_id,protocol1_random_wells,191,lgbm_hybrid_norel,closed_set,closed_set,0.3679602160797471,0.5926603639320931,0.209591979640366,0.2115027492694743,0.3911384034601564,0.1044179588830907,0.105562359166191,1002407,242073,186903,0,0,0,12,Sandstone|Shale|Sandstone/Shale|Limestone|Chalk|Dolomite|Marl|Anhydrite|Halite|Coal|Basement|Tuff,222.23,r3_fullcurve_stats_20260930,hybrid,False,full,full_curve,f4dff61307f0f2e705e9f9716f85c06458eb17f7,False,84a59b18b9d77acfd78337dcc7e6fd2885b5dc948e5061d8377c0b5b28b35914,D:\工作空间\测井\cross_well_dg\configs\paper_r3_multirep.yaml,3cda78813ea30a6fb2902761a2cefd5edfe157671aec7d5a08e7a404bb214734,541d91be3eb41014f35c930411cfd23c85379321ea069333a4b0bf8e44def757,43041111a78dd4726423d9f43fb9a3cc00d7284ebd9c49071c459697b99c0e87,91c87c5b4f834397daa00b01ae727b059675863211f044645de62d451cfb8c46,0.3397449649102755,results\multirep\details\well_id\seed191_lgbm_hybrid_norel.json,222.32,0.2676074298761797,0.3679602160797471
well_id,protocol1_random_wells,191,lgbm_hybrid,closed_set,closed_set,0.3788624903769713,0.6165444107371203,0.1762285363539495,0.2019402920234547,0.3834397892592724,0.0935192288013316,0.0968515135497129,1002407,242073,186903,0,0,0,12,Sandstone|Shale|Sandstone/Shale|Limestone|Chalk|Dolomite|Marl|Anhydrite|Halite|Coal|Basement|Tuff,245.19,r3_fullcurve_stats_20260930,hybrid,True,full,full_curve,f4dff61307f0f2e705e9f9716f85c06458eb17f7,False,84a59b18b9d77acfd78337dcc7e6fd2885b5dc948e5061d8377c0b5b28b35914,D:\工作空间\测井\cross_well_dg\configs\paper_r3_multirep.yaml,3cda78813ea30a6fb2902761a2cefd5edfe157671aec7d5a08e7a404bb214734,a9584710f6740238911d842e0e49d5039400bf72c84a40e420357b244e624b41,43041111a78dd4726423d9f43fb9a3cc00d7284ebd9c49071c459697b99c0e87,91c87c5b4f834397daa00b01ae727b059675863211f044645de62d451cfb8c46,0.3708335225648127,results\multirep\details\well_id\seed191_lgbm_hybrid.json,245.27,0.2755363566377973,0.37886249037697134
well_id,protocol1_random_wells,191,lgbm_hybrid_while,closed_set,closed_set,0.3554896848806541,0.5893752374226203,0.1662180471242319,0.174990837991109,0.3958751554832743,0.091881814428993,0.0944211709590641,1002407,242073,186903,0,0,0,12,Sandstone|Shale|Sandstone/Shale|Limestone|Chalk|Dolomite|Marl|Anhydrite|Halite|Coal|Basement|Tuff,215.31,r3_fullcurve_stats_20260930,hybrid,False,causal,full_curve,f4dff61307f0f2e705e9f9716f85c06458eb17f7,False,84a59b18b9d77acfd78337dcc7e6fd2885b5dc948e5061d8377c0b5b28b35914,D:\工作空间\测井\cross_well_dg\configs\paper_r3_multirep.yaml,3cda78813ea30a6fb2902761a2cefd5edfe157671aec7d5a08e7a404bb214734,80f751dcf6b86b3652b6c19bb1a93794dc1505ee4ff531e017226f9a7d9ef995,43041111a78dd4726423d9f43fb9a3cc00d7284ebd9c49071c459697b99c0e87,91c87c5b4f834397daa00b01ae727b059675863211f044645de62d451cfb8c46,0.3501929877047015,results\multirep\details\well_id\seed191_lgbm_hybrid_while.json,215.38,0.2585379526404757,0.3554896848806541
well_id,protocol1_random_wells,191,lgbm_hybrid_smooth,closed_set,closed_set,0.3812273807656212,0.6217770715290819,0.1672638644999018,0.1902101157266144,0.3782852848673445,0.0888151528972196,0.0908708372141972,1002407,242073,186903,0,0,0,12,Sandstone|Shale|Sandstone/Shale|Limestone|Chalk|Dolomite|Marl|Anhydrite|Halite|Coal|Basement|Tuff,255.37,r3_fullcurve_stats_20260930,hybrid,True,full,full_curve,f4dff61307f0f2e705e9f9716f85c06458eb17f7,False,84a59b18b9d77acfd78337dcc7e6fd2885b5dc948e5061d8377c0b5b28b35914,D:\工作空间\测井\cross_well_dg\configs\paper_r3_multirep.yaml,3cda78813ea30a6fb2902761a2cefd5edfe157671aec7d5a08e7a404bb214734,a9584710f6740238911d842e0e49d5039400bf72c84a40e420357b244e624b41,43041111a78dd4726423d9f43fb9a3cc00d7284ebd9c49071c459697b99c0e87,91c87c5b4f834397daa00b01ae727b059675863211f044645de62d451cfb8c46,0.3736566387376722,results\multirep\details\well_id\seed191_lgbm_hybrid_smooth.json,255.44,0.2772562769204518,0.3812273807656212
well_id,protocol1_random_wells,193,lgbm_global,closed_set,closed_set,0.3464155126087547,0.6150420225541827,0.2412366962012813,0.2420473782112586,0.3836863194155619,0.0778889511935432,0.1006190989583564,1008826,174000,248557,0,0,0,12,Sandstone|Shale|Sandstone/Shale|Limestone|Chalk|Dolomite|Marl|Anhydrite|Halite|Coal|Basement|Tuff,152.8,r3_fullcurve_stats_20260930,global,False,full,full_curve,f4dff61307f0f2e705e9f9716f85c06458eb17f7,False,84a59b18b9d77acfd78337dcc7e6fd2885b5dc948e5061d8377c0b5b28b35914,D:\工作空间\测井\cross_well_dg\configs\paper_r3_multirep.yaml,88be2042f48dbce9f349290e001b2781d2a86bd0f5cad7245908fcac34a1323a,9d2c7ad879a80eef284e32d0dadee42e995aeacfcc54dedeef5e09c73767b0b5,43041111a78dd4726423d9f43fb9a3cc00d7284ebd9c49071c459697b99c0e87,91c87c5b4f834397daa00b01ae727b059675863211f044645de62d451cfb8c46,0.4542478168407622,results\multirep\details\well_id\seed193_lgbm_global.json,152.85,0.3464155126087548,0.3464155126087548
well_id,protocol1_random_wells,193,lgbm_wellnorm,closed_set,closed_set,0.2793270806534897,0.6265605072478345,0.1149492870887101,0.1735783887399047,0.3659611378391743,0.0957910725739251,0.100946724677234,1008826,174000,248557,0,0,0,12,Sandstone|Shale|Sandstone/Shale|Limestone|Chalk|Dolomite|Marl|Anhydrite|Halite|Coal|Basement|Tuff,144.64,r3_fullcurve_stats_20260930,wellnorm,True,full,full_curve,f4dff61307f0f2e705e9f9716f85c06458eb17f7,False,84a59b18b9d77acfd78337dcc7e6fd2885b5dc948e5061d8377c0b5b28b35914,D:\工作空间\测井\cross_well_dg\configs\paper_r3_multirep.yaml,88be2042f48dbce9f349290e001b2781d2a86bd0f5cad7245908fcac34a1323a,5bebe90abf4e23ffaf8aaf20db4953bcbf6850267df7c4799e66fe2b05f01ac3,43041111a78dd4726423d9f43fb9a3cc00d7284ebd9c49071c459697b99c0e87,91c87c5b4f834397daa00b01ae727b059675863211f044645de62d451cfb8c46,0.3865640069888936,results\multirep\details\well_id\seed193_lgbm_wellnorm.json,144.69,0.27932708065348966,0.27932708065348966
well_id,protocol1_random_wells,193,lgbm_hybrid_norel,closed_set,closed_set,0.3493075738246006,0.672075218159215,0.1564639327682198,0.2218201803367127,0.4089626035747498,0.1135447481445327,0.1219656793923579,1008826,174000,248557,0,0,0,12,Sandstone|Shale|Sandstone/Shale|Limestone|Chalk|Dolomite|Marl|Anhydrite|Halite|Coal|Basement|Tuff,173.91,r3_fullcurve_stats_20260930,hybrid,False,full,full_curve,f4dff61307f0f2e705e9f9716f85c06458eb17f7,False,84a59b18b9d77acfd78337dcc7e6fd2885b5dc948e5061d8377c0b5b28b35914,D:\工作空间\测井\cross_well_dg\configs\paper_r3_multirep.yaml,88be2042f48dbce9f349290e001b2781d2a86bd0f5cad7245908fcac34a1323a,541d91be3eb41014f35c930411cfd23c85379321ea069333a4b0bf8e44def757,43041111a78dd4726423d9f43fb9a3cc00d7284ebd9c49071c459697b99c0e87,91c87c5b4f834397daa00b01ae727b059675863211f044645de62d451cfb8c46,0.4263555627694979,results\multirep\details\well_id\seed193_lgbm_hybrid_norel.json,174.0,0.3493075738246006,0.3493075738246006
well_id,protocol1_random_wells,193,lgbm_hybrid,closed_set,closed_set,0.396323659227271,0.6783433980937974,0.1808753687527646,0.2332255900401587,0.4119279594138432,0.1050827670476823,0.1239353363557294,1008826,174000,248557,0,0,0,12,Sandstone|Shale|Sandstone/Shale|Limestone|Chalk|Dolomite|Marl|Anhydrite|Halite|Coal|Basement|Tuff,162.55,r3_fullcurve_stats_20260930,hybrid,True,full,full_curve,f4dff61307f0f2e705e9f9716f85c06458eb17f7,False,84a59b18b9d77acfd78337dcc7e6fd2885b5dc948e5061d8377c0b5b28b35914,D:\工作空间\测井\cross_well_dg\configs\paper_r3_multirep.yaml,88be2042f48dbce9f349290e001b2781d2a86bd0f5cad7245908fcac34a1323a,a9584710f6740238911d842e0e49d5039400bf72c84a40e420357b244e624b41,43041111a78dd4726423d9f43fb9a3cc00d7284ebd9c49071c459697b99c0e87,91c87c5b4f834397daa00b01ae727b059675863211f044645de62d451cfb8c46,0.4476685349792546,results\multirep\details\well_id\seed193_lgbm_hybrid.json,162.62,0.3963236592272711,0.3963236592272711
well_id,protocol1_random_wells,193,lgbm_hybrid_while,closed_set,closed_set,0.3544477044792547,0.6582634969041307,0.2353196510747751,0.2558895604696032,0.3969649992536149,0.094639443086596,0.1188785594355243,1008826,174000,248557,0,0,0,12,Sandstone|Shale|Sandstone/Shale|Limestone|Chalk|Dolomite|Marl|Anhydrite|Halite|Coal|Basement|Tuff,208.58,r3_fullcurve_stats_20260930,hybrid,False,causal,full_curve,f4dff61307f0f2e705e9f9716f85c06458eb17f7,False,84a59b18b9d77acfd78337dcc7e6fd2885b5dc948e5061d8377c0b5b28b35914,D:\工作空间\测井\cross_well_dg\configs\paper_r3_multirep.yaml,88be2042f48dbce9f349290e001b2781d2a86bd0f5cad7245908fcac34a1323a,80f751dcf6b86b3652b6c19bb1a93794dc1505ee4ff531e017226f9a7d9ef995,43041111a78dd4726423d9f43fb9a3cc00d7284ebd9c49071c459697b99c0e87,91c87c5b4f834397daa00b01ae727b059675863211f044645de62d451cfb8c46,0.4553258781603009,results\multirep\details\well_id\seed193_lgbm_hybrid_while.json,208.65,0.35444770447925467,0.35444770447925467
well_id,protocol1_random_wells,193,lgbm_hybrid_smooth,closed_set,closed_set,0.3990762804396567,0.6816384169425926,0.1796254095344109,0.2303901200703739,0.4097280857847089,0.1044593455884326,0.1225183804458005,1008826,174000,248557,0,0,0,12,Sandstone|Shale|Sandstone/Shale|Limestone|Chalk|Dolomite|Marl|Anhydrite|Halite|Coal|Basement|Tuff,181.79,r3_fullcurve_stats_20260930,hybrid,True,full,full_curve,f4dff61307f0f2e705e9f9716f85c06458eb17f7,False,84a59b18b9d77acfd78337dcc7e6fd2885b5dc948e5061d8377c0b5b28b35914,D:\工作空间\测井\cross_well_dg\configs\paper_r3_multirep.yaml,88be2042f48dbce9f349290e001b2781d2a86bd0f5cad7245908fcac34a1323a,a9584710f6740238911d842e0e49d5039400bf72c84a40e420357b244e624b41,43041111a78dd4726423d9f43fb9a3cc00d7284ebd9c49071c459697b99c0e87,91c87c5b4f834397daa00b01ae727b059675863211f044645de62d451cfb8c46,0.4460009963974437,results\multirep\details\well_id\seed193_lgbm_hybrid_smooth.json,181.86,0.3990762804396567,0.3990762804396567
