split_mode,protocol,seed,method,label_regime,a_priori_regime,macro_f1,accuracy,worst_well_f1,worst10pct_well_f1,well_macro_f1_mean,worst_well_f1_fixed,worst10pct_well_f1_fixed,n_train,n_val,n_test,n_test_unseen_label_kept,n_val_dropped_unseen_label,n_val_dropped_unseen,n_fixed_labels,train_class_names,seconds,pipeline_version,feature_mode,use_relative_depth,well_z_mode,stats_support,git_commit,git_dirty,config_hash,config_path,split_hash,feature_param_hash,hash_labeled_parquet,hash_curves_all_parquet,val_open_macro_f1,details_path,wall_seconds,macro_f1_ccommon,macro_f1_ccommon_supported
parent_grouped,protocol1_parent_grouped_wells,42,lgbm_global,closed_set,closed_set,0.3952354136301743,0.5790266232983978,0.1416842594822377,0.2161774523823749,0.4044249454780067,0.0772823233539478,0.115733105331331,989267,226149,215826,0,141,141,11,Sandstone|Shale|Sandstone/Shale|Limestone|Chalk|Dolomite|Marl|Anhydrite|Halite|Coal|Tuff,148.84,r3_fullcurve_stats_20260930,global,False,full,full_curve,f4dff61307f0f2e705e9f9716f85c06458eb17f7,False,84a59b18b9d77acfd78337dcc7e6fd2885b5dc948e5061d8377c0b5b28b35914,D:\工作空间\测井\cross_well_dg\configs\paper_r3_multirep.yaml,934317bc72aa02d8b82bc49fe31cee7218b9b3104e283e894a92ea725ced6735,9d2c7ad879a80eef284e32d0dadee42e995aeacfcc54dedeef5e09c73767b0b5,43041111a78dd4726423d9f43fb9a3cc00d7284ebd9c49071c459697b99c0e87,91c87c5b4f834397daa00b01ae727b059675863211f044645de62d451cfb8c46,0.2878404184693492,results\multirep\details\parent_grouped\seed42_lgbm_global.json,148.88,0.3952354136301745,0.3952354136301745
parent_grouped,protocol1_parent_grouped_wells,42,lgbm_wellnorm,closed_set,closed_set,0.2990589259309006,0.6347798689685209,0.1699362528228245,0.1836072692829815,0.4156796481660312,0.1076063376780755,0.1233225449938296,989267,226149,215826,0,141,141,11,Sandstone|Shale|Sandstone/Shale|Limestone|Chalk|Dolomite|Marl|Anhydrite|Halite|Coal|Tuff,146.04,r3_fullcurve_stats_20260930,wellnorm,True,full,full_curve,f4dff61307f0f2e705e9f9716f85c06458eb17f7,False,84a59b18b9d77acfd78337dcc7e6fd2885b5dc948e5061d8377c0b5b28b35914,D:\工作空间\测井\cross_well_dg\configs\paper_r3_multirep.yaml,934317bc72aa02d8b82bc49fe31cee7218b9b3104e283e894a92ea725ced6735,5bebe90abf4e23ffaf8aaf20db4953bcbf6850267df7c4799e66fe2b05f01ac3,43041111a78dd4726423d9f43fb9a3cc00d7284ebd9c49071c459697b99c0e87,91c87c5b4f834397daa00b01ae727b059675863211f044645de62d451cfb8c46,0.2485036162336999,results\multirep\details\parent_grouped\seed42_lgbm_wellnorm.json,146.09,0.29905892593090067,0.29905892593090067
parent_grouped,protocol1_parent_grouped_wells,42,lgbm_hybrid_norel,closed_set,closed_set,0.4034076153106898,0.651483139195463,0.2065699156924655,0.2479257174158667,0.4406964556363887,0.1126744994686175,0.1552434693407285,989267,226149,215826,0,141,141,11,Sandstone|Shale|Sandstone/Shale|Limestone|Chalk|Dolomite|Marl|Anhydrite|Halite|Coal|Tuff,220.77,r3_fullcurve_stats_20260930,hybrid,False,full,full_curve,f4dff61307f0f2e705e9f9716f85c06458eb17f7,False,84a59b18b9d77acfd78337dcc7e6fd2885b5dc948e5061d8377c0b5b28b35914,D:\工作空间\测井\cross_well_dg\configs\paper_r3_multirep.yaml,934317bc72aa02d8b82bc49fe31cee7218b9b3104e283e894a92ea725ced6735,541d91be3eb41014f35c930411cfd23c85379321ea069333a4b0bf8e44def757,43041111a78dd4726423d9f43fb9a3cc00d7284ebd9c49071c459697b99c0e87,91c87c5b4f834397daa00b01ae727b059675863211f044645de62d451cfb8c46,0.2952975237709989,results\multirep\details\parent_grouped\seed42_lgbm_hybrid_norel.json,220.85,0.40340761531068986,0.40340761531068986
parent_grouped,protocol1_parent_grouped_wells,42,lgbm_hybrid,closed_set,closed_set,0.4079478343040389,0.6470165781694514,0.1925725437529885,0.2570788709514293,0.4571498967408928,0.1050395693198119,0.1419367644575926,989267,226149,215826,0,141,141,11,Sandstone|Shale|Sandstone/Shale|Limestone|Chalk|Dolomite|Marl|Anhydrite|Halite|Coal|Tuff,175.34,r3_fullcurve_stats_20260930,hybrid,True,full,full_curve,f4dff61307f0f2e705e9f9716f85c06458eb17f7,False,84a59b18b9d77acfd78337dcc7e6fd2885b5dc948e5061d8377c0b5b28b35914,D:\工作空间\测井\cross_well_dg\configs\paper_r3_multirep.yaml,934317bc72aa02d8b82bc49fe31cee7218b9b3104e283e894a92ea725ced6735,a9584710f6740238911d842e0e49d5039400bf72c84a40e420357b244e624b41,43041111a78dd4726423d9f43fb9a3cc00d7284ebd9c49071c459697b99c0e87,91c87c5b4f834397daa00b01ae727b059675863211f044645de62d451cfb8c46,0.3227770081925035,results\multirep\details\parent_grouped\seed42_lgbm_hybrid.json,175.43,0.4079478343040389,0.4079478343040389
parent_grouped,protocol1_parent_grouped_wells,42,lgbm_hybrid_while,closed_set,closed_set,0.4374123960156836,0.6391769295636299,0.2371079925636438,0.2814007434814601,0.4404834569959953,0.129331632307442,0.1604629876954788,989267,226149,215826,0,141,141,11,Sandstone|Shale|Sandstone/Shale|Limestone|Chalk|Dolomite|Marl|Anhydrite|Halite|Coal|Tuff,232.73,r3_fullcurve_stats_20260930,hybrid,False,causal,full_curve,f4dff61307f0f2e705e9f9716f85c06458eb17f7,False,84a59b18b9d77acfd78337dcc7e6fd2885b5dc948e5061d8377c0b5b28b35914,D:\工作空间\测井\cross_well_dg\configs\paper_r3_multirep.yaml,934317bc72aa02d8b82bc49fe31cee7218b9b3104e283e894a92ea725ced6735,80f751dcf6b86b3652b6c19bb1a93794dc1505ee4ff531e017226f9a7d9ef995,43041111a78dd4726423d9f43fb9a3cc00d7284ebd9c49071c459697b99c0e87,91c87c5b4f834397daa00b01ae727b059675863211f044645de62d451cfb8c46,0.3149377166442457,results\multirep\details\parent_grouped\seed42_lgbm_hybrid_while.json,232.83,0.4374123960156837,0.4374123960156837
parent_grouped,protocol1_parent_grouped_wells,42,lgbm_hybrid_smooth,closed_set,closed_set,0.4132965208955478,0.6517240740225922,0.18937740433432,0.2561316764955036,0.4566351378255083,0.1032967660005382,0.1398908880302778,989267,226149,215826,0,141,141,11,Sandstone|Shale|Sandstone/Shale|Limestone|Chalk|Dolomite|Marl|Anhydrite|Halite|Coal|Tuff,184.35,r3_fullcurve_stats_20260930,hybrid,True,full,full_curve,f4dff61307f0f2e705e9f9716f85c06458eb17f7,False,84a59b18b9d77acfd78337dcc7e6fd2885b5dc948e5061d8377c0b5b28b35914,D:\工作空间\测井\cross_well_dg\configs\paper_r3_multirep.yaml,934317bc72aa02d8b82bc49fe31cee7218b9b3104e283e894a92ea725ced6735,a9584710f6740238911d842e0e49d5039400bf72c84a40e420357b244e624b41,43041111a78dd4726423d9f43fb9a3cc00d7284ebd9c49071c459697b99c0e87,91c87c5b4f834397daa00b01ae727b059675863211f044645de62d451cfb8c46,0.3261844900772888,results\multirep\details\parent_grouped\seed42_lgbm_hybrid_smooth.json,184.43,0.41329652089554786,0.41329652089554786
parent_grouped,protocol1_parent_grouped_wells,43,lgbm_global,closed_set,closed_set,0.4257817588881736,0.5747982152704667,0.2618186855615853,0.2744402623716114,0.418515288667099,0.1242125727289266,0.1338717461598727,989990,241923,199470,0,0,0,12,Sandstone|Shale|Sandstone/Shale|Limestone|Chalk|Dolomite|Marl|Anhydrite|Halite|Coal|Basement|Tuff,142.47,r3_fullcurve_stats_20260930,global,False,full,full_curve,f4dff61307f0f2e705e9f9716f85c06458eb17f7,False,84a59b18b9d77acfd78337dcc7e6fd2885b5dc948e5061d8377c0b5b28b35914,D:\工作空间\测井\cross_well_dg\configs\paper_r3_multirep.yaml,ae905725419e935998a061cec2e23771d864d674620710a0d59ac038b665c839,9d2c7ad879a80eef284e32d0dadee42e995aeacfcc54dedeef5e09c73767b0b5,43041111a78dd4726423d9f43fb9a3cc00d7284ebd9c49071c459697b99c0e87,91c87c5b4f834397daa00b01ae727b059675863211f044645de62d451cfb8c46,0.3238217144695646,results\multirep\details\parent_grouped\seed43_lgbm_global.json,142.54,0.34836689363577844,0.42578175888817366
parent_grouped,protocol1_parent_grouped_wells,43,lgbm_wellnorm,closed_set,closed_set,0.3145750025711954,0.6014388128540633,0.1578381967832978,0.2051450559192395,0.3571283235927766,0.0789190983916489,0.1013831539626547,989990,241923,199470,0,0,0,12,Sandstone|Shale|Sandstone/Shale|Limestone|Chalk|Dolomite|Marl|Anhydrite|Halite|Coal|Basement|Tuff,221.51,r3_fullcurve_stats_20260930,wellnorm,True,full,full_curve,f4dff61307f0f2e705e9f9716f85c06458eb17f7,False,84a59b18b9d77acfd78337dcc7e6fd2885b5dc948e5061d8377c0b5b28b35914,D:\工作空间\测井\cross_well_dg\configs\paper_r3_multirep.yaml,ae905725419e935998a061cec2e23771d864d674620710a0d59ac038b665c839,5bebe90abf4e23ffaf8aaf20db4953bcbf6850267df7c4799e66fe2b05f01ac3,43041111a78dd4726423d9f43fb9a3cc00d7284ebd9c49071c459697b99c0e87,91c87c5b4f834397daa00b01ae727b059675863211f044645de62d451cfb8c46,0.3861774365217433,results\multirep\details\parent_grouped\seed43_lgbm_wellnorm.json,221.58,0.2573795475582508,0.3145750025711955
parent_grouped,protocol1_parent_grouped_wells,43,lgbm_hybrid_norel,closed_set,closed_set,0.4641732964380536,0.6210207048679,0.2507419451483673,0.2555320779241421,0.4244876302805513,0.1253709725741836,0.1343567595078925,989990,241923,199470,0,0,0,12,Sandstone|Shale|Sandstone/Shale|Limestone|Chalk|Dolomite|Marl|Anhydrite|Halite|Coal|Basement|Tuff,192.45,r3_fullcurve_stats_20260930,hybrid,False,full,full_curve,f4dff61307f0f2e705e9f9716f85c06458eb17f7,False,84a59b18b9d77acfd78337dcc7e6fd2885b5dc948e5061d8377c0b5b28b35914,D:\工作空间\测井\cross_well_dg\configs\paper_r3_multirep.yaml,ae905725419e935998a061cec2e23771d864d674620710a0d59ac038b665c839,541d91be3eb41014f35c930411cfd23c85379321ea069333a4b0bf8e44def757,43041111a78dd4726423d9f43fb9a3cc00d7284ebd9c49071c459697b99c0e87,91c87c5b4f834397daa00b01ae727b059675863211f044645de62d451cfb8c46,0.328629345834304,results\multirep\details\parent_grouped\seed43_lgbm_hybrid_norel.json,192.53,0.3797781516311348,0.4641732964380536
parent_grouped,protocol1_parent_grouped_wells,43,lgbm_hybrid,closed_set,closed_set,0.4596227545782321,0.6538426831102422,0.247009243352753,0.2886377933043424,0.4202580622664388,0.1235046216763765,0.1339825413841473,989990,241923,199470,0,0,0,12,Sandstone|Shale|Sandstone/Shale|Limestone|Chalk|Dolomite|Marl|Anhydrite|Halite|Coal|Basement|Tuff,211.88,r3_fullcurve_stats_20260930,hybrid,True,full,full_curve,f4dff61307f0f2e705e9f9716f85c06458eb17f7,False,84a59b18b9d77acfd78337dcc7e6fd2885b5dc948e5061d8377c0b5b28b35914,D:\工作空间\测井\cross_well_dg\configs\paper_r3_multirep.yaml,ae905725419e935998a061cec2e23771d864d674620710a0d59ac038b665c839,a9584710f6740238911d842e0e49d5039400bf72c84a40e420357b244e624b41,43041111a78dd4726423d9f43fb9a3cc00d7284ebd9c49071c459697b99c0e87,91c87c5b4f834397daa00b01ae727b059675863211f044645de62d451cfb8c46,0.4032488900413104,results\multirep\details\parent_grouped\seed43_lgbm_hybrid.json,211.96,0.37605498101855356,0.4596227545782321
parent_grouped,protocol1_parent_grouped_wells,43,lgbm_hybrid_while,closed_set,closed_set,0.4518081189258399,0.6185742216874718,0.2960601819064651,0.3032675567517069,0.4377893545840113,0.1409434555158611,0.1444867732345468,989990,241923,199470,0,0,0,12,Sandstone|Shale|Sandstone/Shale|Limestone|Chalk|Dolomite|Marl|Anhydrite|Halite|Coal|Basement|Tuff,208.18,r3_fullcurve_stats_20260930,hybrid,False,causal,full_curve,f4dff61307f0f2e705e9f9716f85c06458eb17f7,False,84a59b18b9d77acfd78337dcc7e6fd2885b5dc948e5061d8377c0b5b28b35914,D:\工作空间\测井\cross_well_dg\configs\paper_r3_multirep.yaml,ae905725419e935998a061cec2e23771d864d674620710a0d59ac038b665c839,80f751dcf6b86b3652b6c19bb1a93794dc1505ee4ff531e017226f9a7d9ef995,43041111a78dd4726423d9f43fb9a3cc00d7284ebd9c49071c459697b99c0e87,91c87c5b4f834397daa00b01ae727b059675863211f044645de62d451cfb8c46,0.3449879161201861,results\multirep\details\parent_grouped\seed43_lgbm_hybrid_while.json,208.26,0.36966118821205085,0.4518081189258399
parent_grouped,protocol1_parent_grouped_wells,43,lgbm_hybrid_smooth,closed_set,closed_set,0.4657215035986075,0.6599789442021357,0.2361546032720654,0.2739408852988812,0.4176270988578309,0.1180773016360327,0.1318319579509818,989990,241923,199470,0,0,0,12,Sandstone|Shale|Sandstone/Shale|Limestone|Chalk|Dolomite|Marl|Anhydrite|Halite|Coal|Basement|Tuff,219.69,r3_fullcurve_stats_20260930,hybrid,True,full,full_curve,f4dff61307f0f2e705e9f9716f85c06458eb17f7,False,84a59b18b9d77acfd78337dcc7e6fd2885b5dc948e5061d8377c0b5b28b35914,D:\工作空间\测井\cross_well_dg\configs\paper_r3_multirep.yaml,ae905725419e935998a061cec2e23771d864d674620710a0d59ac038b665c839,a9584710f6740238911d842e0e49d5039400bf72c84a40e420357b244e624b41,43041111a78dd4726423d9f43fb9a3cc00d7284ebd9c49071c459697b99c0e87,91c87c5b4f834397daa00b01ae727b059675863211f044645de62d451cfb8c46,0.4066840391774187,results\multirep\details\parent_grouped\seed43_lgbm_hybrid_smooth.json,219.75,0.3810448665806789,0.46572150359860753
parent_grouped,protocol1_parent_grouped_wells,45,lgbm_global,closed_set,closed_set,0.2905759624452367,0.6116064372230255,0.2471966489928765,0.2601762847670879,0.3740733347964404,0.1348345358142962,0.1451737027636854,1021580,238843,170819,0,141,141,11,Sandstone|Shale|Sandstone/Shale|Limestone|Chalk|Dolomite|Marl|Anhydrite|Halite|Coal|Tuff,135.71,r3_fullcurve_stats_20260930,global,False,full,full_curve,f4dff61307f0f2e705e9f9716f85c06458eb17f7,False,84a59b18b9d77acfd78337dcc7e6fd2885b5dc948e5061d8377c0b5b28b35914,D:\工作空间\测井\cross_well_dg\configs\paper_r3_multirep.yaml,8399fbcd30eac49341744c2cd16a8305db1ced6f293b03104d55d8f0c9519b74,9d2c7ad879a80eef284e32d0dadee42e995aeacfcc54dedeef5e09c73767b0b5,43041111a78dd4726423d9f43fb9a3cc00d7284ebd9c49071c459697b99c0e87,91c87c5b4f834397daa00b01ae727b059675863211f044645de62d451cfb8c46,0.34064882111306,results\multirep\details\parent_grouped\seed45_lgbm_global.json,135.79,0.2377439692733755,0.2905759624452367
parent_grouped,protocol1_parent_grouped_wells,45,lgbm_wellnorm,closed_set,closed_set,0.2962955515034006,0.6410352478354281,0.1536746656797165,0.160146959513028,0.3584935105478127,0.0698521207635075,0.0803676749307554,1021580,238843,170819,0,141,141,11,Sandstone|Shale|Sandstone/Shale|Limestone|Chalk|Dolomite|Marl|Anhydrite|Halite|Coal|Tuff,147.33,r3_fullcurve_stats_20260930,wellnorm,True,full,full_curve,f4dff61307f0f2e705e9f9716f85c06458eb17f7,False,84a59b18b9d77acfd78337dcc7e6fd2885b5dc948e5061d8377c0b5b28b35914,D:\工作空间\测井\cross_well_dg\configs\paper_r3_multirep.yaml,8399fbcd30eac49341744c2cd16a8305db1ced6f293b03104d55d8f0c9519b74,5bebe90abf4e23ffaf8aaf20db4953bcbf6850267df7c4799e66fe2b05f01ac3,43041111a78dd4726423d9f43fb9a3cc00d7284ebd9c49071c459697b99c0e87,91c87c5b4f834397daa00b01ae727b059675863211f044645de62d451cfb8c46,0.296730449980347,results\multirep\details\parent_grouped\seed45_lgbm_wellnorm.json,147.41,0.24242363304823683,0.2962955515034006
parent_grouped,protocol1_parent_grouped_wells,45,lgbm_hybrid_norel,closed_set,closed_set,0.3169345544862769,0.6761016046224366,0.1717174556839686,0.1755270376957409,0.372705364565932,0.0780533889472584,0.0879366816665874,1021580,238843,170819,0,141,141,11,Sandstone|Shale|Sandstone/Shale|Limestone|Chalk|Dolomite|Marl|Anhydrite|Halite|Coal|Tuff,177.7,r3_fullcurve_stats_20260930,hybrid,False,full,full_curve,f4dff61307f0f2e705e9f9716f85c06458eb17f7,False,84a59b18b9d77acfd78337dcc7e6fd2885b5dc948e5061d8377c0b5b28b35914,D:\工作空间\测井\cross_well_dg\configs\paper_r3_multirep.yaml,8399fbcd30eac49341744c2cd16a8305db1ced6f293b03104d55d8f0c9519b74,541d91be3eb41014f35c930411cfd23c85379321ea069333a4b0bf8e44def757,43041111a78dd4726423d9f43fb9a3cc00d7284ebd9c49071c459697b99c0e87,91c87c5b4f834397daa00b01ae727b059675863211f044645de62d451cfb8c46,0.3296985393429867,results\multirep\details\parent_grouped\seed45_lgbm_hybrid_norel.json,177.78,0.25931009003422656,0.31693455448627694
parent_grouped,protocol1_parent_grouped_wells,45,lgbm_hybrid,closed_set,closed_set,0.3431797169484326,0.68727717642651,0.186829531392498,0.2031798569697129,0.3992973546241198,0.0849225142693173,0.1023331251020025,1021580,238843,170819,0,141,141,11,Sandstone|Shale|Sandstone/Shale|Limestone|Chalk|Dolomite|Marl|Anhydrite|Halite|Coal|Tuff,187.51,r3_fullcurve_stats_20260930,hybrid,True,full,full_curve,f4dff61307f0f2e705e9f9716f85c06458eb17f7,False,84a59b18b9d77acfd78337dcc7e6fd2885b5dc948e5061d8377c0b5b28b35914,D:\工作空间\测井\cross_well_dg\configs\paper_r3_multirep.yaml,8399fbcd30eac49341744c2cd16a8305db1ced6f293b03104d55d8f0c9519b74,a9584710f6740238911d842e0e49d5039400bf72c84a40e420357b244e624b41,43041111a78dd4726423d9f43fb9a3cc00d7284ebd9c49071c459697b99c0e87,91c87c5b4f834397daa00b01ae727b059675863211f044645de62d451cfb8c46,0.3032618195836323,results\multirep\details\parent_grouped\seed45_lgbm_hybrid.json,187.61,0.28078340477599034,0.34317971694843263
parent_grouped,protocol1_parent_grouped_wells,45,lgbm_hybrid_while,closed_set,closed_set,0.320571756631928,0.6685790222399147,0.1728895826103366,0.2083821831911921,0.3834687105262431,0.0785861739137893,0.1058043916219985,1021580,238843,170819,0,141,141,11,Sandstone|Shale|Sandstone/Shale|Limestone|Chalk|Dolomite|Marl|Anhydrite|Halite|Coal|Tuff,203.49,r3_fullcurve_stats_20260930,hybrid,False,causal,full_curve,f4dff61307f0f2e705e9f9716f85c06458eb17f7,False,84a59b18b9d77acfd78337dcc7e6fd2885b5dc948e5061d8377c0b5b28b35914,D:\工作空间\测井\cross_well_dg\configs\paper_r3_multirep.yaml,8399fbcd30eac49341744c2cd16a8305db1ced6f293b03104d55d8f0c9519b74,80f751dcf6b86b3652b6c19bb1a93794dc1505ee4ff531e017226f9a7d9ef995,43041111a78dd4726423d9f43fb9a3cc00d7284ebd9c49071c459697b99c0e87,91c87c5b4f834397daa00b01ae727b059675863211f044645de62d451cfb8c46,0.3355768215568799,results\multirep\details\parent_grouped\seed45_lgbm_hybrid_while.json,203.56,0.2622859826988501,0.32057175663192794
parent_grouped,protocol1_parent_grouped_wells,45,lgbm_hybrid_smooth,closed_set,closed_set,0.3447753665468286,0.6946709675153232,0.1807352281599362,0.2015841734442602,0.4012538508178663,0.0821523764363346,0.1017397660532357,1021580,238843,170819,0,141,141,11,Sandstone|Shale|Sandstone/Shale|Limestone|Chalk|Dolomite|Marl|Anhydrite|Halite|Coal|Tuff,170.25,r3_fullcurve_stats_20260930,hybrid,True,full,full_curve,f4dff61307f0f2e705e9f9716f85c06458eb17f7,False,84a59b18b9d77acfd78337dcc7e6fd2885b5dc948e5061d8377c0b5b28b35914,D:\工作空间\测井\cross_well_dg\configs\paper_r3_multirep.yaml,8399fbcd30eac49341744c2cd16a8305db1ced6f293b03104d55d8f0c9519b74,a9584710f6740238911d842e0e49d5039400bf72c84a40e420357b244e624b41,43041111a78dd4726423d9f43fb9a3cc00d7284ebd9c49071c459697b99c0e87,91c87c5b4f834397daa00b01ae727b059675863211f044645de62d451cfb8c46,0.3048817434136107,results\multirep\details\parent_grouped\seed45_lgbm_hybrid_smooth.json,170.32,0.2820889362655871,0.34477536654682867
parent_grouped,protocol1_parent_grouped_wells,101,lgbm_global,closed_set,closed_set,0.3339478828256368,0.5392355204481913,0.2145169440563823,0.2255885940539321,0.3294237060230405,0.0788867480171606,0.0841344040203266,1019440,225594,186349,0,0,0,12,Sandstone|Shale|Sandstone/Shale|Limestone|Chalk|Dolomite|Marl|Anhydrite|Halite|Coal|Basement|Tuff,204.41,r3_fullcurve_stats_20260930,global,False,full,full_curve,f4dff61307f0f2e705e9f9716f85c06458eb17f7,False,84a59b18b9d77acfd78337dcc7e6fd2885b5dc948e5061d8377c0b5b28b35914,D:\工作空间\测井\cross_well_dg\configs\paper_r3_multirep.yaml,95de5a025d564e8b2e50f2e7c599614d65b7597471f17751b5dcea572a260b20,9d2c7ad879a80eef284e32d0dadee42e995aeacfcc54dedeef5e09c73767b0b5,43041111a78dd4726423d9f43fb9a3cc00d7284ebd9c49071c459697b99c0e87,91c87c5b4f834397daa00b01ae727b059675863211f044645de62d451cfb8c46,0.3177972656641631,results\multirep\details\parent_grouped\seed101_lgbm_global.json,204.52,0.2732300859482484,0.33394788282563687
parent_grouped,protocol1_parent_grouped_wells,101,lgbm_wellnorm,closed_set,closed_set,0.2708051878088635,0.5944061948279841,0.1564460424141169,0.1758725121061211,0.3302759572554958,0.0521486808047056,0.0741106982108533,1019440,225594,186349,0,0,0,12,Sandstone|Shale|Sandstone/Shale|Limestone|Chalk|Dolomite|Marl|Anhydrite|Halite|Coal|Basement|Tuff,209.39,r3_fullcurve_stats_20260930,wellnorm,True,full,full_curve,f4dff61307f0f2e705e9f9716f85c06458eb17f7,False,84a59b18b9d77acfd78337dcc7e6fd2885b5dc948e5061d8377c0b5b28b35914,D:\工作空间\测井\cross_well_dg\configs\paper_r3_multirep.yaml,95de5a025d564e8b2e50f2e7c599614d65b7597471f17751b5dcea572a260b20,5bebe90abf4e23ffaf8aaf20db4953bcbf6850267df7c4799e66fe2b05f01ac3,43041111a78dd4726423d9f43fb9a3cc00d7284ebd9c49071c459697b99c0e87,91c87c5b4f834397daa00b01ae727b059675863211f044645de62d451cfb8c46,0.2859826049769908,results\multirep\details\parent_grouped\seed101_lgbm_wellnorm.json,209.47,0.22156788093452465,0.2708051878088635
parent_grouped,protocol1_parent_grouped_wells,101,lgbm_hybrid_norel,closed_set,closed_set,0.3843349423497154,0.6369231925043869,0.2114528899326466,0.2394008679033539,0.3668663414191788,0.1057264449663233,0.1065988314138646,1019440,225594,186349,0,0,0,12,Sandstone|Shale|Sandstone/Shale|Limestone|Chalk|Dolomite|Marl|Anhydrite|Halite|Coal|Basement|Tuff,265.96,r3_fullcurve_stats_20260930,hybrid,False,full,full_curve,f4dff61307f0f2e705e9f9716f85c06458eb17f7,False,84a59b18b9d77acfd78337dcc7e6fd2885b5dc948e5061d8377c0b5b28b35914,D:\工作空间\测井\cross_well_dg\configs\paper_r3_multirep.yaml,95de5a025d564e8b2e50f2e7c599614d65b7597471f17751b5dcea572a260b20,541d91be3eb41014f35c930411cfd23c85379321ea069333a4b0bf8e44def757,43041111a78dd4726423d9f43fb9a3cc00d7284ebd9c49071c459697b99c0e87,91c87c5b4f834397daa00b01ae727b059675863211f044645de62d451cfb8c46,0.3437416087001553,results\multirep\details\parent_grouped\seed101_lgbm_hybrid_norel.json,266.04,0.3144558619224945,0.3843349423497155
parent_grouped,protocol1_parent_grouped_wells,101,lgbm_hybrid,closed_set,closed_set,0.4022430761558442,0.6616134242738089,0.2312999908838495,0.2664918668602025,0.3984721341025343,0.1156499954419247,0.1206757774785781,1019440,225594,186349,0,0,0,12,Sandstone|Shale|Sandstone/Shale|Limestone|Chalk|Dolomite|Marl|Anhydrite|Halite|Coal|Basement|Tuff,255.24,r3_fullcurve_stats_20260930,hybrid,True,full,full_curve,f4dff61307f0f2e705e9f9716f85c06458eb17f7,False,84a59b18b9d77acfd78337dcc7e6fd2885b5dc948e5061d8377c0b5b28b35914,D:\工作空间\测井\cross_well_dg\configs\paper_r3_multirep.yaml,95de5a025d564e8b2e50f2e7c599614d65b7597471f17751b5dcea572a260b20,a9584710f6740238911d842e0e49d5039400bf72c84a40e420357b244e624b41,43041111a78dd4726423d9f43fb9a3cc00d7284ebd9c49071c459697b99c0e87,91c87c5b4f834397daa00b01ae727b059675863211f044645de62d451cfb8c46,0.3226737410935237,results\multirep\details\parent_grouped\seed101_lgbm_hybrid.json,255.31,0.3291079714002362,0.40224307615584426
parent_grouped,protocol1_parent_grouped_wells,101,lgbm_hybrid_while,closed_set,closed_set,0.3950005450157194,0.6499095782644393,0.264854884148362,0.3001662309605682,0.3929693530863163,0.1103562017284841,0.1230074832253205,1019440,225594,186349,0,0,0,12,Sandstone|Shale|Sandstone/Shale|Limestone|Chalk|Dolomite|Marl|Anhydrite|Halite|Coal|Basement|Tuff,241.43,r3_fullcurve_stats_20260930,hybrid,False,causal,full_curve,f4dff61307f0f2e705e9f9716f85c06458eb17f7,False,84a59b18b9d77acfd78337dcc7e6fd2885b5dc948e5061d8377c0b5b28b35914,D:\工作空间\测井\cross_well_dg\configs\paper_r3_multirep.yaml,95de5a025d564e8b2e50f2e7c599614d65b7597471f17751b5dcea572a260b20,80f751dcf6b86b3652b6c19bb1a93794dc1505ee4ff531e017226f9a7d9ef995,43041111a78dd4726423d9f43fb9a3cc00d7284ebd9c49071c459697b99c0e87,91c87c5b4f834397daa00b01ae727b059675863211f044645de62d451cfb8c46,0.3164913750510211,results\multirep\details\parent_grouped\seed101_lgbm_hybrid_while.json,241.51,0.3231822641037705,0.3950005450157195
parent_grouped,protocol1_parent_grouped_wells,101,lgbm_hybrid_smooth,closed_set,closed_set,0.4032534686518977,0.6644843814562997,0.2379459260879233,0.2723311049573257,0.3970361119593228,0.1189729630439616,0.1229815669587149,1019440,225594,186349,0,0,0,12,Sandstone|Shale|Sandstone/Shale|Limestone|Chalk|Dolomite|Marl|Anhydrite|Halite|Coal|Basement|Tuff,232.39,r3_fullcurve_stats_20260930,hybrid,True,full,full_curve,f4dff61307f0f2e705e9f9716f85c06458eb17f7,False,84a59b18b9d77acfd78337dcc7e6fd2885b5dc948e5061d8377c0b5b28b35914,D:\工作空间\测井\cross_well_dg\configs\paper_r3_multirep.yaml,95de5a025d564e8b2e50f2e7c599614d65b7597471f17751b5dcea572a260b20,a9584710f6740238911d842e0e49d5039400bf72c84a40e420357b244e624b41,43041111a78dd4726423d9f43fb9a3cc00d7284ebd9c49071c459697b99c0e87,91c87c5b4f834397daa00b01ae727b059675863211f044645de62d451cfb8c46,0.3256261194673712,results\multirep\details\parent_grouped\seed101_lgbm_hybrid_smooth.json,232.48,0.3299346561697345,0.4032534686518977
parent_grouped,protocol1_parent_grouped_wells,107,lgbm_global,closed_set,closed_set,0.4025180827445895,0.6163515558862009,0.1671663218958642,0.2105242830727272,0.3913479872193121,0.0835831609479321,0.0967342298682974,1035908,200570,194905,0,0,0,12,Sandstone|Shale|Sandstone/Shale|Limestone|Chalk|Dolomite|Marl|Anhydrite|Halite|Coal|Basement|Tuff,174.44,r3_fullcurve_stats_20260930,global,False,full,full_curve,f4dff61307f0f2e705e9f9716f85c06458eb17f7,False,84a59b18b9d77acfd78337dcc7e6fd2885b5dc948e5061d8377c0b5b28b35914,D:\工作空间\测井\cross_well_dg\configs\paper_r3_multirep.yaml,0a8469c4f4cce5db9a83b435392a02d10f384da92c05480a33db4212b679aa4f,9d2c7ad879a80eef284e32d0dadee42e995aeacfcc54dedeef5e09c73767b0b5,43041111a78dd4726423d9f43fb9a3cc00d7284ebd9c49071c459697b99c0e87,91c87c5b4f834397daa00b01ae727b059675863211f044645de62d451cfb8c46,0.3730557249557443,results\multirep\details\parent_grouped\seed107_lgbm_global.json,174.49,0.3293329767910278,0.40251808274458956
parent_grouped,protocol1_parent_grouped_wells,107,lgbm_wellnorm,closed_set,closed_set,0.3192554367639246,0.6449141889638542,0.1657932783589915,0.1699886165780665,0.3732868056434424,0.0690805326495797,0.0780862550240752,1035908,200570,194905,0,0,0,12,Sandstone|Shale|Sandstone/Shale|Limestone|Chalk|Dolomite|Marl|Anhydrite|Halite|Coal|Basement|Tuff,182.71,r3_fullcurve_stats_20260930,wellnorm,True,full,full_curve,f4dff61307f0f2e705e9f9716f85c06458eb17f7,False,84a59b18b9d77acfd78337dcc7e6fd2885b5dc948e5061d8377c0b5b28b35914,D:\工作空间\测井\cross_well_dg\configs\paper_r3_multirep.yaml,0a8469c4f4cce5db9a83b435392a02d10f384da92c05480a33db4212b679aa4f,5bebe90abf4e23ffaf8aaf20db4953bcbf6850267df7c4799e66fe2b05f01ac3,43041111a78dd4726423d9f43fb9a3cc00d7284ebd9c49071c459697b99c0e87,91c87c5b4f834397daa00b01ae727b059675863211f044645de62d451cfb8c46,0.3191721827820826,results\multirep\details\parent_grouped\seed107_lgbm_wellnorm.json,182.77,0.26120899371593836,0.3192554367639247
parent_grouped,protocol1_parent_grouped_wells,107,lgbm_hybrid_norel,closed_set,closed_set,0.3567363953727663,0.6723121520740873,0.1253206972528736,0.1643465219489768,0.4047266810701643,0.0835471315019157,0.0841428046353495,1035908,200570,194905,0,0,0,12,Sandstone|Shale|Sandstone/Shale|Limestone|Chalk|Dolomite|Marl|Anhydrite|Halite|Coal|Basement|Tuff,232.06,r3_fullcurve_stats_20260930,hybrid,False,full,full_curve,f4dff61307f0f2e705e9f9716f85c06458eb17f7,False,84a59b18b9d77acfd78337dcc7e6fd2885b5dc948e5061d8377c0b5b28b35914,D:\工作空间\测井\cross_well_dg\configs\paper_r3_multirep.yaml,0a8469c4f4cce5db9a83b435392a02d10f384da92c05480a33db4212b679aa4f,541d91be3eb41014f35c930411cfd23c85379321ea069333a4b0bf8e44def757,43041111a78dd4726423d9f43fb9a3cc00d7284ebd9c49071c459697b99c0e87,91c87c5b4f834397daa00b01ae727b059675863211f044645de62d451cfb8c46,0.3853323355749382,results\multirep\details\parent_grouped\seed107_lgbm_hybrid_norel.json,232.14,0.29187523257771786,0.35673639537276636
parent_grouped,protocol1_parent_grouped_wells,107,lgbm_hybrid,closed_set,closed_set,0.3735875613493323,0.7032503014289012,0.116640866873065,0.1331909159722793,0.4159712772472946,0.0486003611971104,0.0742138356223864,1035908,200570,194905,0,0,0,12,Sandstone|Shale|Sandstone/Shale|Limestone|Chalk|Dolomite|Marl|Anhydrite|Halite|Coal|Basement|Tuff,229.8,r3_fullcurve_stats_20260930,hybrid,True,full,full_curve,f4dff61307f0f2e705e9f9716f85c06458eb17f7,False,84a59b18b9d77acfd78337dcc7e6fd2885b5dc948e5061d8377c0b5b28b35914,D:\工作空间\测井\cross_well_dg\configs\paper_r3_multirep.yaml,0a8469c4f4cce5db9a83b435392a02d10f384da92c05480a33db4212b679aa4f,a9584710f6740238911d842e0e49d5039400bf72c84a40e420357b244e624b41,43041111a78dd4726423d9f43fb9a3cc00d7284ebd9c49071c459697b99c0e87,91c87c5b4f834397daa00b01ae727b059675863211f044645de62d451cfb8c46,0.3620139786577402,results\multirep\details\parent_grouped\seed107_lgbm_hybrid.json,229.86,0.30566255019490834,0.3735875613493323
parent_grouped,protocol1_parent_grouped_wells,107,lgbm_hybrid_while,closed_set,closed_set,0.4761108649608661,0.6722044072753393,0.1582546530761922,0.1844535632862541,0.426341441774578,0.0791273265380961,0.0834495952474472,1035908,200570,194905,0,0,0,12,Sandstone|Shale|Sandstone/Shale|Limestone|Chalk|Dolomite|Marl|Anhydrite|Halite|Coal|Basement|Tuff,240.9,r3_fullcurve_stats_20260930,hybrid,False,causal,full_curve,f4dff61307f0f2e705e9f9716f85c06458eb17f7,False,84a59b18b9d77acfd78337dcc7e6fd2885b5dc948e5061d8377c0b5b28b35914,D:\工作空间\测井\cross_well_dg\configs\paper_r3_multirep.yaml,0a8469c4f4cce5db9a83b435392a02d10f384da92c05480a33db4212b679aa4f,80f751dcf6b86b3652b6c19bb1a93794dc1505ee4ff531e017226f9a7d9ef995,43041111a78dd4726423d9f43fb9a3cc00d7284ebd9c49071c459697b99c0e87,91c87c5b4f834397daa00b01ae727b059675863211f044645de62d451cfb8c46,0.4839179855879959,results\multirep\details\parent_grouped\seed107_lgbm_hybrid_while.json,240.98,0.3895452531497995,0.47611086496086613
parent_grouped,protocol1_parent_grouped_wells,107,lgbm_hybrid_smooth,closed_set,closed_set,0.3739511148648281,0.7069649316333598,0.1153722933268936,0.1314441129138086,0.4123798405032383,0.0480717888862056,0.073207871943344,1035908,200570,194905,0,0,0,12,Sandstone|Shale|Sandstone/Shale|Limestone|Chalk|Dolomite|Marl|Anhydrite|Halite|Coal|Basement|Tuff,246.31,r3_fullcurve_stats_20260930,hybrid,True,full,full_curve,f4dff61307f0f2e705e9f9716f85c06458eb17f7,False,84a59b18b9d77acfd78337dcc7e6fd2885b5dc948e5061d8377c0b5b28b35914,D:\工作空间\测井\cross_well_dg\configs\paper_r3_multirep.yaml,0a8469c4f4cce5db9a83b435392a02d10f384da92c05480a33db4212b679aa4f,a9584710f6740238911d842e0e49d5039400bf72c84a40e420357b244e624b41,43041111a78dd4726423d9f43fb9a3cc00d7284ebd9c49071c459697b99c0e87,91c87c5b4f834397daa00b01ae727b059675863211f044645de62d451cfb8c46,0.3619197834348998,results\multirep\details\parent_grouped\seed107_lgbm_hybrid_smooth.json,246.39,0.305960003071223,0.37395111486482807
parent_grouped,protocol1_parent_grouped_wells,113,lgbm_global,closed_set,closed_set,0.2837471046460789,0.6219459503945189,0.0920646264310752,0.1746161690866366,0.4198034604835861,0.0690484698233064,0.0867149116427081,1030440,206529,194414,0,0,0,12,Sandstone|Shale|Sandstone/Shale|Limestone|Chalk|Dolomite|Marl|Anhydrite|Halite|Coal|Basement|Tuff,122.23,r3_fullcurve_stats_20260930,global,False,full,full_curve,f4dff61307f0f2e705e9f9716f85c06458eb17f7,False,84a59b18b9d77acfd78337dcc7e6fd2885b5dc948e5061d8377c0b5b28b35914,D:\工作空间\测井\cross_well_dg\configs\paper_r3_multirep.yaml,3bb34e11a40acc713731ac0dec6728c20a8c3b1cc792618451a869e728277b48,9d2c7ad879a80eef284e32d0dadee42e995aeacfcc54dedeef5e09c73767b0b5,43041111a78dd4726423d9f43fb9a3cc00d7284ebd9c49071c459697b99c0e87,91c87c5b4f834397daa00b01ae727b059675863211f044645de62d451cfb8c46,0.3332304199528969,results\multirep\details\parent_grouped\seed113_lgbm_global.json,122.29,0.28374710464607894,0.28374710464607894
parent_grouped,protocol1_parent_grouped_wells,113,lgbm_wellnorm,closed_set,closed_set,0.2755556626092754,0.6571440328371414,0.1205205905816793,0.1435988686885722,0.4035523232059635,0.0555590489318217,0.0729747459340406,1030440,206529,194414,0,0,0,12,Sandstone|Shale|Sandstone/Shale|Limestone|Chalk|Dolomite|Marl|Anhydrite|Halite|Coal|Basement|Tuff,122.99,r3_fullcurve_stats_20260930,wellnorm,True,full,full_curve,f4dff61307f0f2e705e9f9716f85c06458eb17f7,False,84a59b18b9d77acfd78337dcc7e6fd2885b5dc948e5061d8377c0b5b28b35914,D:\工作空间\测井\cross_well_dg\configs\paper_r3_multirep.yaml,3bb34e11a40acc713731ac0dec6728c20a8c3b1cc792618451a869e728277b48,5bebe90abf4e23ffaf8aaf20db4953bcbf6850267df7c4799e66fe2b05f01ac3,43041111a78dd4726423d9f43fb9a3cc00d7284ebd9c49071c459697b99c0e87,91c87c5b4f834397daa00b01ae727b059675863211f044645de62d451cfb8c46,0.2938457960862141,results\multirep\details\parent_grouped\seed113_lgbm_wellnorm.json,123.07,0.27555566260927533,0.27555566260927533
parent_grouped,protocol1_parent_grouped_wells,113,lgbm_hybrid_norel,closed_set,closed_set,0.3138177418031125,0.6722869752178341,0.166885769609991,0.2254826733523668,0.4448436437097811,0.0983698925534324,0.1117671098804628,1030440,206529,194414,0,0,0,12,Sandstone|Shale|Sandstone/Shale|Limestone|Chalk|Dolomite|Marl|Anhydrite|Halite|Coal|Basement|Tuff,161.85,r3_fullcurve_stats_20260930,hybrid,False,full,full_curve,f4dff61307f0f2e705e9f9716f85c06458eb17f7,False,84a59b18b9d77acfd78337dcc7e6fd2885b5dc948e5061d8377c0b5b28b35914,D:\工作空间\测井\cross_well_dg\configs\paper_r3_multirep.yaml,3bb34e11a40acc713731ac0dec6728c20a8c3b1cc792618451a869e728277b48,541d91be3eb41014f35c930411cfd23c85379321ea069333a4b0bf8e44def757,43041111a78dd4726423d9f43fb9a3cc00d7284ebd9c49071c459697b99c0e87,91c87c5b4f834397daa00b01ae727b059675863211f044645de62d451cfb8c46,0.3735428745321243,results\multirep\details\parent_grouped\seed113_lgbm_hybrid_norel.json,161.91,0.31381774180311256,0.31381774180311256
parent_grouped,protocol1_parent_grouped_wells,113,lgbm_hybrid,closed_set,closed_set,0.328447414942178,0.6888238501342496,0.1565509514744504,0.2128061515446307,0.462890169400084,0.1174132136058378,0.1219264287922519,1030440,206529,194414,0,0,0,12,Sandstone|Shale|Sandstone/Shale|Limestone|Chalk|Dolomite|Marl|Anhydrite|Halite|Coal|Basement|Tuff,167.67,r3_fullcurve_stats_20260930,hybrid,True,full,full_curve,f4dff61307f0f2e705e9f9716f85c06458eb17f7,False,84a59b18b9d77acfd78337dcc7e6fd2885b5dc948e5061d8377c0b5b28b35914,D:\工作空间\测井\cross_well_dg\configs\paper_r3_multirep.yaml,3bb34e11a40acc713731ac0dec6728c20a8c3b1cc792618451a869e728277b48,a9584710f6740238911d842e0e49d5039400bf72c84a40e420357b244e624b41,43041111a78dd4726423d9f43fb9a3cc00d7284ebd9c49071c459697b99c0e87,91c87c5b4f834397daa00b01ae727b059675863211f044645de62d451cfb8c46,0.3878279775554125,results\multirep\details\parent_grouped\seed113_lgbm_hybrid.json,167.73,0.32844741494217805,0.32844741494217805
parent_grouped,protocol1_parent_grouped_wells,113,lgbm_hybrid_while,closed_set,closed_set,0.3162939173126496,0.6665312168876727,0.1900744264503591,0.2290051932944336,0.4490996987353767,0.1226560537077207,0.1283120168884874,1030440,206529,194414,0,0,0,12,Sandstone|Shale|Sandstone/Shale|Limestone|Chalk|Dolomite|Marl|Anhydrite|Halite|Coal|Basement|Tuff,192.85,r3_fullcurve_stats_20260930,hybrid,False,causal,full_curve,f4dff61307f0f2e705e9f9716f85c06458eb17f7,False,84a59b18b9d77acfd78337dcc7e6fd2885b5dc948e5061d8377c0b5b28b35914,D:\工作空间\测井\cross_well_dg\configs\paper_r3_multirep.yaml,3bb34e11a40acc713731ac0dec6728c20a8c3b1cc792618451a869e728277b48,80f751dcf6b86b3652b6c19bb1a93794dc1505ee4ff531e017226f9a7d9ef995,43041111a78dd4726423d9f43fb9a3cc00d7284ebd9c49071c459697b99c0e87,91c87c5b4f834397daa00b01ae727b059675863211f044645de62d451cfb8c46,0.3643533328075463,results\multirep\details\parent_grouped\seed113_lgbm_hybrid_while.json,192.92,0.31629391731264955,0.31629391731264955
parent_grouped,protocol1_parent_grouped_wells,113,lgbm_hybrid_smooth,closed_set,closed_set,0.3290339819634211,0.693252543541103,0.1531141027757527,0.2131632214360782,0.4620877815485605,0.1148355770818145,0.1218145753044625,1030440,206529,194414,0,0,0,12,Sandstone|Shale|Sandstone/Shale|Limestone|Chalk|Dolomite|Marl|Anhydrite|Halite|Coal|Basement|Tuff,176.95,r3_fullcurve_stats_20260930,hybrid,True,full,full_curve,f4dff61307f0f2e705e9f9716f85c06458eb17f7,False,84a59b18b9d77acfd78337dcc7e6fd2885b5dc948e5061d8377c0b5b28b35914,D:\工作空间\测井\cross_well_dg\configs\paper_r3_multirep.yaml,3bb34e11a40acc713731ac0dec6728c20a8c3b1cc792618451a869e728277b48,a9584710f6740238911d842e0e49d5039400bf72c84a40e420357b244e624b41,43041111a78dd4726423d9f43fb9a3cc00d7284ebd9c49071c459697b99c0e87,91c87c5b4f834397daa00b01ae727b059675863211f044645de62d451cfb8c46,0.3939648861790959,results\multirep\details\parent_grouped\seed113_lgbm_hybrid_smooth.json,177.01,0.3290339819634211,0.3290339819634211
parent_grouped,protocol1_parent_grouped_wells,131,lgbm_global,closed_set,closed_set,0.3321717660357326,0.5899071514636048,0.1395631312804183,0.1744480979431532,0.396462652979093,0.0581513047001743,0.0726867074763138,1047907,200059,183417,0,0,0,12,Sandstone|Shale|Sandstone/Shale|Limestone|Chalk|Dolomite|Marl|Anhydrite|Halite|Coal|Basement|Tuff,217.11,r3_fullcurve_stats_20260930,global,False,full,full_curve,f4dff61307f0f2e705e9f9716f85c06458eb17f7,False,84a59b18b9d77acfd78337dcc7e6fd2885b5dc948e5061d8377c0b5b28b35914,D:\工作空间\测井\cross_well_dg\configs\paper_r3_multirep.yaml,afdadb6d33bbfe454c212b4cecf65e3bb6a5ddec441aeaee2b6713805669ed7f,9d2c7ad879a80eef284e32d0dadee42e995aeacfcc54dedeef5e09c73767b0b5,43041111a78dd4726423d9f43fb9a3cc00d7284ebd9c49071c459697b99c0e87,91c87c5b4f834397daa00b01ae727b059675863211f044645de62d451cfb8c46,0.2820943120987786,results\multirep\details\parent_grouped\seed131_lgbm_global.json,217.19,0.27177689948378125,0.3321717660357326
parent_grouped,protocol1_parent_grouped_wells,131,lgbm_wellnorm,closed_set,closed_set,0.307077409426485,0.5869739446180016,0.1827931934304152,0.2162013163048938,0.3775153512386446,0.0761638305960063,0.0909677652028163,1047907,200059,183417,0,0,0,12,Sandstone|Shale|Sandstone/Shale|Limestone|Chalk|Dolomite|Marl|Anhydrite|Halite|Coal|Basement|Tuff,201.37,r3_fullcurve_stats_20260930,wellnorm,True,full,full_curve,f4dff61307f0f2e705e9f9716f85c06458eb17f7,False,84a59b18b9d77acfd78337dcc7e6fd2885b5dc948e5061d8377c0b5b28b35914,D:\工作空间\测井\cross_well_dg\configs\paper_r3_multirep.yaml,afdadb6d33bbfe454c212b4cecf65e3bb6a5ddec441aeaee2b6713805669ed7f,5bebe90abf4e23ffaf8aaf20db4953bcbf6850267df7c4799e66fe2b05f01ac3,43041111a78dd4726423d9f43fb9a3cc00d7284ebd9c49071c459697b99c0e87,91c87c5b4f834397daa00b01ae727b059675863211f044645de62d451cfb8c46,0.278881658231052,results\multirep\details\parent_grouped\seed131_lgbm_wellnorm.json,201.43,0.2512451531671241,0.307077409426485
parent_grouped,protocol1_parent_grouped_wells,131,lgbm_hybrid_norel,closed_set,closed_set,0.3530390125660224,0.6230338518239857,0.1252502951749869,0.1935061795451619,0.4112252602448797,0.0521876229895779,0.0806275748104841,1047907,200059,183417,0,0,0,12,Sandstone|Shale|Sandstone/Shale|Limestone|Chalk|Dolomite|Marl|Anhydrite|Halite|Coal|Basement|Tuff,248.67,r3_fullcurve_stats_20260930,hybrid,False,full,full_curve,f4dff61307f0f2e705e9f9716f85c06458eb17f7,False,84a59b18b9d77acfd78337dcc7e6fd2885b5dc948e5061d8377c0b5b28b35914,D:\工作空间\测井\cross_well_dg\configs\paper_r3_multirep.yaml,afdadb6d33bbfe454c212b4cecf65e3bb6a5ddec441aeaee2b6713805669ed7f,541d91be3eb41014f35c930411cfd23c85379321ea069333a4b0bf8e44def757,43041111a78dd4726423d9f43fb9a3cc00d7284ebd9c49071c459697b99c0e87,91c87c5b4f834397daa00b01ae727b059675863211f044645de62d451cfb8c46,0.3150689455254927,results\multirep\details\parent_grouped\seed131_lgbm_hybrid_norel.json,248.77,0.28885010119038196,0.3530390125660224
parent_grouped,protocol1_parent_grouped_wells,131,lgbm_hybrid,closed_set,closed_set,0.3542407894243789,0.6311138007927292,0.1359491814952059,0.1575297391177718,0.4038185461751804,0.0566454922896691,0.0656373912990715,1047907,200059,183417,0,0,0,12,Sandstone|Shale|Sandstone/Shale|Limestone|Chalk|Dolomite|Marl|Anhydrite|Halite|Coal|Basement|Tuff,243.62,r3_fullcurve_stats_20260930,hybrid,True,full,full_curve,f4dff61307f0f2e705e9f9716f85c06458eb17f7,False,84a59b18b9d77acfd78337dcc7e6fd2885b5dc948e5061d8377c0b5b28b35914,D:\工作空间\测井\cross_well_dg\configs\paper_r3_multirep.yaml,afdadb6d33bbfe454c212b4cecf65e3bb6a5ddec441aeaee2b6713805669ed7f,a9584710f6740238911d842e0e49d5039400bf72c84a40e420357b244e624b41,43041111a78dd4726423d9f43fb9a3cc00d7284ebd9c49071c459697b99c0e87,91c87c5b4f834397daa00b01ae727b059675863211f044645de62d451cfb8c46,0.314967147750586,results\multirep\details\parent_grouped\seed131_lgbm_hybrid.json,243.68,0.289833373165401,0.3542407894243789
parent_grouped,protocol1_parent_grouped_wells,131,lgbm_hybrid_while,closed_set,closed_set,0.3847946440476826,0.6640714873757613,0.1610684116636824,0.1646571775307112,0.42270118045237,0.067111838193201,0.068607157304463,1047907,200059,183417,0,0,0,12,Sandstone|Shale|Sandstone/Shale|Limestone|Chalk|Dolomite|Marl|Anhydrite|Halite|Coal|Basement|Tuff,236.23,r3_fullcurve_stats_20260930,hybrid,False,causal,full_curve,f4dff61307f0f2e705e9f9716f85c06458eb17f7,False,84a59b18b9d77acfd78337dcc7e6fd2885b5dc948e5061d8377c0b5b28b35914,D:\工作空间\测井\cross_well_dg\configs\paper_r3_multirep.yaml,afdadb6d33bbfe454c212b4cecf65e3bb6a5ddec441aeaee2b6713805669ed7f,80f751dcf6b86b3652b6c19bb1a93794dc1505ee4ff531e017226f9a7d9ef995,43041111a78dd4726423d9f43fb9a3cc00d7284ebd9c49071c459697b99c0e87,91c87c5b4f834397daa00b01ae727b059675863211f044645de62d451cfb8c46,0.2935745238701087,results\multirep\details\parent_grouped\seed131_lgbm_hybrid_while.json,236.29,0.3148319814935585,0.38479464404768265
parent_grouped,protocol1_parent_grouped_wells,131,lgbm_hybrid_smooth,closed_set,closed_set,0.3558931933961443,0.6341178843836722,0.132576368031646,0.1562209885619876,0.4027485395247726,0.0552401533465191,0.0650920785674948,1047907,200059,183417,0,0,0,12,Sandstone|Shale|Sandstone/Shale|Limestone|Chalk|Dolomite|Marl|Anhydrite|Halite|Coal|Basement|Tuff,232.56,r3_fullcurve_stats_20260930,hybrid,True,full,full_curve,f4dff61307f0f2e705e9f9716f85c06458eb17f7,False,84a59b18b9d77acfd78337dcc7e6fd2885b5dc948e5061d8377c0b5b28b35914,D:\工作空间\测井\cross_well_dg\configs\paper_r3_multirep.yaml,afdadb6d33bbfe454c212b4cecf65e3bb6a5ddec441aeaee2b6713805669ed7f,a9584710f6740238911d842e0e49d5039400bf72c84a40e420357b244e624b41,43041111a78dd4726423d9f43fb9a3cc00d7284ebd9c49071c459697b99c0e87,91c87c5b4f834397daa00b01ae727b059675863211f044645de62d451cfb8c46,0.3183566557848321,results\multirep\details\parent_grouped\seed131_lgbm_hybrid_smooth.json,232.65,0.29118534005139074,0.3558931933961443
parent_grouped,protocol1_parent_grouped_wells,139,lgbm_global,closed_set,closed_set,0.314985455122205,0.6485404767552904,0.1720397700733841,0.1850112258797578,0.3788972038294855,0.0716832375305767,0.0799934143450628,1019985,246995,164403,0,0,0,12,Sandstone|Shale|Sandstone/Shale|Limestone|Chalk|Dolomite|Marl|Anhydrite|Halite|Coal|Basement|Tuff,156.07,r3_fullcurve_stats_20260930,global,False,full,full_curve,f4dff61307f0f2e705e9f9716f85c06458eb17f7,False,84a59b18b9d77acfd78337dcc7e6fd2885b5dc948e5061d8377c0b5b28b35914,D:\工作空间\测井\cross_well_dg\configs\paper_r3_multirep.yaml,3791f5cb08a2abe6c981d7d1c78f2ccac4b1243716698f1cf210db30a080a67e,9d2c7ad879a80eef284e32d0dadee42e995aeacfcc54dedeef5e09c73767b0b5,43041111a78dd4726423d9f43fb9a3cc00d7284ebd9c49071c459697b99c0e87,91c87c5b4f834397daa00b01ae727b059675863211f044645de62d451cfb8c46,0.3254254436849106,results\multirep\details\parent_grouped\seed139_lgbm_global.json,156.15,0.2863504137474591,0.31498545512220505
parent_grouped,protocol1_parent_grouped_wells,139,lgbm_wellnorm,closed_set,closed_set,0.3292513663869021,0.6752492351112814,0.2194493514369844,0.266354750296439,0.4075859179567454,0.1097246757184922,0.1099257577255155,1019985,246995,164403,0,0,0,12,Sandstone|Shale|Sandstone/Shale|Limestone|Chalk|Dolomite|Marl|Anhydrite|Halite|Coal|Basement|Tuff,132.86,r3_fullcurve_stats_20260930,wellnorm,True,full,full_curve,f4dff61307f0f2e705e9f9716f85c06458eb17f7,False,84a59b18b9d77acfd78337dcc7e6fd2885b5dc948e5061d8377c0b5b28b35914,D:\工作空间\测井\cross_well_dg\configs\paper_r3_multirep.yaml,3791f5cb08a2abe6c981d7d1c78f2ccac4b1243716698f1cf210db30a080a67e,5bebe90abf4e23ffaf8aaf20db4953bcbf6850267df7c4799e66fe2b05f01ac3,43041111a78dd4726423d9f43fb9a3cc00d7284ebd9c49071c459697b99c0e87,91c87c5b4f834397daa00b01ae727b059675863211f044645de62d451cfb8c46,0.273601503290469,results\multirep\details\parent_grouped\seed139_lgbm_wellnorm.json,132.91,0.2993194239880928,0.3292513663869021
parent_grouped,protocol1_parent_grouped_wells,139,lgbm_hybrid_norel,closed_set,closed_set,0.3495430876153285,0.7082595816378047,0.2875894345136178,0.2946047796027349,0.4315470487165119,0.1256750519549384,0.1347348846058736,1019985,246995,164403,0,0,0,12,Sandstone|Shale|Sandstone/Shale|Limestone|Chalk|Dolomite|Marl|Anhydrite|Halite|Coal|Basement|Tuff,219.2,r3_fullcurve_stats_20260930,hybrid,False,full,full_curve,f4dff61307f0f2e705e9f9716f85c06458eb17f7,False,84a59b18b9d77acfd78337dcc7e6fd2885b5dc948e5061d8377c0b5b28b35914,D:\工作空间\测井\cross_well_dg\configs\paper_r3_multirep.yaml,3791f5cb08a2abe6c981d7d1c78f2ccac4b1243716698f1cf210db30a080a67e,541d91be3eb41014f35c930411cfd23c85379321ea069333a4b0bf8e44def757,43041111a78dd4726423d9f43fb9a3cc00d7284ebd9c49071c459697b99c0e87,91c87c5b4f834397daa00b01ae727b059675863211f044645de62d451cfb8c46,0.4137418891083788,results\multirep\details\parent_grouped\seed139_lgbm_hybrid_norel.json,219.26,0.31776644328666226,0.3495430876153285
parent_grouped,protocol1_parent_grouped_wells,139,lgbm_hybrid,closed_set,closed_set,0.3607468707392723,0.7329245816682177,0.3166608895579987,0.3332199453188044,0.4655592908308374,0.1457412504498375,0.1520358476144184,1019985,246995,164403,0,0,0,12,Sandstone|Shale|Sandstone/Shale|Limestone|Chalk|Dolomite|Marl|Anhydrite|Halite|Coal|Basement|Tuff,189.54,r3_fullcurve_stats_20260930,hybrid,True,full,full_curve,f4dff61307f0f2e705e9f9716f85c06458eb17f7,False,84a59b18b9d77acfd78337dcc7e6fd2885b5dc948e5061d8377c0b5b28b35914,D:\工作空间\测井\cross_well_dg\configs\paper_r3_multirep.yaml,3791f5cb08a2abe6c981d7d1c78f2ccac4b1243716698f1cf210db30a080a67e,a9584710f6740238911d842e0e49d5039400bf72c84a40e420357b244e624b41,43041111a78dd4726423d9f43fb9a3cc00d7284ebd9c49071c459697b99c0e87,91c87c5b4f834397daa00b01ae727b059675863211f044645de62d451cfb8c46,0.4255019769500849,results\multirep\details\parent_grouped\seed139_lgbm_hybrid.json,189.61,0.32795170067206575,0.36074687073927236
parent_grouped,protocol1_parent_grouped_wells,139,lgbm_hybrid_while,closed_set,closed_set,0.3395164846789941,0.6933510945664009,0.2753946126315497,0.2962309341630047,0.4254390510824565,0.1147477552631457,0.1234295559012519,1019985,246995,164403,0,0,0,12,Sandstone|Shale|Sandstone/Shale|Limestone|Chalk|Dolomite|Marl|Anhydrite|Halite|Coal|Basement|Tuff,229.58,r3_fullcurve_stats_20260930,hybrid,False,causal,full_curve,f4dff61307f0f2e705e9f9716f85c06458eb17f7,False,84a59b18b9d77acfd78337dcc7e6fd2885b5dc948e5061d8377c0b5b28b35914,D:\工作空间\测井\cross_well_dg\configs\paper_r3_multirep.yaml,3791f5cb08a2abe6c981d7d1c78f2ccac4b1243716698f1cf210db30a080a67e,80f751dcf6b86b3652b6c19bb1a93794dc1505ee4ff531e017226f9a7d9ef995,43041111a78dd4726423d9f43fb9a3cc00d7284ebd9c49071c459697b99c0e87,91c87c5b4f834397daa00b01ae727b059675863211f044645de62d451cfb8c46,0.4178618202019715,results\multirep\details\parent_grouped\seed139_lgbm_hybrid_while.json,229.65,0.3086513497081764,0.3395164846789941
parent_grouped,protocol1_parent_grouped_wells,139,lgbm_hybrid_smooth,closed_set,closed_set,0.3663867455974579,0.7394512265591261,0.2872720750330282,0.3204327378430663,0.4654192734357264,0.1436360375165141,0.1454833105609871,1019985,246995,164403,0,0,0,12,Sandstone|Shale|Sandstone/Shale|Limestone|Chalk|Dolomite|Marl|Anhydrite|Halite|Coal|Basement|Tuff,196.54,r3_fullcurve_stats_20260930,hybrid,True,full,full_curve,f4dff61307f0f2e705e9f9716f85c06458eb17f7,False,84a59b18b9d77acfd78337dcc7e6fd2885b5dc948e5061d8377c0b5b28b35914,D:\工作空间\测井\cross_well_dg\configs\paper_r3_multirep.yaml,3791f5cb08a2abe6c981d7d1c78f2ccac4b1243716698f1cf210db30a080a67e,a9584710f6740238911d842e0e49d5039400bf72c84a40e420357b244e624b41,43041111a78dd4726423d9f43fb9a3cc00d7284ebd9c49071c459697b99c0e87,91c87c5b4f834397daa00b01ae727b059675863211f044645de62d451cfb8c46,0.4253554840016964,results\multirep\details\parent_grouped\seed139_lgbm_hybrid_smooth.json,196.64,0.3330788596340526,0.3663867455974579
parent_grouped,protocol1_parent_grouped_wells,149,lgbm_global,closed_set,closed_set,0.2774220076538581,0.5205015232497299,0.1410264722570724,0.1831615917392294,0.3715961979352166,0.0769235303220395,0.1086541968099639,1029571,197174,204497,0,141,141,11,Sandstone|Shale|Sandstone/Shale|Limestone|Chalk|Dolomite|Marl|Anhydrite|Halite|Coal|Tuff,86.72,r3_fullcurve_stats_20260930,global,False,full,full_curve,f4dff61307f0f2e705e9f9716f85c06458eb17f7,False,84a59b18b9d77acfd78337dcc7e6fd2885b5dc948e5061d8377c0b5b28b35914,D:\工作空间\测井\cross_well_dg\configs\paper_r3_multirep.yaml,d75e375ba6ded8c4565e9ecd2a3cbd9beefb05689ae60904cbdb172dc365cec3,9d2c7ad879a80eef284e32d0dadee42e995aeacfcc54dedeef5e09c73767b0b5,43041111a78dd4726423d9f43fb9a3cc00d7284ebd9c49071c459697b99c0e87,91c87c5b4f834397daa00b01ae727b059675863211f044645de62d451cfb8c46,0.2591681364527685,results\multirep\details\parent_grouped\seed149_lgbm_global.json,86.79,0.2774220076538581,0.2774220076538581
parent_grouped,protocol1_parent_grouped_wells,149,lgbm_wellnorm,closed_set,closed_set,0.3277273921016943,0.6271387844320454,0.180363896780962,0.1849656343913135,0.4065631012678468,0.0983803073350702,0.1267404422136708,1029571,197174,204497,0,141,141,11,Sandstone|Shale|Sandstone/Shale|Limestone|Chalk|Dolomite|Marl|Anhydrite|Halite|Coal|Tuff,116.6,r3_fullcurve_stats_20260930,wellnorm,True,full,full_curve,f4dff61307f0f2e705e9f9716f85c06458eb17f7,False,84a59b18b9d77acfd78337dcc7e6fd2885b5dc948e5061d8377c0b5b28b35914,D:\工作空间\测井\cross_well_dg\configs\paper_r3_multirep.yaml,d75e375ba6ded8c4565e9ecd2a3cbd9beefb05689ae60904cbdb172dc365cec3,5bebe90abf4e23ffaf8aaf20db4953bcbf6850267df7c4799e66fe2b05f01ac3,43041111a78dd4726423d9f43fb9a3cc00d7284ebd9c49071c459697b99c0e87,91c87c5b4f834397daa00b01ae727b059675863211f044645de62d451cfb8c46,0.2487173622329251,results\multirep\details\parent_grouped\seed149_lgbm_wellnorm.json,116.69,0.3277273921016943,0.3277273921016943
parent_grouped,protocol1_parent_grouped_wells,149,lgbm_hybrid_norel,closed_set,closed_set,0.3185265175019603,0.6068059678137088,0.1926957223999515,0.1953590430056377,0.4109879603611714,0.1051067576727008,0.1328517041730346,1029571,197174,204497,0,141,141,11,Sandstone|Shale|Sandstone/Shale|Limestone|Chalk|Dolomite|Marl|Anhydrite|Halite|Coal|Tuff,158.01,r3_fullcurve_stats_20260930,hybrid,False,full,full_curve,f4dff61307f0f2e705e9f9716f85c06458eb17f7,False,84a59b18b9d77acfd78337dcc7e6fd2885b5dc948e5061d8377c0b5b28b35914,D:\工作空间\测井\cross_well_dg\configs\paper_r3_multirep.yaml,d75e375ba6ded8c4565e9ecd2a3cbd9beefb05689ae60904cbdb172dc365cec3,541d91be3eb41014f35c930411cfd23c85379321ea069333a4b0bf8e44def757,43041111a78dd4726423d9f43fb9a3cc00d7284ebd9c49071c459697b99c0e87,91c87c5b4f834397daa00b01ae727b059675863211f044645de62d451cfb8c46,0.2888577958116586,results\multirep\details\parent_grouped\seed149_lgbm_hybrid_norel.json,158.11,0.31852651750196037,0.31852651750196037
parent_grouped,protocol1_parent_grouped_wells,149,lgbm_hybrid,closed_set,closed_set,0.3342292834683219,0.6385766050357707,0.2061971647360809,0.2232538342532043,0.4382551502143781,0.1310784566019969,0.1498926138748497,1029571,197174,204497,0,141,141,11,Sandstone|Shale|Sandstone/Shale|Limestone|Chalk|Dolomite|Marl|Anhydrite|Halite|Coal|Tuff,145.09,r3_fullcurve_stats_20260930,hybrid,True,full,full_curve,f4dff61307f0f2e705e9f9716f85c06458eb17f7,False,84a59b18b9d77acfd78337dcc7e6fd2885b5dc948e5061d8377c0b5b28b35914,D:\工作空间\测井\cross_well_dg\configs\paper_r3_multirep.yaml,d75e375ba6ded8c4565e9ecd2a3cbd9beefb05689ae60904cbdb172dc365cec3,a9584710f6740238911d842e0e49d5039400bf72c84a40e420357b244e624b41,43041111a78dd4726423d9f43fb9a3cc00d7284ebd9c49071c459697b99c0e87,91c87c5b4f834397daa00b01ae727b059675863211f044645de62d451cfb8c46,0.3088812826499867,results\multirep\details\parent_grouped\seed149_lgbm_hybrid.json,145.15,0.33422928346832187,0.33422928346832187
parent_grouped,protocol1_parent_grouped_wells,149,lgbm_hybrid_while,closed_set,closed_set,0.3301687258299121,0.6056079062284532,0.2005658788375465,0.2050980943843812,0.4225333235669942,0.1093995702750253,0.13852438471393,1029571,197174,204497,0,141,141,11,Sandstone|Shale|Sandstone/Shale|Limestone|Chalk|Dolomite|Marl|Anhydrite|Halite|Coal|Tuff,160.91,r3_fullcurve_stats_20260930,hybrid,False,causal,full_curve,f4dff61307f0f2e705e9f9716f85c06458eb17f7,False,84a59b18b9d77acfd78337dcc7e6fd2885b5dc948e5061d8377c0b5b28b35914,D:\工作空间\测井\cross_well_dg\configs\paper_r3_multirep.yaml,d75e375ba6ded8c4565e9ecd2a3cbd9beefb05689ae60904cbdb172dc365cec3,80f751dcf6b86b3652b6c19bb1a93794dc1505ee4ff531e017226f9a7d9ef995,43041111a78dd4726423d9f43fb9a3cc00d7284ebd9c49071c459697b99c0e87,91c87c5b4f834397daa00b01ae727b059675863211f044645de62d451cfb8c46,0.299395472708565,results\multirep\details\parent_grouped\seed149_lgbm_hybrid_while.json,160.97,0.33016872582991214,0.33016872582991214
parent_grouped,protocol1_parent_grouped_wells,149,lgbm_hybrid_smooth,closed_set,closed_set,0.3370379634391498,0.6440730181860859,0.2066379656675331,0.2268724498550983,0.4416755735305258,0.1347856003869073,0.1519265134210808,1029571,197174,204497,0,141,141,11,Sandstone|Shale|Sandstone/Shale|Limestone|Chalk|Dolomite|Marl|Anhydrite|Halite|Coal|Tuff,155.22,r3_fullcurve_stats_20260930,hybrid,True,full,full_curve,f4dff61307f0f2e705e9f9716f85c06458eb17f7,False,84a59b18b9d77acfd78337dcc7e6fd2885b5dc948e5061d8377c0b5b28b35914,D:\工作空间\测井\cross_well_dg\configs\paper_r3_multirep.yaml,d75e375ba6ded8c4565e9ecd2a3cbd9beefb05689ae60904cbdb172dc365cec3,a9584710f6740238911d842e0e49d5039400bf72c84a40e420357b244e624b41,43041111a78dd4726423d9f43fb9a3cc00d7284ebd9c49071c459697b99c0e87,91c87c5b4f834397daa00b01ae727b059675863211f044645de62d451cfb8c46,0.313273877896092,results\multirep\details\parent_grouped\seed149_lgbm_hybrid_smooth.json,155.3,0.3370379634391498,0.3370379634391498
parent_grouped,protocol1_parent_grouped_wells,151,lgbm_global,closed_set,closed_set,0.3056640537380178,0.6056703970798849,0.1514051331501638,0.201514926531852,0.3646398739150887,0.0883196610042622,0.1076451332038559,981523,213157,236703,0,0,0,12,Sandstone|Shale|Sandstone/Shale|Limestone|Chalk|Dolomite|Marl|Anhydrite|Halite|Coal|Basement|Tuff,103.72,r3_fullcurve_stats_20260930,global,False,full,full_curve,f4dff61307f0f2e705e9f9716f85c06458eb17f7,False,84a59b18b9d77acfd78337dcc7e6fd2885b5dc948e5061d8377c0b5b28b35914,D:\工作空间\测井\cross_well_dg\configs\paper_r3_multirep.yaml,f50ce11404bc99913f585263e3b51f930b14bce525b9777dd37a89764c2eef06,9d2c7ad879a80eef284e32d0dadee42e995aeacfcc54dedeef5e09c73767b0b5,43041111a78dd4726423d9f43fb9a3cc00d7284ebd9c49071c459697b99c0e87,91c87c5b4f834397daa00b01ae727b059675863211f044645de62d451cfb8c46,0.4044084052722042,results\multirep\details\parent_grouped\seed151_lgbm_global.json,103.77,0.25008877124019646,0.30566405373801786
parent_grouped,protocol1_parent_grouped_wells,151,lgbm_wellnorm,closed_set,closed_set,0.3273712518304433,0.5820881019674444,0.1768354274451835,0.1966962947495789,0.3860179993756824,0.0736814281021598,0.098862932364551,981523,213157,236703,0,0,0,12,Sandstone|Shale|Sandstone/Shale|Limestone|Chalk|Dolomite|Marl|Anhydrite|Halite|Coal|Basement|Tuff,106.22,r3_fullcurve_stats_20260930,wellnorm,True,full,full_curve,f4dff61307f0f2e705e9f9716f85c06458eb17f7,False,84a59b18b9d77acfd78337dcc7e6fd2885b5dc948e5061d8377c0b5b28b35914,D:\工作空间\测井\cross_well_dg\configs\paper_r3_multirep.yaml,f50ce11404bc99913f585263e3b51f930b14bce525b9777dd37a89764c2eef06,5bebe90abf4e23ffaf8aaf20db4953bcbf6850267df7c4799e66fe2b05f01ac3,43041111a78dd4726423d9f43fb9a3cc00d7284ebd9c49071c459697b99c0e87,91c87c5b4f834397daa00b01ae727b059675863211f044645de62d451cfb8c46,0.2582233693767546,results\multirep\details\parent_grouped\seed151_lgbm_wellnorm.json,106.28,0.26784920604309004,0.32737125183044335
parent_grouped,protocol1_parent_grouped_wells,151,lgbm_hybrid_norel,closed_set,closed_set,0.3240401408019278,0.6123538780666067,0.2208105810108644,0.2396106040222202,0.3837518363944744,0.0920044087545268,0.1213719705953897,981523,213157,236703,0,0,0,12,Sandstone|Shale|Sandstone/Shale|Limestone|Chalk|Dolomite|Marl|Anhydrite|Halite|Coal|Basement|Tuff,146.74,r3_fullcurve_stats_20260930,hybrid,False,full,full_curve,f4dff61307f0f2e705e9f9716f85c06458eb17f7,False,84a59b18b9d77acfd78337dcc7e6fd2885b5dc948e5061d8377c0b5b28b35914,D:\工作空间\测井\cross_well_dg\configs\paper_r3_multirep.yaml,f50ce11404bc99913f585263e3b51f930b14bce525b9777dd37a89764c2eef06,541d91be3eb41014f35c930411cfd23c85379321ea069333a4b0bf8e44def757,43041111a78dd4726423d9f43fb9a3cc00d7284ebd9c49071c459697b99c0e87,91c87c5b4f834397daa00b01ae727b059675863211f044645de62d451cfb8c46,0.419749239423105,results\multirep\details\parent_grouped\seed151_lgbm_hybrid_norel.json,146.82,0.2651237515652137,0.3240401408019278
parent_grouped,protocol1_parent_grouped_wells,151,lgbm_hybrid,closed_set,closed_set,0.3465937249987255,0.6335365415731951,0.176801951192549,0.1895946470831468,0.4017306654417196,0.073667479663562,0.0958633815324565,981523,213157,236703,0,0,0,12,Sandstone|Shale|Sandstone/Shale|Limestone|Chalk|Dolomite|Marl|Anhydrite|Halite|Coal|Basement|Tuff,179.18,r3_fullcurve_stats_20260930,hybrid,True,full,full_curve,f4dff61307f0f2e705e9f9716f85c06458eb17f7,False,84a59b18b9d77acfd78337dcc7e6fd2885b5dc948e5061d8377c0b5b28b35914,D:\工作空间\测井\cross_well_dg\configs\paper_r3_multirep.yaml,f50ce11404bc99913f585263e3b51f930b14bce525b9777dd37a89764c2eef06,a9584710f6740238911d842e0e49d5039400bf72c84a40e420357b244e624b41,43041111a78dd4726423d9f43fb9a3cc00d7284ebd9c49071c459697b99c0e87,91c87c5b4f834397daa00b01ae727b059675863211f044645de62d451cfb8c46,0.425468112364255,results\multirep\details\parent_grouped\seed151_lgbm_hybrid.json,179.24,0.2835766840898663,0.34659372499872554
parent_grouped,protocol1_parent_grouped_wells,151,lgbm_hybrid_while,closed_set,closed_set,0.3430644961596426,0.6264981854898333,0.157848674166041,0.1882127761032054,0.3814787046051383,0.0910736991834874,0.0915760462235057,981523,213157,236703,0,0,0,12,Sandstone|Shale|Sandstone/Shale|Limestone|Chalk|Dolomite|Marl|Anhydrite|Halite|Coal|Basement|Tuff,177.68,r3_fullcurve_stats_20260930,hybrid,False,causal,full_curve,f4dff61307f0f2e705e9f9716f85c06458eb17f7,False,84a59b18b9d77acfd78337dcc7e6fd2885b5dc948e5061d8377c0b5b28b35914,D:\工作空间\测井\cross_well_dg\configs\paper_r3_multirep.yaml,f50ce11404bc99913f585263e3b51f930b14bce525b9777dd37a89764c2eef06,80f751dcf6b86b3652b6c19bb1a93794dc1505ee4ff531e017226f9a7d9ef995,43041111a78dd4726423d9f43fb9a3cc00d7284ebd9c49071c459697b99c0e87,91c87c5b4f834397daa00b01ae727b059675863211f044645de62d451cfb8c46,0.3757670665891762,results\multirep\details\parent_grouped\seed151_lgbm_hybrid_while.json,177.75,0.2806891332215258,0.34306449615964263
parent_grouped,protocol1_parent_grouped_wells,151,lgbm_hybrid_smooth,closed_set,closed_set,0.3486704705003855,0.6370472702078132,0.1745147255689424,0.1879247119345171,0.4040357783289603,0.0727144689870593,0.0950798548310564,981523,213157,236703,0,0,0,12,Sandstone|Shale|Sandstone/Shale|Limestone|Chalk|Dolomite|Marl|Anhydrite|Halite|Coal|Basement|Tuff,186.65,r3_fullcurve_stats_20260930,hybrid,True,full,full_curve,f4dff61307f0f2e705e9f9716f85c06458eb17f7,False,84a59b18b9d77acfd78337dcc7e6fd2885b5dc948e5061d8377c0b5b28b35914,D:\工作空间\测井\cross_well_dg\configs\paper_r3_multirep.yaml,f50ce11404bc99913f585263e3b51f930b14bce525b9777dd37a89764c2eef06,a9584710f6740238911d842e0e49d5039400bf72c84a40e420357b244e624b41,43041111a78dd4726423d9f43fb9a3cc00d7284ebd9c49071c459697b99c0e87,91c87c5b4f834397daa00b01ae727b059675863211f044645de62d451cfb8c46,0.4305464852616277,results\multirep\details\parent_grouped\seed151_lgbm_hybrid_smooth.json,186.74,0.28527583950031543,0.3486704705003855
parent_grouped,protocol1_parent_grouped_wells,157,lgbm_global,closed_set,closed_set,0.3044199282229212,0.6119631563870342,0.1528594562766788,0.1546593909506662,0.3660785885246178,0.0764297281383394,0.0854768630288655,1019618,230241,181524,0,0,0,12,Sandstone|Shale|Sandstone/Shale|Limestone|Chalk|Dolomite|Marl|Anhydrite|Halite|Coal|Basement|Tuff,242.54,r3_fullcurve_stats_20260930,global,False,full,full_curve,f4dff61307f0f2e705e9f9716f85c06458eb17f7,False,84a59b18b9d77acfd78337dcc7e6fd2885b5dc948e5061d8377c0b5b28b35914,D:\工作空间\测井\cross_well_dg\configs\paper_r3_multirep.yaml,e8863c938cfdfd1d5b12ede0e5a61edb4575e492c374dd6b1213976120be1be0,9d2c7ad879a80eef284e32d0dadee42e995aeacfcc54dedeef5e09c73767b0b5,43041111a78dd4726423d9f43fb9a3cc00d7284ebd9c49071c459697b99c0e87,91c87c5b4f834397daa00b01ae727b059675863211f044645de62d451cfb8c46,0.358618246120423,results\multirep\details\parent_grouped\seed157_lgbm_global.json,242.68,0.3044199282229213,0.3044199282229213
parent_grouped,protocol1_parent_grouped_wells,157,lgbm_wellnorm,closed_set,closed_set,0.264522318366614,0.6385161190806725,0.14411458880524,0.1487921616965775,0.3675647723599771,0.0767348672939575,0.0835672168384308,1019618,230241,181524,0,0,0,12,Sandstone|Shale|Sandstone/Shale|Limestone|Chalk|Dolomite|Marl|Anhydrite|Halite|Coal|Basement|Tuff,358.69,r3_fullcurve_stats_20260930,wellnorm,True,full,full_curve,f4dff61307f0f2e705e9f9716f85c06458eb17f7,False,84a59b18b9d77acfd78337dcc7e6fd2885b5dc948e5061d8377c0b5b28b35914,D:\工作空间\测井\cross_well_dg\configs\paper_r3_multirep.yaml,e8863c938cfdfd1d5b12ede0e5a61edb4575e492c374dd6b1213976120be1be0,5bebe90abf4e23ffaf8aaf20db4953bcbf6850267df7c4799e66fe2b05f01ac3,43041111a78dd4726423d9f43fb9a3cc00d7284ebd9c49071c459697b99c0e87,91c87c5b4f834397daa00b01ae727b059675863211f044645de62d451cfb8c46,0.3207497524555454,results\multirep\details\parent_grouped\seed157_lgbm_wellnorm.json,358.82,0.264522318366614,0.264522318366614
parent_grouped,protocol1_parent_grouped_wells,157,lgbm_hybrid_norel,closed_set,closed_set,0.4050531117157875,0.6418379938740882,0.197398815613202,0.2177686804517478,0.3888919642521897,0.098699407806601,0.1187128082399784,1019618,230241,181524,0,0,0,12,Sandstone|Shale|Sandstone/Shale|Limestone|Chalk|Dolomite|Marl|Anhydrite|Halite|Coal|Basement|Tuff,425.36,r3_fullcurve_stats_20260930,hybrid,False,full,full_curve,f4dff61307f0f2e705e9f9716f85c06458eb17f7,False,84a59b18b9d77acfd78337dcc7e6fd2885b5dc948e5061d8377c0b5b28b35914,D:\工作空间\测井\cross_well_dg\configs\paper_r3_multirep.yaml,e8863c938cfdfd1d5b12ede0e5a61edb4575e492c374dd6b1213976120be1be0,541d91be3eb41014f35c930411cfd23c85379321ea069333a4b0bf8e44def757,43041111a78dd4726423d9f43fb9a3cc00d7284ebd9c49071c459697b99c0e87,91c87c5b4f834397daa00b01ae727b059675863211f044645de62d451cfb8c46,0.3662340320772347,results\multirep\details\parent_grouped\seed157_lgbm_hybrid_norel.json,425.53,0.40505311171578756,0.40505311171578756
parent_grouped,protocol1_parent_grouped_wells,157,lgbm_hybrid,closed_set,closed_set,0.4170727984194222,0.6708920032612767,0.2316073664606835,0.2598836987520101,0.411312077553293,0.1158036832303417,0.1337913624999116,1019618,230241,181524,0,0,0,12,Sandstone|Shale|Sandstone/Shale|Limestone|Chalk|Dolomite|Marl|Anhydrite|Halite|Coal|Basement|Tuff,414.02,r3_fullcurve_stats_20260930,hybrid,True,full,full_curve,f4dff61307f0f2e705e9f9716f85c06458eb17f7,False,84a59b18b9d77acfd78337dcc7e6fd2885b5dc948e5061d8377c0b5b28b35914,D:\工作空间\测井\cross_well_dg\configs\paper_r3_multirep.yaml,e8863c938cfdfd1d5b12ede0e5a61edb4575e492c374dd6b1213976120be1be0,a9584710f6740238911d842e0e49d5039400bf72c84a40e420357b244e624b41,43041111a78dd4726423d9f43fb9a3cc00d7284ebd9c49071c459697b99c0e87,91c87c5b4f834397daa00b01ae727b059675863211f044645de62d451cfb8c46,0.3644461635878776,results\multirep\details\parent_grouped\seed157_lgbm_hybrid.json,414.13,0.4170727984194223,0.4170727984194223
parent_grouped,protocol1_parent_grouped_wells,157,lgbm_hybrid_while,closed_set,closed_set,0.3945748459041667,0.6905918776580507,0.2034065660801484,0.2318547082359975,0.4119503726154037,0.1017032830400742,0.1164137606088547,1019618,230241,181524,0,0,0,12,Sandstone|Shale|Sandstone/Shale|Limestone|Chalk|Dolomite|Marl|Anhydrite|Halite|Coal|Basement|Tuff,452.87,r3_fullcurve_stats_20260930,hybrid,False,causal,full_curve,f4dff61307f0f2e705e9f9716f85c06458eb17f7,False,84a59b18b9d77acfd78337dcc7e6fd2885b5dc948e5061d8377c0b5b28b35914,D:\工作空间\测井\cross_well_dg\configs\paper_r3_multirep.yaml,e8863c938cfdfd1d5b12ede0e5a61edb4575e492c374dd6b1213976120be1be0,80f751dcf6b86b3652b6c19bb1a93794dc1505ee4ff531e017226f9a7d9ef995,43041111a78dd4726423d9f43fb9a3cc00d7284ebd9c49071c459697b99c0e87,91c87c5b4f834397daa00b01ae727b059675863211f044645de62d451cfb8c46,0.3566933746264816,results\multirep\details\parent_grouped\seed157_lgbm_hybrid_while.json,453.0,0.3945748459041667,0.3945748459041667
parent_grouped,protocol1_parent_grouped_wells,157,lgbm_hybrid_smooth,closed_set,closed_set,0.4174234348991782,0.6746105198210705,0.2094812583406059,0.2475702421733311,0.4047531614927129,0.1047406291703029,0.1254271693601363,1019618,230241,181524,0,0,0,12,Sandstone|Shale|Sandstone/Shale|Limestone|Chalk|Dolomite|Marl|Anhydrite|Halite|Coal|Basement|Tuff,454.44,r3_fullcurve_stats_20260930,hybrid,True,full,full_curve,f4dff61307f0f2e705e9f9716f85c06458eb17f7,False,84a59b18b9d77acfd78337dcc7e6fd2885b5dc948e5061d8377c0b5b28b35914,D:\工作空间\测井\cross_well_dg\configs\paper_r3_multirep.yaml,e8863c938cfdfd1d5b12ede0e5a61edb4575e492c374dd6b1213976120be1be0,a9584710f6740238911d842e0e49d5039400bf72c84a40e420357b244e624b41,43041111a78dd4726423d9f43fb9a3cc00d7284ebd9c49071c459697b99c0e87,91c87c5b4f834397daa00b01ae727b059675863211f044645de62d451cfb8c46,0.3646370650254216,results\multirep\details\parent_grouped\seed157_lgbm_hybrid_smooth.json,454.58,0.41742343489917827,0.41742343489917827
parent_grouped,protocol1_parent_grouped_wells,163,lgbm_global,closed_set,closed_set,0.2791040081507861,0.5145465916197624,0.0787964017853704,0.1647117409667716,0.3730969550671481,0.0590973013390278,0.0961753330897638,985165,246343,199875,0,0,0,12,Sandstone|Shale|Sandstone/Shale|Limestone|Chalk|Dolomite|Marl|Anhydrite|Halite|Coal|Basement|Tuff,260.3,r3_fullcurve_stats_20260930,global,False,full,full_curve,f4dff61307f0f2e705e9f9716f85c06458eb17f7,False,84a59b18b9d77acfd78337dcc7e6fd2885b5dc948e5061d8377c0b5b28b35914,D:\工作空间\测井\cross_well_dg\configs\paper_r3_multirep.yaml,ea62f8ae5930e5f7fbbbf62f3a04935103fbe7cd6b29e12016e0206f1592c23a,9d2c7ad879a80eef284e32d0dadee42e995aeacfcc54dedeef5e09c73767b0b5,43041111a78dd4726423d9f43fb9a3cc00d7284ebd9c49071c459697b99c0e87,91c87c5b4f834397daa00b01ae727b059675863211f044645de62d451cfb8c46,0.3412938076389233,results\multirep\details\parent_grouped\seed163_lgbm_global.json,260.43,0.2791040081507861,0.2791040081507861
parent_grouped,protocol1_parent_grouped_wells,163,lgbm_wellnorm,closed_set,closed_set,0.2437440707749818,0.6194871794871795,0.1164188660406494,0.1587160336691958,0.3588564624786171,0.087314149530487,0.1090090604986079,985165,246343,199875,0,0,0,12,Sandstone|Shale|Sandstone/Shale|Limestone|Chalk|Dolomite|Marl|Anhydrite|Halite|Coal|Basement|Tuff,259.01,r3_fullcurve_stats_20260930,wellnorm,True,full,full_curve,f4dff61307f0f2e705e9f9716f85c06458eb17f7,False,84a59b18b9d77acfd78337dcc7e6fd2885b5dc948e5061d8377c0b5b28b35914,D:\工作空间\测井\cross_well_dg\configs\paper_r3_multirep.yaml,ea62f8ae5930e5f7fbbbf62f3a04935103fbe7cd6b29e12016e0206f1592c23a,5bebe90abf4e23ffaf8aaf20db4953bcbf6850267df7c4799e66fe2b05f01ac3,43041111a78dd4726423d9f43fb9a3cc00d7284ebd9c49071c459697b99c0e87,91c87c5b4f834397daa00b01ae727b059675863211f044645de62d451cfb8c46,0.2615366655883961,results\multirep\details\parent_grouped\seed163_lgbm_wellnorm.json,259.17,0.24374407077498175,0.24374407077498175
parent_grouped,protocol1_parent_grouped_wells,163,lgbm_hybrid_norel,closed_set,closed_set,0.3148828942388882,0.6291932457786117,0.1459321751599614,0.2016026889584677,0.3988258666756155,0.1094491313699711,0.1296783638190898,985165,246343,199875,0,0,0,12,Sandstone|Shale|Sandstone/Shale|Limestone|Chalk|Dolomite|Marl|Anhydrite|Halite|Coal|Basement|Tuff,270.55,r3_fullcurve_stats_20260930,hybrid,False,full,full_curve,f4dff61307f0f2e705e9f9716f85c06458eb17f7,False,84a59b18b9d77acfd78337dcc7e6fd2885b5dc948e5061d8377c0b5b28b35914,D:\工作空间\测井\cross_well_dg\configs\paper_r3_multirep.yaml,ea62f8ae5930e5f7fbbbf62f3a04935103fbe7cd6b29e12016e0206f1592c23a,541d91be3eb41014f35c930411cfd23c85379321ea069333a4b0bf8e44def757,43041111a78dd4726423d9f43fb9a3cc00d7284ebd9c49071c459697b99c0e87,91c87c5b4f834397daa00b01ae727b059675863211f044645de62d451cfb8c46,0.360870874865533,results\multirep\details\parent_grouped\seed163_lgbm_hybrid_norel.json,270.69,0.3148828942388882,0.3148828942388882
parent_grouped,protocol1_parent_grouped_wells,163,lgbm_hybrid,closed_set,closed_set,0.3435358141479657,0.6683777360850531,0.1602881956551763,0.2039779416150723,0.4187594256925532,0.1202161467413822,0.1378026031681576,985165,246343,199875,0,0,0,12,Sandstone|Shale|Sandstone/Shale|Limestone|Chalk|Dolomite|Marl|Anhydrite|Halite|Coal|Basement|Tuff,347.81,r3_fullcurve_stats_20260930,hybrid,True,full,full_curve,f4dff61307f0f2e705e9f9716f85c06458eb17f7,False,84a59b18b9d77acfd78337dcc7e6fd2885b5dc948e5061d8377c0b5b28b35914,D:\工作空间\测井\cross_well_dg\configs\paper_r3_multirep.yaml,ea62f8ae5930e5f7fbbbf62f3a04935103fbe7cd6b29e12016e0206f1592c23a,a9584710f6740238911d842e0e49d5039400bf72c84a40e420357b244e624b41,43041111a78dd4726423d9f43fb9a3cc00d7284ebd9c49071c459697b99c0e87,91c87c5b4f834397daa00b01ae727b059675863211f044645de62d451cfb8c46,0.3435574445344716,results\multirep\details\parent_grouped\seed163_lgbm_hybrid.json,347.93,0.34353581414796563,0.34353581414796563
parent_grouped,protocol1_parent_grouped_wells,163,lgbm_hybrid_while,closed_set,closed_set,0.3010765663981512,0.5853358348968105,0.1616057220013648,0.2182969136288406,0.3987845012866625,0.1212042915010235,0.1318303271751705,985165,246343,199875,0,0,0,12,Sandstone|Shale|Sandstone/Shale|Limestone|Chalk|Dolomite|Marl|Anhydrite|Halite|Coal|Basement|Tuff,327.54,r3_fullcurve_stats_20260930,hybrid,False,causal,full_curve,f4dff61307f0f2e705e9f9716f85c06458eb17f7,False,84a59b18b9d77acfd78337dcc7e6fd2885b5dc948e5061d8377c0b5b28b35914,D:\工作空间\测井\cross_well_dg\configs\paper_r3_multirep.yaml,ea62f8ae5930e5f7fbbbf62f3a04935103fbe7cd6b29e12016e0206f1592c23a,80f751dcf6b86b3652b6c19bb1a93794dc1505ee4ff531e017226f9a7d9ef995,43041111a78dd4726423d9f43fb9a3cc00d7284ebd9c49071c459697b99c0e87,91c87c5b4f834397daa00b01ae727b059675863211f044645de62d451cfb8c46,0.3573665001411232,results\multirep\details\parent_grouped\seed163_lgbm_hybrid_while.json,327.7,0.3010765663981513,0.3010765663981513
parent_grouped,protocol1_parent_grouped_wells,163,lgbm_hybrid_smooth,closed_set,closed_set,0.3499496542755534,0.6768180112570357,0.1614362297403943,0.2058223419325902,0.4238273145999278,0.1210771723052957,0.1419544112391471,985165,246343,199875,0,0,0,12,Sandstone|Shale|Sandstone/Shale|Limestone|Chalk|Dolomite|Marl|Anhydrite|Halite|Coal|Basement|Tuff,357.37,r3_fullcurve_stats_20260930,hybrid,True,full,full_curve,f4dff61307f0f2e705e9f9716f85c06458eb17f7,False,84a59b18b9d77acfd78337dcc7e6fd2885b5dc948e5061d8377c0b5b28b35914,D:\工作空间\测井\cross_well_dg\configs\paper_r3_multirep.yaml,ea62f8ae5930e5f7fbbbf62f3a04935103fbe7cd6b29e12016e0206f1592c23a,a9584710f6740238911d842e0e49d5039400bf72c84a40e420357b244e624b41,43041111a78dd4726423d9f43fb9a3cc00d7284ebd9c49071c459697b99c0e87,91c87c5b4f834397daa00b01ae727b059675863211f044645de62d451cfb8c46,0.3452974975420184,results\multirep\details\parent_grouped\seed163_lgbm_hybrid_smooth.json,357.53,0.3499496542755533,0.3499496542755533
parent_grouped,protocol1_parent_grouped_wells,167,lgbm_global,closed_set,closed_set,0.3640352785685701,0.5713859179560455,0.1893885270863976,0.2282948724484526,0.4275061065978477,0.1420413953147982,0.1480859443688051,951064,292761,187558,0,0,0,12,Sandstone|Shale|Sandstone/Shale|Limestone|Chalk|Dolomite|Marl|Anhydrite|Halite|Coal|Basement|Tuff,329.94,r3_fullcurve_stats_20260930,global,False,full,full_curve,f4dff61307f0f2e705e9f9716f85c06458eb17f7,False,84a59b18b9d77acfd78337dcc7e6fd2885b5dc948e5061d8377c0b5b28b35914,D:\工作空间\测井\cross_well_dg\configs\paper_r3_multirep.yaml,38e2ee6171be2e874b657c71766d31c73ef56825d10053dcdc87fa903dc47557,9d2c7ad879a80eef284e32d0dadee42e995aeacfcc54dedeef5e09c73767b0b5,43041111a78dd4726423d9f43fb9a3cc00d7284ebd9c49071c459697b99c0e87,91c87c5b4f834397daa00b01ae727b059675863211f044645de62d451cfb8c46,0.3294679700513559,results\multirep\details\parent_grouped\seed167_lgbm_global.json,330.09,0.3640352785685701,0.3640352785685701
parent_grouped,protocol1_parent_grouped_wells,167,lgbm_wellnorm,closed_set,closed_set,0.2809318070889883,0.6117574297017456,0.1320281391082392,0.1332067526933331,0.3766597543086285,0.0671926831392135,0.0770214180222061,951064,292761,187558,0,0,0,12,Sandstone|Shale|Sandstone/Shale|Limestone|Chalk|Dolomite|Marl|Anhydrite|Halite|Coal|Basement|Tuff,371.88,r3_fullcurve_stats_20260930,wellnorm,True,full,full_curve,f4dff61307f0f2e705e9f9716f85c06458eb17f7,False,84a59b18b9d77acfd78337dcc7e6fd2885b5dc948e5061d8377c0b5b28b35914,D:\工作空间\测井\cross_well_dg\configs\paper_r3_multirep.yaml,38e2ee6171be2e874b657c71766d31c73ef56825d10053dcdc87fa903dc47557,5bebe90abf4e23ffaf8aaf20db4953bcbf6850267df7c4799e66fe2b05f01ac3,43041111a78dd4726423d9f43fb9a3cc00d7284ebd9c49071c459697b99c0e87,91c87c5b4f834397daa00b01ae727b059675863211f044645de62d451cfb8c46,0.2961160805038874,results\multirep\details\parent_grouped\seed167_lgbm_wellnorm.json,371.99,0.2809318070889883,0.2809318070889883
parent_grouped,protocol1_parent_grouped_wells,167,lgbm_hybrid_norel,closed_set,closed_set,0.4778042803181613,0.6728052122543426,0.160371927386133,0.2089327060192781,0.4274173789824154,0.0801859636930665,0.0944153301629336,951064,292761,187558,0,0,0,12,Sandstone|Shale|Sandstone/Shale|Limestone|Chalk|Dolomite|Marl|Anhydrite|Halite|Coal|Basement|Tuff,431.96,r3_fullcurve_stats_20260930,hybrid,False,full,full_curve,f4dff61307f0f2e705e9f9716f85c06458eb17f7,False,84a59b18b9d77acfd78337dcc7e6fd2885b5dc948e5061d8377c0b5b28b35914,D:\工作空间\测井\cross_well_dg\configs\paper_r3_multirep.yaml,38e2ee6171be2e874b657c71766d31c73ef56825d10053dcdc87fa903dc47557,541d91be3eb41014f35c930411cfd23c85379321ea069333a4b0bf8e44def757,43041111a78dd4726423d9f43fb9a3cc00d7284ebd9c49071c459697b99c0e87,91c87c5b4f834397daa00b01ae727b059675863211f044645de62d451cfb8c46,0.3151483028619108,results\multirep\details\parent_grouped\seed167_lgbm_hybrid_norel.json,432.07,0.47780428031816125,0.47780428031816125
parent_grouped,protocol1_parent_grouped_wells,167,lgbm_hybrid,closed_set,closed_set,0.4325791546485716,0.6661725972765757,0.2179704002645826,0.2253380978805379,0.4360169309994717,0.0969607481235388,0.102972974127915,951064,292761,187558,0,0,0,12,Sandstone|Shale|Sandstone/Shale|Limestone|Chalk|Dolomite|Marl|Anhydrite|Halite|Coal|Basement|Tuff,441.83,r3_fullcurve_stats_20260930,hybrid,True,full,full_curve,f4dff61307f0f2e705e9f9716f85c06458eb17f7,False,84a59b18b9d77acfd78337dcc7e6fd2885b5dc948e5061d8377c0b5b28b35914,D:\工作空间\测井\cross_well_dg\configs\paper_r3_multirep.yaml,38e2ee6171be2e874b657c71766d31c73ef56825d10053dcdc87fa903dc47557,a9584710f6740238911d842e0e49d5039400bf72c84a40e420357b244e624b41,43041111a78dd4726423d9f43fb9a3cc00d7284ebd9c49071c459697b99c0e87,91c87c5b4f834397daa00b01ae727b059675863211f044645de62d451cfb8c46,0.3391572896111305,results\multirep\details\parent_grouped\seed167_lgbm_hybrid.json,441.96,0.4325791546485716,0.4325791546485716
parent_grouped,protocol1_parent_grouped_wells,167,lgbm_hybrid_while,closed_set,closed_set,0.4071137378670176,0.6328495718657695,0.160533230833741,0.2215077956900923,0.4193980880207547,0.0668888461807254,0.1095838515170526,951064,292761,187558,0,0,0,12,Sandstone|Shale|Sandstone/Shale|Limestone|Chalk|Dolomite|Marl|Anhydrite|Halite|Coal|Basement|Tuff,476.99,r3_fullcurve_stats_20260930,hybrid,False,causal,full_curve,f4dff61307f0f2e705e9f9716f85c06458eb17f7,False,84a59b18b9d77acfd78337dcc7e6fd2885b5dc948e5061d8377c0b5b28b35914,D:\工作空间\测井\cross_well_dg\configs\paper_r3_multirep.yaml,38e2ee6171be2e874b657c71766d31c73ef56825d10053dcdc87fa903dc47557,80f751dcf6b86b3652b6c19bb1a93794dc1505ee4ff531e017226f9a7d9ef995,43041111a78dd4726423d9f43fb9a3cc00d7284ebd9c49071c459697b99c0e87,91c87c5b4f834397daa00b01ae727b059675863211f044645de62d451cfb8c46,0.3376239055492085,results\multirep\details\parent_grouped\seed167_lgbm_hybrid_while.json,477.12,0.40711373786701777,0.40711373786701777
parent_grouped,protocol1_parent_grouped_wells,167,lgbm_hybrid_smooth,closed_set,closed_set,0.4343939280410289,0.670102048433018,0.2230788341725425,0.2263715451854448,0.4370384973774263,0.0956934400826446,0.1036164285844579,951064,292761,187558,0,0,0,12,Sandstone|Shale|Sandstone/Shale|Limestone|Chalk|Dolomite|Marl|Anhydrite|Halite|Coal|Basement|Tuff,465.21,r3_fullcurve_stats_20260930,hybrid,True,full,full_curve,f4dff61307f0f2e705e9f9716f85c06458eb17f7,False,84a59b18b9d77acfd78337dcc7e6fd2885b5dc948e5061d8377c0b5b28b35914,D:\工作空间\测井\cross_well_dg\configs\paper_r3_multirep.yaml,38e2ee6171be2e874b657c71766d31c73ef56825d10053dcdc87fa903dc47557,a9584710f6740238911d842e0e49d5039400bf72c84a40e420357b244e624b41,43041111a78dd4726423d9f43fb9a3cc00d7284ebd9c49071c459697b99c0e87,91c87c5b4f834397daa00b01ae727b059675863211f044645de62d451cfb8c46,0.3424797489686161,results\multirep\details\parent_grouped\seed167_lgbm_hybrid_smooth.json,465.34,0.4343939280410289,0.4343939280410289
parent_grouped,protocol1_parent_grouped_wells,173,lgbm_global,closed_set,closed_set,0.3205383615308951,0.5251405833799204,0.2680601087095498,0.2682663191398901,0.3724267237510659,0.1406199951886478,0.1417687255069177,947453,270926,212863,0,141,141,11,Sandstone|Shale|Sandstone/Shale|Limestone|Chalk|Dolomite|Marl|Anhydrite|Halite|Coal|Tuff,327.06,r3_fullcurve_stats_20260930,global,False,full,full_curve,f4dff61307f0f2e705e9f9716f85c06458eb17f7,False,84a59b18b9d77acfd78337dcc7e6fd2885b5dc948e5061d8377c0b5b28b35914,D:\工作空间\测井\cross_well_dg\configs\paper_r3_multirep.yaml,1e71bc258ea47aa12da474420d3dfac434191e968553902d2d01c059b5ce202a,9d2c7ad879a80eef284e32d0dadee42e995aeacfcc54dedeef5e09c73767b0b5,43041111a78dd4726423d9f43fb9a3cc00d7284ebd9c49071c459697b99c0e87,91c87c5b4f834397daa00b01ae727b059675863211f044645de62d451cfb8c46,0.3187251772839645,results\multirep\details\parent_grouped\seed173_lgbm_global.json,327.2,0.291398510482632,0.32053836153089516
parent_grouped,protocol1_parent_grouped_wells,173,lgbm_wellnorm,closed_set,closed_set,0.2719509792431687,0.6606643709803959,0.2144591123009565,0.2321125356488386,0.3712704293007586,0.1135299813621457,0.1274617390227688,947453,270926,212863,0,141,141,11,Sandstone|Shale|Sandstone/Shale|Limestone|Chalk|Dolomite|Marl|Anhydrite|Halite|Coal|Tuff,257.08,r3_fullcurve_stats_20260930,wellnorm,True,full,full_curve,f4dff61307f0f2e705e9f9716f85c06458eb17f7,False,84a59b18b9d77acfd78337dcc7e6fd2885b5dc948e5061d8377c0b5b28b35914,D:\工作空间\测井\cross_well_dg\configs\paper_r3_multirep.yaml,1e71bc258ea47aa12da474420d3dfac434191e968553902d2d01c059b5ce202a,5bebe90abf4e23ffaf8aaf20db4953bcbf6850267df7c4799e66fe2b05f01ac3,43041111a78dd4726423d9f43fb9a3cc00d7284ebd9c49071c459697b99c0e87,91c87c5b4f834397daa00b01ae727b059675863211f044645de62d451cfb8c46,0.2590489220594009,results\multirep\details\parent_grouped\seed173_lgbm_wellnorm.json,257.23,0.24722816294833516,0.2719509792431687
parent_grouped,protocol1_parent_grouped_wells,173,lgbm_hybrid_norel,closed_set,closed_set,0.3552902622738456,0.6262807533483978,0.2758798304522405,0.3022913034876779,0.4148799304415939,0.1494103529650524,0.1593990416499696,947453,270926,212863,0,141,141,11,Sandstone|Shale|Sandstone/Shale|Limestone|Chalk|Dolomite|Marl|Anhydrite|Halite|Coal|Tuff,431.79,r3_fullcurve_stats_20260930,hybrid,False,full,full_curve,f4dff61307f0f2e705e9f9716f85c06458eb17f7,False,84a59b18b9d77acfd78337dcc7e6fd2885b5dc948e5061d8377c0b5b28b35914,D:\工作空间\测井\cross_well_dg\configs\paper_r3_multirep.yaml,1e71bc258ea47aa12da474420d3dfac434191e968553902d2d01c059b5ce202a,541d91be3eb41014f35c930411cfd23c85379321ea069333a4b0bf8e44def757,43041111a78dd4726423d9f43fb9a3cc00d7284ebd9c49071c459697b99c0e87,91c87c5b4f834397daa00b01ae727b059675863211f044645de62d451cfb8c46,0.4210914824931754,results\multirep\details\parent_grouped\seed173_lgbm_hybrid_norel.json,431.91,0.32299114752167785,0.35529026227384564
parent_grouped,protocol1_parent_grouped_wells,173,lgbm_hybrid,closed_set,closed_set,0.3128348472647551,0.6485485969849152,0.2519941649848186,0.2866444105227891,0.4145077640628289,0.151169169619995,0.1593917009491388,947453,270926,212863,0,141,141,11,Sandstone|Shale|Sandstone/Shale|Limestone|Chalk|Dolomite|Marl|Anhydrite|Halite|Coal|Tuff,406.93,r3_fullcurve_stats_20260930,hybrid,True,full,full_curve,f4dff61307f0f2e705e9f9716f85c06458eb17f7,False,84a59b18b9d77acfd78337dcc7e6fd2885b5dc948e5061d8377c0b5b28b35914,D:\工作空间\测井\cross_well_dg\configs\paper_r3_multirep.yaml,1e71bc258ea47aa12da474420d3dfac434191e968553902d2d01c059b5ce202a,a9584710f6740238911d842e0e49d5039400bf72c84a40e420357b244e624b41,43041111a78dd4726423d9f43fb9a3cc00d7284ebd9c49071c459697b99c0e87,91c87c5b4f834397daa00b01ae727b059675863211f044645de62d451cfb8c46,0.3721594975833351,results\multirep\details\parent_grouped\seed173_lgbm_hybrid.json,407.06,0.2843953156952319,0.3128348472647551
parent_grouped,protocol1_parent_grouped_wells,173,lgbm_hybrid_while,closed_set,closed_set,0.3803677211800685,0.6488915405683467,0.2877037747013935,0.3008090625652319,0.4246201171581403,0.1554418763687332,0.1633339428468403,947453,270926,212863,0,141,141,11,Sandstone|Shale|Sandstone/Shale|Limestone|Chalk|Dolomite|Marl|Anhydrite|Halite|Coal|Tuff,463.01,r3_fullcurve_stats_20260930,hybrid,False,causal,full_curve,f4dff61307f0f2e705e9f9716f85c06458eb17f7,False,84a59b18b9d77acfd78337dcc7e6fd2885b5dc948e5061d8377c0b5b28b35914,D:\工作空间\测井\cross_well_dg\configs\paper_r3_multirep.yaml,1e71bc258ea47aa12da474420d3dfac434191e968553902d2d01c059b5ce202a,80f751dcf6b86b3652b6c19bb1a93794dc1505ee4ff531e017226f9a7d9ef995,43041111a78dd4726423d9f43fb9a3cc00d7284ebd9c49071c459697b99c0e87,91c87c5b4f834397daa00b01ae727b059675863211f044645de62d451cfb8c46,0.439456955508578,results\multirep\details\parent_grouped\seed173_lgbm_hybrid_while.json,463.12,0.34578883743642597,0.3803677211800685
parent_grouped,protocol1_parent_grouped_wells,173,lgbm_hybrid_smooth,closed_set,closed_set,0.3150898515310075,0.6534672535856396,0.2546070333323202,0.2876733109407742,0.4149722113424076,0.1485947319376792,0.1589763970276692,947453,270926,212863,0,141,141,11,Sandstone|Shale|Sandstone/Shale|Limestone|Chalk|Dolomite|Marl|Anhydrite|Halite|Coal|Tuff,434.8,r3_fullcurve_stats_20260930,hybrid,True,full,full_curve,f4dff61307f0f2e705e9f9716f85c06458eb17f7,False,84a59b18b9d77acfd78337dcc7e6fd2885b5dc948e5061d8377c0b5b28b35914,D:\工作空间\测井\cross_well_dg\configs\paper_r3_multirep.yaml,1e71bc258ea47aa12da474420d3dfac434191e968553902d2d01c059b5ce202a,a9584710f6740238911d842e0e49d5039400bf72c84a40e420357b244e624b41,43041111a78dd4726423d9f43fb9a3cc00d7284ebd9c49071c459697b99c0e87,91c87c5b4f834397daa00b01ae727b059675863211f044645de62d451cfb8c46,0.3730769991575867,results\multirep\details\parent_grouped\seed173_lgbm_hybrid_smooth.json,434.96,0.2864453195736432,0.31508985153100755
parent_grouped,protocol1_parent_grouped_wells,179,lgbm_global,closed_set,closed_set,0.3689837280487137,0.6022944227617552,0.1728212517094589,0.1744289756869913,0.3815154374717381,0.1152141678063059,0.1309557087633712,973043,221592,236748,0,0,0,12,Sandstone|Shale|Sandstone/Shale|Limestone|Chalk|Dolomite|Marl|Anhydrite|Halite|Coal|Basement|Tuff,311.76,r3_fullcurve_stats_20260930,global,False,full,full_curve,f4dff61307f0f2e705e9f9716f85c06458eb17f7,False,84a59b18b9d77acfd78337dcc7e6fd2885b5dc948e5061d8377c0b5b28b35914,D:\工作空间\测井\cross_well_dg\configs\paper_r3_multirep.yaml,3f43521279f65a3462d1109a1286e5dabd140ad99dc23f4c67c9d99bfcfaa3c7,9d2c7ad879a80eef284e32d0dadee42e995aeacfcc54dedeef5e09c73767b0b5,43041111a78dd4726423d9f43fb9a3cc00d7284ebd9c49071c459697b99c0e87,91c87c5b4f834397daa00b01ae727b059675863211f044645de62d451cfb8c46,0.3567784421705285,results\multirep\details\parent_grouped\seed179_lgbm_global.json,311.87,0.36898372804871377,0.36898372804871377
parent_grouped,protocol1_parent_grouped_wells,179,lgbm_wellnorm,closed_set,closed_set,0.3370068350187268,0.6259313700643723,0.1229899891280119,0.1559540288654863,0.3592711892121323,0.1024916576066766,0.1142185183376585,973043,221592,236748,0,0,0,12,Sandstone|Shale|Sandstone/Shale|Limestone|Chalk|Dolomite|Marl|Anhydrite|Halite|Coal|Basement|Tuff,378.04,r3_fullcurve_stats_20260930,wellnorm,True,full,full_curve,f4dff61307f0f2e705e9f9716f85c06458eb17f7,False,84a59b18b9d77acfd78337dcc7e6fd2885b5dc948e5061d8377c0b5b28b35914,D:\工作空间\测井\cross_well_dg\configs\paper_r3_multirep.yaml,3f43521279f65a3462d1109a1286e5dabd140ad99dc23f4c67c9d99bfcfaa3c7,5bebe90abf4e23ffaf8aaf20db4953bcbf6850267df7c4799e66fe2b05f01ac3,43041111a78dd4726423d9f43fb9a3cc00d7284ebd9c49071c459697b99c0e87,91c87c5b4f834397daa00b01ae727b059675863211f044645de62d451cfb8c46,0.3120263679620719,results\multirep\details\parent_grouped\seed179_lgbm_wellnorm.json,378.18,0.3370068350187269,0.3370068350187269
parent_grouped,protocol1_parent_grouped_wells,179,lgbm_hybrid_norel,closed_set,closed_set,0.368971198475213,0.6398364505719162,0.1231971527497753,0.1266852560551981,0.4034815299181732,0.0821314351665169,0.0953046173168505,973043,221592,236748,0,0,0,12,Sandstone|Shale|Sandstone/Shale|Limestone|Chalk|Dolomite|Marl|Anhydrite|Halite|Coal|Basement|Tuff,452.6,r3_fullcurve_stats_20260930,hybrid,False,full,full_curve,f4dff61307f0f2e705e9f9716f85c06458eb17f7,False,84a59b18b9d77acfd78337dcc7e6fd2885b5dc948e5061d8377c0b5b28b35914,D:\工作空间\测井\cross_well_dg\configs\paper_r3_multirep.yaml,3f43521279f65a3462d1109a1286e5dabd140ad99dc23f4c67c9d99bfcfaa3c7,541d91be3eb41014f35c930411cfd23c85379321ea069333a4b0bf8e44def757,43041111a78dd4726423d9f43fb9a3cc00d7284ebd9c49071c459697b99c0e87,91c87c5b4f834397daa00b01ae727b059675863211f044645de62d451cfb8c46,0.3235020125275498,results\multirep\details\parent_grouped\seed179_lgbm_hybrid_norel.json,452.74,0.3689711984752131,0.3689711984752131
parent_grouped,protocol1_parent_grouped_wells,179,lgbm_hybrid,closed_set,closed_set,0.3837740107086775,0.6493064355348303,0.104621755378923,0.1409722313140276,0.4115776594492913,0.0871847961491025,0.1026999671575953,973043,221592,236748,0,0,0,12,Sandstone|Shale|Sandstone/Shale|Limestone|Chalk|Dolomite|Marl|Anhydrite|Halite|Coal|Basement|Tuff,399.97,r3_fullcurve_stats_20260930,hybrid,True,full,full_curve,f4dff61307f0f2e705e9f9716f85c06458eb17f7,False,84a59b18b9d77acfd78337dcc7e6fd2885b5dc948e5061d8377c0b5b28b35914,D:\工作空间\测井\cross_well_dg\configs\paper_r3_multirep.yaml,3f43521279f65a3462d1109a1286e5dabd140ad99dc23f4c67c9d99bfcfaa3c7,a9584710f6740238911d842e0e49d5039400bf72c84a40e420357b244e624b41,43041111a78dd4726423d9f43fb9a3cc00d7284ebd9c49071c459697b99c0e87,91c87c5b4f834397daa00b01ae727b059675863211f044645de62d451cfb8c46,0.3420581304929606,results\multirep\details\parent_grouped\seed179_lgbm_hybrid.json,400.1,0.3837740107086775,0.3837740107086775
parent_grouped,protocol1_parent_grouped_wells,179,lgbm_hybrid_while,closed_set,closed_set,0.3597765610861314,0.6450994306182101,0.122669775491439,0.1311416821111108,0.408807755618894,0.0930757258205216,0.0976502693650271,973043,221592,236748,0,0,0,12,Sandstone|Shale|Sandstone/Shale|Limestone|Chalk|Dolomite|Marl|Anhydrite|Halite|Coal|Basement|Tuff,461.76,r3_fullcurve_stats_20260930,hybrid,False,causal,full_curve,f4dff61307f0f2e705e9f9716f85c06458eb17f7,False,84a59b18b9d77acfd78337dcc7e6fd2885b5dc948e5061d8377c0b5b28b35914,D:\工作空间\测井\cross_well_dg\configs\paper_r3_multirep.yaml,3f43521279f65a3462d1109a1286e5dabd140ad99dc23f4c67c9d99bfcfaa3c7,80f751dcf6b86b3652b6c19bb1a93794dc1505ee4ff531e017226f9a7d9ef995,43041111a78dd4726423d9f43fb9a3cc00d7284ebd9c49071c459697b99c0e87,91c87c5b4f834397daa00b01ae727b059675863211f044645de62d451cfb8c46,0.344120827851393,results\multirep\details\parent_grouped\seed179_lgbm_hybrid_while.json,461.9,0.3597765610861314,0.3597765610861314
parent_grouped,protocol1_parent_grouped_wells,179,lgbm_hybrid_smooth,closed_set,closed_set,0.3868540384597994,0.6539865173095444,0.1033273332871943,0.1386692372242419,0.4150070923753442,0.0861061110726619,0.1010567692567608,973043,221592,236748,0,0,0,12,Sandstone|Shale|Sandstone/Shale|Limestone|Chalk|Dolomite|Marl|Anhydrite|Halite|Coal|Basement|Tuff,422.53,r3_fullcurve_stats_20260930,hybrid,True,full,full_curve,f4dff61307f0f2e705e9f9716f85c06458eb17f7,False,84a59b18b9d77acfd78337dcc7e6fd2885b5dc948e5061d8377c0b5b28b35914,D:\工作空间\测井\cross_well_dg\configs\paper_r3_multirep.yaml,3f43521279f65a3462d1109a1286e5dabd140ad99dc23f4c67c9d99bfcfaa3c7,a9584710f6740238911d842e0e49d5039400bf72c84a40e420357b244e624b41,43041111a78dd4726423d9f43fb9a3cc00d7284ebd9c49071c459697b99c0e87,91c87c5b4f834397daa00b01ae727b059675863211f044645de62d451cfb8c46,0.3435160862617725,results\multirep\details\parent_grouped\seed179_lgbm_hybrid_smooth.json,422.67,0.3868540384597994,0.3868540384597994
parent_grouped,protocol1_parent_grouped_wells,181,lgbm_global,closed_set,closed_set,0.4021725184933,0.6310180758286195,0.1883061565695933,0.2055587440877032,0.3577317897538164,0.0855937075316333,0.1099276882251891,987379,183460,260403,0,141,141,11,Sandstone|Shale|Sandstone/Shale|Limestone|Chalk|Dolomite|Marl|Anhydrite|Halite|Coal|Tuff,331.39,r3_fullcurve_stats_20260930,global,False,full,full_curve,f4dff61307f0f2e705e9f9716f85c06458eb17f7,False,84a59b18b9d77acfd78337dcc7e6fd2885b5dc948e5061d8377c0b5b28b35914,D:\工作空间\测井\cross_well_dg\configs\paper_r3_multirep.yaml,59461a6c00eff3508d4258e7ee410d90b14715e99480baf8007b444eef7981ce,9d2c7ad879a80eef284e32d0dadee42e995aeacfcc54dedeef5e09c73767b0b5,43041111a78dd4726423d9f43fb9a3cc00d7284ebd9c49071c459697b99c0e87,91c87c5b4f834397daa00b01ae727b059675863211f044645de62d451cfb8c46,0.3348377206544715,results\multirep\details\parent_grouped\seed181_lgbm_global.json,331.55,0.40217251849330005,0.40217251849330005
parent_grouped,protocol1_parent_grouped_wells,181,lgbm_wellnorm,closed_set,closed_set,0.3670017630627069,0.6432375971090963,0.2078857893769287,0.2298718346374545,0.3544667592860814,0.0944935406258767,0.1044871975624793,987379,183460,260403,0,141,141,11,Sandstone|Shale|Sandstone/Shale|Limestone|Chalk|Dolomite|Marl|Anhydrite|Halite|Coal|Tuff,368.59,r3_fullcurve_stats_20260930,wellnorm,True,full,full_curve,f4dff61307f0f2e705e9f9716f85c06458eb17f7,False,84a59b18b9d77acfd78337dcc7e6fd2885b5dc948e5061d8377c0b5b28b35914,D:\工作空间\测井\cross_well_dg\configs\paper_r3_multirep.yaml,59461a6c00eff3508d4258e7ee410d90b14715e99480baf8007b444eef7981ce,5bebe90abf4e23ffaf8aaf20db4953bcbf6850267df7c4799e66fe2b05f01ac3,43041111a78dd4726423d9f43fb9a3cc00d7284ebd9c49071c459697b99c0e87,91c87c5b4f834397daa00b01ae727b059675863211f044645de62d451cfb8c46,0.2801903439895266,results\multirep\details\parent_grouped\seed181_lgbm_wellnorm.json,368.69,0.3670017630627068,0.3670017630627068
parent_grouped,protocol1_parent_grouped_wells,181,lgbm_hybrid_norel,closed_set,closed_set,0.4190813756040635,0.6804952323897958,0.0994799831578668,0.1903886912510183,0.3738916707679751,0.0452181741626667,0.0865403142050083,987379,183460,260403,0,141,141,11,Sandstone|Shale|Sandstone/Shale|Limestone|Chalk|Dolomite|Marl|Anhydrite|Halite|Coal|Tuff,464.59,r3_fullcurve_stats_20260930,hybrid,False,full,full_curve,f4dff61307f0f2e705e9f9716f85c06458eb17f7,False,84a59b18b9d77acfd78337dcc7e6fd2885b5dc948e5061d8377c0b5b28b35914,D:\工作空间\测井\cross_well_dg\configs\paper_r3_multirep.yaml,59461a6c00eff3508d4258e7ee410d90b14715e99480baf8007b444eef7981ce,541d91be3eb41014f35c930411cfd23c85379321ea069333a4b0bf8e44def757,43041111a78dd4726423d9f43fb9a3cc00d7284ebd9c49071c459697b99c0e87,91c87c5b4f834397daa00b01ae727b059675863211f044645de62d451cfb8c46,0.3580910592715247,results\multirep\details\parent_grouped\seed181_lgbm_hybrid_norel.json,464.72,0.41908137560406344,0.41908137560406344
parent_grouped,protocol1_parent_grouped_wells,181,lgbm_hybrid,closed_set,closed_set,0.4036237074929923,0.6731642876618165,0.1267880229975675,0.2159617615750847,0.3829361366682383,0.0576309195443488,0.099748815425277,987379,183460,260403,0,141,141,11,Sandstone|Shale|Sandstone/Shale|Limestone|Chalk|Dolomite|Marl|Anhydrite|Halite|Coal|Tuff,422.47,r3_fullcurve_stats_20260930,hybrid,True,full,full_curve,f4dff61307f0f2e705e9f9716f85c06458eb17f7,False,84a59b18b9d77acfd78337dcc7e6fd2885b5dc948e5061d8377c0b5b28b35914,D:\工作空间\测井\cross_well_dg\configs\paper_r3_multirep.yaml,59461a6c00eff3508d4258e7ee410d90b14715e99480baf8007b444eef7981ce,a9584710f6740238911d842e0e49d5039400bf72c84a40e420357b244e624b41,43041111a78dd4726423d9f43fb9a3cc00d7284ebd9c49071c459697b99c0e87,91c87c5b4f834397daa00b01ae727b059675863211f044645de62d451cfb8c46,0.3718179399173118,results\multirep\details\parent_grouped\seed181_lgbm_hybrid.json,422.6,0.40362370749299237,0.40362370749299237
parent_grouped,protocol1_parent_grouped_wells,181,lgbm_hybrid_while,closed_set,closed_set,0.4268409127314965,0.6541783312788255,0.1542482565088801,0.2070054111434081,0.37359421167078,0.0701128438676727,0.1002730607132935,987379,183460,260403,0,141,141,11,Sandstone|Shale|Sandstone/Shale|Limestone|Chalk|Dolomite|Marl|Anhydrite|Halite|Coal|Tuff,466.94,r3_fullcurve_stats_20260930,hybrid,False,causal,full_curve,f4dff61307f0f2e705e9f9716f85c06458eb17f7,False,84a59b18b9d77acfd78337dcc7e6fd2885b5dc948e5061d8377c0b5b28b35914,D:\工作空间\测井\cross_well_dg\configs\paper_r3_multirep.yaml,59461a6c00eff3508d4258e7ee410d90b14715e99480baf8007b444eef7981ce,80f751dcf6b86b3652b6c19bb1a93794dc1505ee4ff531e017226f9a7d9ef995,43041111a78dd4726423d9f43fb9a3cc00d7284ebd9c49071c459697b99c0e87,91c87c5b4f834397daa00b01ae727b059675863211f044645de62d451cfb8c46,0.4060032209240006,results\multirep\details\parent_grouped\seed181_lgbm_hybrid_while.json,467.14,0.42684091273149644,0.42684091273149644
parent_grouped,protocol1_parent_grouped_wells,181,lgbm_hybrid_smooth,closed_set,closed_set,0.4063224265447926,0.6782141526787325,0.1255393844039675,0.2136258322289139,0.3790471281031261,0.057063356547258,0.0971699498945923,987379,183460,260403,0,141,141,11,Sandstone|Shale|Sandstone/Shale|Limestone|Chalk|Dolomite|Marl|Anhydrite|Halite|Coal|Tuff,439.02,r3_fullcurve_stats_20260930,hybrid,True,full,full_curve,f4dff61307f0f2e705e9f9716f85c06458eb17f7,False,84a59b18b9d77acfd78337dcc7e6fd2885b5dc948e5061d8377c0b5b28b35914,D:\工作空间\测井\cross_well_dg\configs\paper_r3_multirep.yaml,59461a6c00eff3508d4258e7ee410d90b14715e99480baf8007b444eef7981ce,a9584710f6740238911d842e0e49d5039400bf72c84a40e420357b244e624b41,43041111a78dd4726423d9f43fb9a3cc00d7284ebd9c49071c459697b99c0e87,91c87c5b4f834397daa00b01ae727b059675863211f044645de62d451cfb8c46,0.374708680264702,results\multirep\details\parent_grouped\seed181_lgbm_hybrid_smooth.json,439.18,0.4063224265447927,0.4063224265447927
parent_grouped,protocol1_parent_grouped_wells,191,lgbm_global,closed_set,closed_set,0.3671674803753367,0.6132426319222656,0.131460392374879,0.158558878982951,0.4118337714633877,0.0766852288853461,0.0847569558404288,983957,211340,236086,0,0,0,12,Sandstone|Shale|Sandstone/Shale|Limestone|Chalk|Dolomite|Marl|Anhydrite|Halite|Coal|Basement|Tuff,291.05,r3_fullcurve_stats_20260930,global,False,full,full_curve,f4dff61307f0f2e705e9f9716f85c06458eb17f7,False,84a59b18b9d77acfd78337dcc7e6fd2885b5dc948e5061d8377c0b5b28b35914,D:\工作空间\测井\cross_well_dg\configs\paper_r3_multirep.yaml,c1e54da5e8ee69efe03d87010bc21c1df8a8a6c7803cefb2af88b01e57647309,9d2c7ad879a80eef284e32d0dadee42e995aeacfcc54dedeef5e09c73767b0b5,43041111a78dd4726423d9f43fb9a3cc00d7284ebd9c49071c459697b99c0e87,91c87c5b4f834397daa00b01ae727b059675863211f044645de62d451cfb8c46,0.3248862297449946,results\multirep\details\parent_grouped\seed191_lgbm_global.json,291.2,0.26703089481842673,0.36716748037533675
parent_grouped,protocol1_parent_grouped_wells,191,lgbm_wellnorm,closed_set,closed_set,0.3562074580456653,0.6225612700456613,0.2180455859770007,0.2304314435603325,0.3632631402905135,0.1011738754765267,0.1049175971555609,983957,211340,236086,0,0,0,12,Sandstone|Shale|Sandstone/Shale|Limestone|Chalk|Dolomite|Marl|Anhydrite|Halite|Coal|Basement|Tuff,350.71,r3_fullcurve_stats_20260930,wellnorm,True,full,full_curve,f4dff61307f0f2e705e9f9716f85c06458eb17f7,False,84a59b18b9d77acfd78337dcc7e6fd2885b5dc948e5061d8377c0b5b28b35914,D:\工作空间\测井\cross_well_dg\configs\paper_r3_multirep.yaml,c1e54da5e8ee69efe03d87010bc21c1df8a8a6c7803cefb2af88b01e57647309,5bebe90abf4e23ffaf8aaf20db4953bcbf6850267df7c4799e66fe2b05f01ac3,43041111a78dd4726423d9f43fb9a3cc00d7284ebd9c49071c459697b99c0e87,91c87c5b4f834397daa00b01ae727b059675863211f044645de62d451cfb8c46,0.3429300001506129,results\multirep\details\parent_grouped\seed191_lgbm_wellnorm.json,350.81,0.25905996948775656,0.35620745804566534
parent_grouped,protocol1_parent_grouped_wells,191,lgbm_hybrid_norel,closed_set,closed_set,0.3792638899397536,0.6325618630499056,0.1499494877812156,0.1779711638808832,0.4018879758607845,0.0749747438906078,0.1061516519388208,983957,211340,236086,0,0,0,12,Sandstone|Shale|Sandstone/Shale|Limestone|Chalk|Dolomite|Marl|Anhydrite|Halite|Coal|Basement|Tuff,330.52,r3_fullcurve_stats_20260930,hybrid,False,full,full_curve,f4dff61307f0f2e705e9f9716f85c06458eb17f7,False,84a59b18b9d77acfd78337dcc7e6fd2885b5dc948e5061d8377c0b5b28b35914,D:\工作空间\测井\cross_well_dg\configs\paper_r3_multirep.yaml,c1e54da5e8ee69efe03d87010bc21c1df8a8a6c7803cefb2af88b01e57647309,541d91be3eb41014f35c930411cfd23c85379321ea069333a4b0bf8e44def757,43041111a78dd4726423d9f43fb9a3cc00d7284ebd9c49071c459697b99c0e87,91c87c5b4f834397daa00b01ae727b059675863211f044645de62d451cfb8c46,0.3433927126280125,results\multirep\details\parent_grouped\seed191_lgbm_hybrid_norel.json,330.69,0.2758282835925481,0.37926388993975363
parent_grouped,protocol1_parent_grouped_wells,191,lgbm_hybrid,closed_set,closed_set,0.3899075786372967,0.6609582948586532,0.2057313566950006,0.235246315371437,0.4157791421979158,0.1028656783475003,0.1241799324499603,983957,211340,236086,0,0,0,12,Sandstone|Shale|Sandstone/Shale|Limestone|Chalk|Dolomite|Marl|Anhydrite|Halite|Coal|Basement|Tuff,372.4,r3_fullcurve_stats_20260930,hybrid,True,full,full_curve,f4dff61307f0f2e705e9f9716f85c06458eb17f7,False,84a59b18b9d77acfd78337dcc7e6fd2885b5dc948e5061d8377c0b5b28b35914,D:\工作空间\测井\cross_well_dg\configs\paper_r3_multirep.yaml,c1e54da5e8ee69efe03d87010bc21c1df8a8a6c7803cefb2af88b01e57647309,a9584710f6740238911d842e0e49d5039400bf72c84a40e420357b244e624b41,43041111a78dd4726423d9f43fb9a3cc00d7284ebd9c49071c459697b99c0e87,91c87c5b4f834397daa00b01ae727b059675863211f044645de62d451cfb8c46,0.3520740968737989,results\multirep\details\parent_grouped\seed191_lgbm_hybrid.json,372.55,0.2835691480998522,0.38990757863729675
parent_grouped,protocol1_parent_grouped_wells,191,lgbm_hybrid_while,closed_set,closed_set,0.3712094695378349,0.6210914666689258,0.1477439152379402,0.1602627843491265,0.4133526036905236,0.0738719576189701,0.0873306277354096,983957,211340,236086,0,0,0,12,Sandstone|Shale|Sandstone/Shale|Limestone|Chalk|Dolomite|Marl|Anhydrite|Halite|Coal|Basement|Tuff,350.94,r3_fullcurve_stats_20260930,hybrid,False,causal,full_curve,f4dff61307f0f2e705e9f9716f85c06458eb17f7,False,84a59b18b9d77acfd78337dcc7e6fd2885b5dc948e5061d8377c0b5b28b35914,D:\工作空间\测井\cross_well_dg\configs\paper_r3_multirep.yaml,c1e54da5e8ee69efe03d87010bc21c1df8a8a6c7803cefb2af88b01e57647309,80f751dcf6b86b3652b6c19bb1a93794dc1505ee4ff531e017226f9a7d9ef995,43041111a78dd4726423d9f43fb9a3cc00d7284ebd9c49071c459697b99c0e87,91c87c5b4f834397daa00b01ae727b059675863211f044645de62d451cfb8c46,0.3550982384690154,results\multirep\details\parent_grouped\seed191_lgbm_hybrid_while.json,351.11,0.2699705233002436,0.37120946953783496
parent_grouped,protocol1_parent_grouped_wells,191,lgbm_hybrid_smooth,closed_set,closed_set,0.393688416448143,0.6647323432986285,0.2173404827765711,0.2405132724288058,0.416984598062373,0.1086702413882855,0.126369329280539,983957,211340,236086,0,0,0,12,Sandstone|Shale|Sandstone/Shale|Limestone|Chalk|Dolomite|Marl|Anhydrite|Halite|Coal|Basement|Tuff,396.01,r3_fullcurve_stats_20260930,hybrid,True,full,full_curve,f4dff61307f0f2e705e9f9716f85c06458eb17f7,False,84a59b18b9d77acfd78337dcc7e6fd2885b5dc948e5061d8377c0b5b28b35914,D:\工作空间\测井\cross_well_dg\configs\paper_r3_multirep.yaml,c1e54da5e8ee69efe03d87010bc21c1df8a8a6c7803cefb2af88b01e57647309,a9584710f6740238911d842e0e49d5039400bf72c84a40e420357b244e624b41,43041111a78dd4726423d9f43fb9a3cc00d7284ebd9c49071c459697b99c0e87,91c87c5b4f834397daa00b01ae727b059675863211f044645de62d451cfb8c46,0.3550593599529021,results\multirep\details\parent_grouped\seed191_lgbm_hybrid_smooth.json,396.14,0.2863188483259222,0.393688416448143
parent_grouped,protocol1_parent_grouped_wells,193,lgbm_global,closed_set,closed_set,0.3523217451843824,0.6239368299813945,0.2442880084861806,0.2507551468339329,0.3652674482202406,0.1191018568987164,0.1238564997447795,980143,180352,270888,0,0,0,12,Sandstone|Shale|Sandstone/Shale|Limestone|Chalk|Dolomite|Marl|Anhydrite|Halite|Coal|Basement|Tuff,195.38,r3_fullcurve_stats_20260930,global,False,full,full_curve,f4dff61307f0f2e705e9f9716f85c06458eb17f7,False,84a59b18b9d77acfd78337dcc7e6fd2885b5dc948e5061d8377c0b5b28b35914,D:\工作空间\测井\cross_well_dg\configs\paper_r3_multirep.yaml,af3eb5502b70b0bbb51e757239e8148621db139bb54fe71e0a8a73cae9d2e552,9d2c7ad879a80eef284e32d0dadee42e995aeacfcc54dedeef5e09c73767b0b5,43041111a78dd4726423d9f43fb9a3cc00d7284ebd9c49071c459697b99c0e87,91c87c5b4f834397daa00b01ae727b059675863211f044645de62d451cfb8c46,0.4627190992865981,results\multirep\details\parent_grouped\seed193_lgbm_global.json,195.5,0.35232174518438236,0.35232174518438236
parent_grouped,protocol1_parent_grouped_wells,193,lgbm_wellnorm,closed_set,closed_set,0.2594253589575283,0.6142723191872655,0.1197097489984339,0.1709951971942815,0.3243635604004924,0.0882797370608745,0.0940189306131181,980143,180352,270888,0,0,0,12,Sandstone|Shale|Sandstone/Shale|Limestone|Chalk|Dolomite|Marl|Anhydrite|Halite|Coal|Basement|Tuff,256.33,r3_fullcurve_stats_20260930,wellnorm,True,full,full_curve,f4dff61307f0f2e705e9f9716f85c06458eb17f7,False,84a59b18b9d77acfd78337dcc7e6fd2885b5dc948e5061d8377c0b5b28b35914,D:\工作空间\测井\cross_well_dg\configs\paper_r3_multirep.yaml,af3eb5502b70b0bbb51e757239e8148621db139bb54fe71e0a8a73cae9d2e552,5bebe90abf4e23ffaf8aaf20db4953bcbf6850267df7c4799e66fe2b05f01ac3,43041111a78dd4726423d9f43fb9a3cc00d7284ebd9c49071c459697b99c0e87,91c87c5b4f834397daa00b01ae727b059675863211f044645de62d451cfb8c46,0.3800835524551456,results\multirep\details\parent_grouped\seed193_lgbm_wellnorm.json,256.45,0.25942535895752833,0.25942535895752833
parent_grouped,protocol1_parent_grouped_wells,193,lgbm_hybrid_norel,closed_set,closed_set,0.3732842485474301,0.6624287528425031,0.2554671207564596,0.2659907265449021,0.3842665906527486,0.1373780209313896,0.1447001500839413,980143,180352,270888,0,0,0,12,Sandstone|Shale|Sandstone/Shale|Limestone|Chalk|Dolomite|Marl|Anhydrite|Halite|Coal|Basement|Tuff,340.74,r3_fullcurve_stats_20260930,hybrid,False,full,full_curve,f4dff61307f0f2e705e9f9716f85c06458eb17f7,False,84a59b18b9d77acfd78337dcc7e6fd2885b5dc948e5061d8377c0b5b28b35914,D:\工作空间\测井\cross_well_dg\configs\paper_r3_multirep.yaml,af3eb5502b70b0bbb51e757239e8148621db139bb54fe71e0a8a73cae9d2e552,541d91be3eb41014f35c930411cfd23c85379321ea069333a4b0bf8e44def757,43041111a78dd4726423d9f43fb9a3cc00d7284ebd9c49071c459697b99c0e87,91c87c5b4f834397daa00b01ae727b059675863211f044645de62d451cfb8c46,0.4198740782442591,results\multirep\details\parent_grouped\seed193_lgbm_hybrid_norel.json,340.87,0.3732842485474301,0.3732842485474301
parent_grouped,protocol1_parent_grouped_wells,193,lgbm_hybrid,closed_set,closed_set,0.3627471478100569,0.6784796668733941,0.1494746152559654,0.2165326757313484,0.3868035840602479,0.1245621793799711,0.1335200802250558,980143,180352,270888,0,0,0,12,Sandstone|Shale|Sandstone/Shale|Limestone|Chalk|Dolomite|Marl|Anhydrite|Halite|Coal|Basement|Tuff,309.64,r3_fullcurve_stats_20260930,hybrid,True,full,full_curve,f4dff61307f0f2e705e9f9716f85c06458eb17f7,False,84a59b18b9d77acfd78337dcc7e6fd2885b5dc948e5061d8377c0b5b28b35914,D:\工作空间\测井\cross_well_dg\configs\paper_r3_multirep.yaml,af3eb5502b70b0bbb51e757239e8148621db139bb54fe71e0a8a73cae9d2e552,a9584710f6740238911d842e0e49d5039400bf72c84a40e420357b244e624b41,43041111a78dd4726423d9f43fb9a3cc00d7284ebd9c49071c459697b99c0e87,91c87c5b4f834397daa00b01ae727b059675863211f044645de62d451cfb8c46,0.4393680632499629,results\multirep\details\parent_grouped\seed193_lgbm_hybrid.json,309.89,0.36274714781005696,0.36274714781005696
parent_grouped,protocol1_parent_grouped_wells,193,lgbm_hybrid_while,closed_set,closed_set,0.3595254601972483,0.6726765305218393,0.2174340591738924,0.2525333496205607,0.3930510481324777,0.1458606690494034,0.1575531838876118,980143,180352,270888,0,0,0,12,Sandstone|Shale|Sandstone/Shale|Limestone|Chalk|Dolomite|Marl|Anhydrite|Halite|Coal|Basement|Tuff,341.0,r3_fullcurve_stats_20260930,hybrid,False,causal,full_curve,f4dff61307f0f2e705e9f9716f85c06458eb17f7,False,84a59b18b9d77acfd78337dcc7e6fd2885b5dc948e5061d8377c0b5b28b35914,D:\工作空间\测井\cross_well_dg\configs\paper_r3_multirep.yaml,af3eb5502b70b0bbb51e757239e8148621db139bb54fe71e0a8a73cae9d2e552,80f751dcf6b86b3652b6c19bb1a93794dc1505ee4ff531e017226f9a7d9ef995,43041111a78dd4726423d9f43fb9a3cc00d7284ebd9c49071c459697b99c0e87,91c87c5b4f834397daa00b01ae727b059675863211f044645de62d451cfb8c46,0.4666307972422538,results\multirep\details\parent_grouped\seed193_lgbm_hybrid_while.json,341.14,0.35952546019724846,0.35952546019724846
parent_grouped,protocol1_parent_grouped_wells,193,lgbm_hybrid_smooth,closed_set,closed_set,0.3609428854686852,0.6813812350491716,0.1483873174960999,0.2139340384422912,0.3862919428463853,0.1236560979134166,0.1318663000078707,980143,180352,270888,0,0,0,12,Sandstone|Shale|Sandstone/Shale|Limestone|Chalk|Dolomite|Marl|Anhydrite|Halite|Coal|Basement|Tuff,333.43,r3_fullcurve_stats_20260930,hybrid,True,full,full_curve,f4dff61307f0f2e705e9f9716f85c06458eb17f7,False,84a59b18b9d77acfd78337dcc7e6fd2885b5dc948e5061d8377c0b5b28b35914,D:\工作空间\测井\cross_well_dg\configs\paper_r3_multirep.yaml,af3eb5502b70b0bbb51e757239e8148621db139bb54fe71e0a8a73cae9d2e552,a9584710f6740238911d842e0e49d5039400bf72c84a40e420357b244e624b41,43041111a78dd4726423d9f43fb9a3cc00d7284ebd9c49071c459697b99c0e87,91c87c5b4f834397daa00b01ae727b059675863211f044645de62d451cfb8c46,0.4416562533205356,results\multirep\details\parent_grouped\seed193_lgbm_hybrid_smooth.json,333.57,0.36094288546868525,0.36094288546868525
