split_mode,protocol,seed,method,label_regime,a_priori_regime,macro_f1,accuracy,worst_well_f1,worst10pct_well_f1,well_macro_f1_mean,worst_well_f1_fixed,worst10pct_well_f1_fixed,n_train,n_val,n_test,n_test_unseen_label_kept,n_val_dropped_unseen_label,n_val_dropped_unseen,n_fixed_labels,train_class_names,seconds,pipeline_version,feature_mode,use_relative_depth,well_z_mode,stats_support,git_commit,git_dirty,config_hash,config_path,split_hash,feature_param_hash,hash_labeled_parquet,hash_curves_all_parquet,val_open_macro_f1,details_path,wall_seconds
parent_grouped,protocol1_parent_grouped_wells,42,lgbm_global,closed_set,closed_set,0.39523541363017434,0.5790266232983978,0.14168425948223776,0.2161774523823749,0.4044249454780067,0.07728232335394787,0.11573310533133105,989267,226149,215826,0,141,141,11,Sandstone|Shale|Sandstone/Shale|Limestone|Chalk|Dolomite|Marl|Anhydrite|Halite|Coal|Tuff,148.84,r3_fullcurve_stats_20260930,global,False,full,full_curve,f4dff61307f0f2e705e9f9716f85c06458eb17f7,False,84a59b18b9d77acfd78337dcc7e6fd2885b5dc948e5061d8377c0b5b28b35914,D:\工作空间\测井\cross_well_dg\configs\paper_r3_multirep.yaml,934317bc72aa02d8b82bc49fe31cee7218b9b3104e283e894a92ea725ced6735,9d2c7ad879a80eef284e32d0dadee42e995aeacfcc54dedeef5e09c73767b0b5,43041111a78dd4726423d9f43fb9a3cc00d7284ebd9c49071c459697b99c0e87,91c87c5b4f834397daa00b01ae727b059675863211f044645de62d451cfb8c46,0.2878404184693492,results\multirep\details\parent_grouped\seed42_lgbm_global.json,148.88
parent_grouped,protocol1_parent_grouped_wells,42,lgbm_wellnorm,closed_set,closed_set,0.2990589259309006,0.6347798689685209,0.16993625282282454,0.18360726928298154,0.4156796481660312,0.10760633767807555,0.12332254499382964,989267,226149,215826,0,141,141,11,Sandstone|Shale|Sandstone/Shale|Limestone|Chalk|Dolomite|Marl|Anhydrite|Halite|Coal|Tuff,146.04,r3_fullcurve_stats_20260930,wellnorm,True,full,full_curve,f4dff61307f0f2e705e9f9716f85c06458eb17f7,False,84a59b18b9d77acfd78337dcc7e6fd2885b5dc948e5061d8377c0b5b28b35914,D:\工作空间\测井\cross_well_dg\configs\paper_r3_multirep.yaml,934317bc72aa02d8b82bc49fe31cee7218b9b3104e283e894a92ea725ced6735,5bebe90abf4e23ffaf8aaf20db4953bcbf6850267df7c4799e66fe2b05f01ac3,43041111a78dd4726423d9f43fb9a3cc00d7284ebd9c49071c459697b99c0e87,91c87c5b4f834397daa00b01ae727b059675863211f044645de62d451cfb8c46,0.24850361623369996,results\multirep\details\parent_grouped\seed42_lgbm_wellnorm.json,146.09
parent_grouped,protocol1_parent_grouped_wells,42,lgbm_hybrid_norel,closed_set,closed_set,0.40340761531068986,0.651483139195463,0.2065699156924655,0.24792571741586672,0.44069645563638876,0.11267449946861753,0.15524346934072855,989267,226149,215826,0,141,141,11,Sandstone|Shale|Sandstone/Shale|Limestone|Chalk|Dolomite|Marl|Anhydrite|Halite|Coal|Tuff,220.77,r3_fullcurve_stats_20260930,hybrid,False,full,full_curve,f4dff61307f0f2e705e9f9716f85c06458eb17f7,False,84a59b18b9d77acfd78337dcc7e6fd2885b5dc948e5061d8377c0b5b28b35914,D:\工作空间\测井\cross_well_dg\configs\paper_r3_multirep.yaml,934317bc72aa02d8b82bc49fe31cee7218b9b3104e283e894a92ea725ced6735,541d91be3eb41014f35c930411cfd23c85379321ea069333a4b0bf8e44def757,43041111a78dd4726423d9f43fb9a3cc00d7284ebd9c49071c459697b99c0e87,91c87c5b4f834397daa00b01ae727b059675863211f044645de62d451cfb8c46,0.2952975237709989,results\multirep\details\parent_grouped\seed42_lgbm_hybrid_norel.json,220.85
parent_grouped,protocol1_parent_grouped_wells,42,lgbm_hybrid,closed_set,closed_set,0.4079478343040389,0.6470165781694514,0.19257254375298857,0.2570788709514293,0.4571498967408928,0.10503956931981194,0.14193676445759265,989267,226149,215826,0,141,141,11,Sandstone|Shale|Sandstone/Shale|Limestone|Chalk|Dolomite|Marl|Anhydrite|Halite|Coal|Tuff,175.34,r3_fullcurve_stats_20260930,hybrid,True,full,full_curve,f4dff61307f0f2e705e9f9716f85c06458eb17f7,False,84a59b18b9d77acfd78337dcc7e6fd2885b5dc948e5061d8377c0b5b28b35914,D:\工作空间\测井\cross_well_dg\configs\paper_r3_multirep.yaml,934317bc72aa02d8b82bc49fe31cee7218b9b3104e283e894a92ea725ced6735,a9584710f6740238911d842e0e49d5039400bf72c84a40e420357b244e624b41,43041111a78dd4726423d9f43fb9a3cc00d7284ebd9c49071c459697b99c0e87,91c87c5b4f834397daa00b01ae727b059675863211f044645de62d451cfb8c46,0.32277700819250355,results\multirep\details\parent_grouped\seed42_lgbm_hybrid.json,175.43
parent_grouped,protocol1_parent_grouped_wells,42,lgbm_hybrid_while,closed_set,closed_set,0.43741239601568366,0.6391769295636299,0.23710799256364382,0.2814007434814601,0.4404834569959953,0.12933163230744207,0.16046298769547881,989267,226149,215826,0,141,141,11,Sandstone|Shale|Sandstone/Shale|Limestone|Chalk|Dolomite|Marl|Anhydrite|Halite|Coal|Tuff,232.73,r3_fullcurve_stats_20260930,hybrid,False,causal,full_curve,f4dff61307f0f2e705e9f9716f85c06458eb17f7,False,84a59b18b9d77acfd78337dcc7e6fd2885b5dc948e5061d8377c0b5b28b35914,D:\工作空间\测井\cross_well_dg\configs\paper_r3_multirep.yaml,934317bc72aa02d8b82bc49fe31cee7218b9b3104e283e894a92ea725ced6735,80f751dcf6b86b3652b6c19bb1a93794dc1505ee4ff531e017226f9a7d9ef995,43041111a78dd4726423d9f43fb9a3cc00d7284ebd9c49071c459697b99c0e87,91c87c5b4f834397daa00b01ae727b059675863211f044645de62d451cfb8c46,0.31493771664424575,results\multirep\details\parent_grouped\seed42_lgbm_hybrid_while.json,232.83
parent_grouped,protocol1_parent_grouped_wells,42,lgbm_hybrid_smooth,closed_set,closed_set,0.41329652089554786,0.6517240740225922,0.18937740433432004,0.2561316764955036,0.45663513782550835,0.1032967660005382,0.13989088803027783,989267,226149,215826,0,141,141,11,Sandstone|Shale|Sandstone/Shale|Limestone|Chalk|Dolomite|Marl|Anhydrite|Halite|Coal|Tuff,184.35,r3_fullcurve_stats_20260930,hybrid,True,full,full_curve,f4dff61307f0f2e705e9f9716f85c06458eb17f7,False,84a59b18b9d77acfd78337dcc7e6fd2885b5dc948e5061d8377c0b5b28b35914,D:\工作空间\测井\cross_well_dg\configs\paper_r3_multirep.yaml,934317bc72aa02d8b82bc49fe31cee7218b9b3104e283e894a92ea725ced6735,a9584710f6740238911d842e0e49d5039400bf72c84a40e420357b244e624b41,43041111a78dd4726423d9f43fb9a3cc00d7284ebd9c49071c459697b99c0e87,91c87c5b4f834397daa00b01ae727b059675863211f044645de62d451cfb8c46,0.32618449007728884,results\multirep\details\parent_grouped\seed42_lgbm_hybrid_smooth.json,184.43
parent_grouped,protocol1_parent_grouped_wells,43,lgbm_global,closed_set,closed_set,0.42578175888817366,0.5747982152704667,0.2618186855615853,0.27444026237161145,0.41851528866709903,0.12421257272892665,0.13387174615987274,989990,241923,199470,0,0,0,12,Sandstone|Shale|Sandstone/Shale|Limestone|Chalk|Dolomite|Marl|Anhydrite|Halite|Coal|Basement|Tuff,142.47,r3_fullcurve_stats_20260930,global,False,full,full_curve,f4dff61307f0f2e705e9f9716f85c06458eb17f7,False,84a59b18b9d77acfd78337dcc7e6fd2885b5dc948e5061d8377c0b5b28b35914,D:\工作空间\测井\cross_well_dg\configs\paper_r3_multirep.yaml,ae905725419e935998a061cec2e23771d864d674620710a0d59ac038b665c839,9d2c7ad879a80eef284e32d0dadee42e995aeacfcc54dedeef5e09c73767b0b5,43041111a78dd4726423d9f43fb9a3cc00d7284ebd9c49071c459697b99c0e87,91c87c5b4f834397daa00b01ae727b059675863211f044645de62d451cfb8c46,0.32382171446956465,results\multirep\details\parent_grouped\seed43_lgbm_global.json,142.54
parent_grouped,protocol1_parent_grouped_wells,43,lgbm_wellnorm,closed_set,closed_set,0.3145750025711954,0.6014388128540633,0.15783819678329788,0.20514505591923954,0.35712832359277663,0.07891909839164894,0.10138315396265478,989990,241923,199470,0,0,0,12,Sandstone|Shale|Sandstone/Shale|Limestone|Chalk|Dolomite|Marl|Anhydrite|Halite|Coal|Basement|Tuff,221.51,r3_fullcurve_stats_20260930,wellnorm,True,full,full_curve,f4dff61307f0f2e705e9f9716f85c06458eb17f7,False,84a59b18b9d77acfd78337dcc7e6fd2885b5dc948e5061d8377c0b5b28b35914,D:\工作空间\测井\cross_well_dg\configs\paper_r3_multirep.yaml,ae905725419e935998a061cec2e23771d864d674620710a0d59ac038b665c839,5bebe90abf4e23ffaf8aaf20db4953bcbf6850267df7c4799e66fe2b05f01ac3,43041111a78dd4726423d9f43fb9a3cc00d7284ebd9c49071c459697b99c0e87,91c87c5b4f834397daa00b01ae727b059675863211f044645de62d451cfb8c46,0.38617743652174336,results\multirep\details\parent_grouped\seed43_lgbm_wellnorm.json,221.58
parent_grouped,protocol1_parent_grouped_wells,43,lgbm_hybrid_norel,closed_set,closed_set,0.46417329643805366,0.6210207048679,0.2507419451483673,0.2555320779241421,0.42448763028055136,0.12537097257418364,0.13435675950789253,989990,241923,199470,0,0,0,12,Sandstone|Shale|Sandstone/Shale|Limestone|Chalk|Dolomite|Marl|Anhydrite|Halite|Coal|Basement|Tuff,192.45,r3_fullcurve_stats_20260930,hybrid,False,full,full_curve,f4dff61307f0f2e705e9f9716f85c06458eb17f7,False,84a59b18b9d77acfd78337dcc7e6fd2885b5dc948e5061d8377c0b5b28b35914,D:\工作空间\测井\cross_well_dg\configs\paper_r3_multirep.yaml,ae905725419e935998a061cec2e23771d864d674620710a0d59ac038b665c839,541d91be3eb41014f35c930411cfd23c85379321ea069333a4b0bf8e44def757,43041111a78dd4726423d9f43fb9a3cc00d7284ebd9c49071c459697b99c0e87,91c87c5b4f834397daa00b01ae727b059675863211f044645de62d451cfb8c46,0.32862934583430403,results\multirep\details\parent_grouped\seed43_lgbm_hybrid_norel.json,192.53
parent_grouped,protocol1_parent_grouped_wells,43,lgbm_hybrid,closed_set,closed_set,0.4596227545782321,0.6538426831102422,0.24700924335275307,0.28863779330434247,0.42025806226643886,0.12350462167637653,0.1339825413841473,989990,241923,199470,0,0,0,12,Sandstone|Shale|Sandstone/Shale|Limestone|Chalk|Dolomite|Marl|Anhydrite|Halite|Coal|Basement|Tuff,211.88,r3_fullcurve_stats_20260930,hybrid,True,full,full_curve,f4dff61307f0f2e705e9f9716f85c06458eb17f7,False,84a59b18b9d77acfd78337dcc7e6fd2885b5dc948e5061d8377c0b5b28b35914,D:\工作空间\测井\cross_well_dg\configs\paper_r3_multirep.yaml,ae905725419e935998a061cec2e23771d864d674620710a0d59ac038b665c839,a9584710f6740238911d842e0e49d5039400bf72c84a40e420357b244e624b41,43041111a78dd4726423d9f43fb9a3cc00d7284ebd9c49071c459697b99c0e87,91c87c5b4f834397daa00b01ae727b059675863211f044645de62d451cfb8c46,0.4032488900413104,results\multirep\details\parent_grouped\seed43_lgbm_hybrid.json,211.96
parent_grouped,protocol1_parent_grouped_wells,43,lgbm_hybrid_while,closed_set,closed_set,0.4518081189258399,0.6185742216874718,0.29606018190646516,0.3032675567517069,0.43778935458401136,0.14094345551586113,0.14448677323454684,989990,241923,199470,0,0,0,12,Sandstone|Shale|Sandstone/Shale|Limestone|Chalk|Dolomite|Marl|Anhydrite|Halite|Coal|Basement|Tuff,208.18,r3_fullcurve_stats_20260930,hybrid,False,causal,full_curve,f4dff61307f0f2e705e9f9716f85c06458eb17f7,False,84a59b18b9d77acfd78337dcc7e6fd2885b5dc948e5061d8377c0b5b28b35914,D:\工作空间\测井\cross_well_dg\configs\paper_r3_multirep.yaml,ae905725419e935998a061cec2e23771d864d674620710a0d59ac038b665c839,80f751dcf6b86b3652b6c19bb1a93794dc1505ee4ff531e017226f9a7d9ef995,43041111a78dd4726423d9f43fb9a3cc00d7284ebd9c49071c459697b99c0e87,91c87c5b4f834397daa00b01ae727b059675863211f044645de62d451cfb8c46,0.34498791612018614,results\multirep\details\parent_grouped\seed43_lgbm_hybrid_while.json,208.26
parent_grouped,protocol1_parent_grouped_wells,43,lgbm_hybrid_smooth,closed_set,closed_set,0.46572150359860753,0.6599789442021357,0.2361546032720654,0.2739408852988812,0.41762709885783095,0.1180773016360327,0.1318319579509818,989990,241923,199470,0,0,0,12,Sandstone|Shale|Sandstone/Shale|Limestone|Chalk|Dolomite|Marl|Anhydrite|Halite|Coal|Basement|Tuff,219.69,r3_fullcurve_stats_20260930,hybrid,True,full,full_curve,f4dff61307f0f2e705e9f9716f85c06458eb17f7,False,84a59b18b9d77acfd78337dcc7e6fd2885b5dc948e5061d8377c0b5b28b35914,D:\工作空间\测井\cross_well_dg\configs\paper_r3_multirep.yaml,ae905725419e935998a061cec2e23771d864d674620710a0d59ac038b665c839,a9584710f6740238911d842e0e49d5039400bf72c84a40e420357b244e624b41,43041111a78dd4726423d9f43fb9a3cc00d7284ebd9c49071c459697b99c0e87,91c87c5b4f834397daa00b01ae727b059675863211f044645de62d451cfb8c46,0.40668403917741874,results\multirep\details\parent_grouped\seed43_lgbm_hybrid_smooth.json,219.75
parent_grouped,protocol1_parent_grouped_wells,44,lgbm_global,open_set,open_set,0.31385884716511514,0.596422348290722,0.09385975964364933,0.10695528033917281,0.3798027200131858,0.054568545924861954,0.0656814473621057,988140,214951,224393,10813,3899,3899,11,Sandstone|Shale|Sandstone/Shale|Limestone|Chalk|Dolomite|Marl|Anhydrite|Coal|Basement|Tuff,128.69,r3_fullcurve_stats_20260930,global,False,full,full_curve,f4dff61307f0f2e705e9f9716f85c06458eb17f7,False,84a59b18b9d77acfd78337dcc7e6fd2885b5dc948e5061d8377c0b5b28b35914,D:\工作空间\测井\cross_well_dg\configs\paper_r3_multirep.yaml,6b2970a78a0138b6f482dd69fcd131bf9ccc950acc24669d6a1619b8c0605696,9d2c7ad879a80eef284e32d0dadee42e995aeacfcc54dedeef5e09c73767b0b5,43041111a78dd4726423d9f43fb9a3cc00d7284ebd9c49071c459697b99c0e87,91c87c5b4f834397daa00b01ae727b059675863211f044645de62d451cfb8c46,0.32927050094530236,results\multirep\details\parent_grouped\seed44_lgbm_global.json,128.74
parent_grouped,protocol1_parent_grouped_wells,44,lgbm_wellnorm,open_set,open_set,0.24082634097884234,0.6327202720227458,0.10046979022464962,0.10481350014384622,0.36287784890192853,0.08220255563834969,0.0907181914841943,988140,214951,224393,10813,3899,3899,11,Sandstone|Shale|Sandstone/Shale|Limestone|Chalk|Dolomite|Marl|Anhydrite|Coal|Basement|Tuff,140.45,r3_fullcurve_stats_20260930,wellnorm,True,full,full_curve,f4dff61307f0f2e705e9f9716f85c06458eb17f7,False,84a59b18b9d77acfd78337dcc7e6fd2885b5dc948e5061d8377c0b5b28b35914,D:\工作空间\测井\cross_well_dg\configs\paper_r3_multirep.yaml,6b2970a78a0138b6f482dd69fcd131bf9ccc950acc24669d6a1619b8c0605696,5bebe90abf4e23ffaf8aaf20db4953bcbf6850267df7c4799e66fe2b05f01ac3,43041111a78dd4726423d9f43fb9a3cc00d7284ebd9c49071c459697b99c0e87,91c87c5b4f834397daa00b01ae727b059675863211f044645de62d451cfb8c46,0.2776015890952299,results\multirep\details\parent_grouped\seed44_lgbm_wellnorm.json,140.51
parent_grouped,protocol1_parent_grouped_wells,44,lgbm_hybrid_norel,open_set,open_set,0.2745204358769172,0.6435361174368185,0.09470507425974452,0.12226553510151705,0.38830394444925515,0.0430477610271566,0.0828163333994695,988140,214951,224393,10813,3899,3899,11,Sandstone|Shale|Sandstone/Shale|Limestone|Chalk|Dolomite|Marl|Anhydrite|Coal|Basement|Tuff,183.77,r3_fullcurve_stats_20260930,hybrid,False,full,full_curve,f4dff61307f0f2e705e9f9716f85c06458eb17f7,False,84a59b18b9d77acfd78337dcc7e6fd2885b5dc948e5061d8377c0b5b28b35914,D:\工作空间\测井\cross_well_dg\configs\paper_r3_multirep.yaml,6b2970a78a0138b6f482dd69fcd131bf9ccc950acc24669d6a1619b8c0605696,541d91be3eb41014f35c930411cfd23c85379321ea069333a4b0bf8e44def757,43041111a78dd4726423d9f43fb9a3cc00d7284ebd9c49071c459697b99c0e87,91c87c5b4f834397daa00b01ae727b059675863211f044645de62d451cfb8c46,0.33076318350131645,results\multirep\details\parent_grouped\seed44_lgbm_hybrid_norel.json,183.87
parent_grouped,protocol1_parent_grouped_wells,44,lgbm_hybrid,open_set,open_set,0.28569157696161684,0.6592050554161671,0.11016736986197385,0.12139162536040976,0.39568432617442284,0.060279945844929836,0.07520844241145422,988140,214951,224393,10813,3899,3899,11,Sandstone|Shale|Sandstone/Shale|Limestone|Chalk|Dolomite|Marl|Anhydrite|Coal|Basement|Tuff,173.36,r3_fullcurve_stats_20260930,hybrid,True,full,full_curve,f4dff61307f0f2e705e9f9716f85c06458eb17f7,False,84a59b18b9d77acfd78337dcc7e6fd2885b5dc948e5061d8377c0b5b28b35914,D:\工作空间\测井\cross_well_dg\configs\paper_r3_multirep.yaml,6b2970a78a0138b6f482dd69fcd131bf9ccc950acc24669d6a1619b8c0605696,a9584710f6740238911d842e0e49d5039400bf72c84a40e420357b244e624b41,43041111a78dd4726423d9f43fb9a3cc00d7284ebd9c49071c459697b99c0e87,91c87c5b4f834397daa00b01ae727b059675863211f044645de62d451cfb8c46,0.3202318902412645,results\multirep\details\parent_grouped\seed44_lgbm_hybrid.json,173.45
parent_grouped,protocol1_parent_grouped_wells,44,lgbm_hybrid_while,open_set,open_set,0.2677843215231564,0.6318646303583445,0.17475709363134428,0.18400450182960484,0.38931075067542664,0.09598098892483636,0.12031856466167455,988140,214951,224393,10813,3899,3899,11,Sandstone|Shale|Sandstone/Shale|Limestone|Chalk|Dolomite|Marl|Anhydrite|Coal|Basement|Tuff,182.86,r3_fullcurve_stats_20260930,hybrid,False,causal,full_curve,f4dff61307f0f2e705e9f9716f85c06458eb17f7,False,84a59b18b9d77acfd78337dcc7e6fd2885b5dc948e5061d8377c0b5b28b35914,D:\工作空间\测井\cross_well_dg\configs\paper_r3_multirep.yaml,6b2970a78a0138b6f482dd69fcd131bf9ccc950acc24669d6a1619b8c0605696,80f751dcf6b86b3652b6c19bb1a93794dc1505ee4ff531e017226f9a7d9ef995,43041111a78dd4726423d9f43fb9a3cc00d7284ebd9c49071c459697b99c0e87,91c87c5b4f834397daa00b01ae727b059675863211f044645de62d451cfb8c46,0.360401821893134,results\multirep\details\parent_grouped\seed44_lgbm_hybrid_while.json,182.95
parent_grouped,protocol1_parent_grouped_wells,44,lgbm_hybrid_smooth,open_set,open_set,0.2888623660079132,0.6641651031894934,0.10910275113178913,0.11949072328506392,0.39934019937565973,0.05903577065379033,0.07415082897171799,988140,214951,224393,10813,3899,3899,11,Sandstone|Shale|Sandstone/Shale|Limestone|Chalk|Dolomite|Marl|Anhydrite|Coal|Basement|Tuff,183.95,r3_fullcurve_stats_20260930,hybrid,True,full,full_curve,f4dff61307f0f2e705e9f9716f85c06458eb17f7,False,84a59b18b9d77acfd78337dcc7e6fd2885b5dc948e5061d8377c0b5b28b35914,D:\工作空间\测井\cross_well_dg\configs\paper_r3_multirep.yaml,6b2970a78a0138b6f482dd69fcd131bf9ccc950acc24669d6a1619b8c0605696,a9584710f6740238911d842e0e49d5039400bf72c84a40e420357b244e624b41,43041111a78dd4726423d9f43fb9a3cc00d7284ebd9c49071c459697b99c0e87,91c87c5b4f834397daa00b01ae727b059675863211f044645de62d451cfb8c46,0.31244556110978033,results\multirep\details\parent_grouped\seed44_lgbm_hybrid_smooth.json,184.02
parent_grouped,protocol1_parent_grouped_wells,45,lgbm_global,closed_set,closed_set,0.2905759624452367,0.6116064372230255,0.24719664899287652,0.2601762847670879,0.3740733347964404,0.13483453581429627,0.14517370276368546,1021580,238843,170819,0,141,141,11,Sandstone|Shale|Sandstone/Shale|Limestone|Chalk|Dolomite|Marl|Anhydrite|Halite|Coal|Tuff,135.71,r3_fullcurve_stats_20260930,global,False,full,full_curve,f4dff61307f0f2e705e9f9716f85c06458eb17f7,False,84a59b18b9d77acfd78337dcc7e6fd2885b5dc948e5061d8377c0b5b28b35914,D:\工作空间\测井\cross_well_dg\configs\paper_r3_multirep.yaml,8399fbcd30eac49341744c2cd16a8305db1ced6f293b03104d55d8f0c9519b74,9d2c7ad879a80eef284e32d0dadee42e995aeacfcc54dedeef5e09c73767b0b5,43041111a78dd4726423d9f43fb9a3cc00d7284ebd9c49071c459697b99c0e87,91c87c5b4f834397daa00b01ae727b059675863211f044645de62d451cfb8c46,0.34064882111306,results\multirep\details\parent_grouped\seed45_lgbm_global.json,135.79
parent_grouped,protocol1_parent_grouped_wells,45,lgbm_wellnorm,closed_set,closed_set,0.2962955515034006,0.6410352478354281,0.15367466567971655,0.16014695951302807,0.35849351054781275,0.06985212076350752,0.08036767493075547,1021580,238843,170819,0,141,141,11,Sandstone|Shale|Sandstone/Shale|Limestone|Chalk|Dolomite|Marl|Anhydrite|Halite|Coal|Tuff,147.33,r3_fullcurve_stats_20260930,wellnorm,True,full,full_curve,f4dff61307f0f2e705e9f9716f85c06458eb17f7,False,84a59b18b9d77acfd78337dcc7e6fd2885b5dc948e5061d8377c0b5b28b35914,D:\工作空间\测井\cross_well_dg\configs\paper_r3_multirep.yaml,8399fbcd30eac49341744c2cd16a8305db1ced6f293b03104d55d8f0c9519b74,5bebe90abf4e23ffaf8aaf20db4953bcbf6850267df7c4799e66fe2b05f01ac3,43041111a78dd4726423d9f43fb9a3cc00d7284ebd9c49071c459697b99c0e87,91c87c5b4f834397daa00b01ae727b059675863211f044645de62d451cfb8c46,0.29673044998034703,results\multirep\details\parent_grouped\seed45_lgbm_wellnorm.json,147.41
parent_grouped,protocol1_parent_grouped_wells,45,lgbm_hybrid_norel,closed_set,closed_set,0.31693455448627694,0.6761016046224366,0.17171745568396865,0.17552703769574096,0.372705364565932,0.07805338894725848,0.0879366816665874,1021580,238843,170819,0,141,141,11,Sandstone|Shale|Sandstone/Shale|Limestone|Chalk|Dolomite|Marl|Anhydrite|Halite|Coal|Tuff,177.7,r3_fullcurve_stats_20260930,hybrid,False,full,full_curve,f4dff61307f0f2e705e9f9716f85c06458eb17f7,False,84a59b18b9d77acfd78337dcc7e6fd2885b5dc948e5061d8377c0b5b28b35914,D:\工作空间\测井\cross_well_dg\configs\paper_r3_multirep.yaml,8399fbcd30eac49341744c2cd16a8305db1ced6f293b03104d55d8f0c9519b74,541d91be3eb41014f35c930411cfd23c85379321ea069333a4b0bf8e44def757,43041111a78dd4726423d9f43fb9a3cc00d7284ebd9c49071c459697b99c0e87,91c87c5b4f834397daa00b01ae727b059675863211f044645de62d451cfb8c46,0.3296985393429867,results\multirep\details\parent_grouped\seed45_lgbm_hybrid_norel.json,177.78
parent_grouped,protocol1_parent_grouped_wells,45,lgbm_hybrid,closed_set,closed_set,0.34317971694843263,0.68727717642651,0.18682953139249805,0.2031798569697129,0.39929735462411986,0.0849225142693173,0.10233312510200258,1021580,238843,170819,0,141,141,11,Sandstone|Shale|Sandstone/Shale|Limestone|Chalk|Dolomite|Marl|Anhydrite|Halite|Coal|Tuff,187.51,r3_fullcurve_stats_20260930,hybrid,True,full,full_curve,f4dff61307f0f2e705e9f9716f85c06458eb17f7,False,84a59b18b9d77acfd78337dcc7e6fd2885b5dc948e5061d8377c0b5b28b35914,D:\工作空间\测井\cross_well_dg\configs\paper_r3_multirep.yaml,8399fbcd30eac49341744c2cd16a8305db1ced6f293b03104d55d8f0c9519b74,a9584710f6740238911d842e0e49d5039400bf72c84a40e420357b244e624b41,43041111a78dd4726423d9f43fb9a3cc00d7284ebd9c49071c459697b99c0e87,91c87c5b4f834397daa00b01ae727b059675863211f044645de62d451cfb8c46,0.30326181958363235,results\multirep\details\parent_grouped\seed45_lgbm_hybrid.json,187.61
parent_grouped,protocol1_parent_grouped_wells,45,lgbm_hybrid_while,closed_set,closed_set,0.320571756631928,0.6685790222399147,0.17288958261033663,0.20838218319119212,0.3834687105262431,0.07858617391378937,0.10580439162199859,1021580,238843,170819,0,141,141,11,Sandstone|Shale|Sandstone/Shale|Limestone|Chalk|Dolomite|Marl|Anhydrite|Halite|Coal|Tuff,203.49,r3_fullcurve_stats_20260930,hybrid,False,causal,full_curve,f4dff61307f0f2e705e9f9716f85c06458eb17f7,False,84a59b18b9d77acfd78337dcc7e6fd2885b5dc948e5061d8377c0b5b28b35914,D:\工作空间\测井\cross_well_dg\configs\paper_r3_multirep.yaml,8399fbcd30eac49341744c2cd16a8305db1ced6f293b03104d55d8f0c9519b74,80f751dcf6b86b3652b6c19bb1a93794dc1505ee4ff531e017226f9a7d9ef995,43041111a78dd4726423d9f43fb9a3cc00d7284ebd9c49071c459697b99c0e87,91c87c5b4f834397daa00b01ae727b059675863211f044645de62d451cfb8c46,0.3355768215568799,results\multirep\details\parent_grouped\seed45_lgbm_hybrid_while.json,203.56
parent_grouped,protocol1_parent_grouped_wells,45,lgbm_hybrid_smooth,closed_set,closed_set,0.3447753665468286,0.6946709675153232,0.1807352281599362,0.20158417344426025,0.40125385081786635,0.08215237643633465,0.10173976605323576,1021580,238843,170819,0,141,141,11,Sandstone|Shale|Sandstone/Shale|Limestone|Chalk|Dolomite|Marl|Anhydrite|Halite|Coal|Tuff,170.25,r3_fullcurve_stats_20260930,hybrid,True,full,full_curve,f4dff61307f0f2e705e9f9716f85c06458eb17f7,False,84a59b18b9d77acfd78337dcc7e6fd2885b5dc948e5061d8377c0b5b28b35914,D:\工作空间\测井\cross_well_dg\configs\paper_r3_multirep.yaml,8399fbcd30eac49341744c2cd16a8305db1ced6f293b03104d55d8f0c9519b74,a9584710f6740238911d842e0e49d5039400bf72c84a40e420357b244e624b41,43041111a78dd4726423d9f43fb9a3cc00d7284ebd9c49071c459697b99c0e87,91c87c5b4f834397daa00b01ae727b059675863211f044645de62d451cfb8c46,0.30488174341361074,results\multirep\details\parent_grouped\seed45_lgbm_hybrid_smooth.json,170.32
parent_grouped,protocol1_parent_grouped_wells,101,lgbm_global,closed_set,closed_set,0.33394788282563687,0.5392355204481913,0.21451694405638239,0.22558859405393217,0.32942370602304055,0.07888674801716065,0.08413440402032665,1019440,225594,186349,0,0,0,12,Sandstone|Shale|Sandstone/Shale|Limestone|Chalk|Dolomite|Marl|Anhydrite|Halite|Coal|Basement|Tuff,204.41,r3_fullcurve_stats_20260930,global,False,full,full_curve,f4dff61307f0f2e705e9f9716f85c06458eb17f7,False,84a59b18b9d77acfd78337dcc7e6fd2885b5dc948e5061d8377c0b5b28b35914,D:\工作空间\测井\cross_well_dg\configs\paper_r3_multirep.yaml,95de5a025d564e8b2e50f2e7c599614d65b7597471f17751b5dcea572a260b20,9d2c7ad879a80eef284e32d0dadee42e995aeacfcc54dedeef5e09c73767b0b5,43041111a78dd4726423d9f43fb9a3cc00d7284ebd9c49071c459697b99c0e87,91c87c5b4f834397daa00b01ae727b059675863211f044645de62d451cfb8c46,0.3177972656641631,results\multirep\details\parent_grouped\seed101_lgbm_global.json,204.52
parent_grouped,protocol1_parent_grouped_wells,101,lgbm_wellnorm,closed_set,closed_set,0.2708051878088635,0.5944061948279841,0.15644604241411694,0.1758725121061211,0.33027595725549586,0.05214868080470566,0.07411069821085339,1019440,225594,186349,0,0,0,12,Sandstone|Shale|Sandstone/Shale|Limestone|Chalk|Dolomite|Marl|Anhydrite|Halite|Coal|Basement|Tuff,209.39,r3_fullcurve_stats_20260930,wellnorm,True,full,full_curve,f4dff61307f0f2e705e9f9716f85c06458eb17f7,False,84a59b18b9d77acfd78337dcc7e6fd2885b5dc948e5061d8377c0b5b28b35914,D:\工作空间\测井\cross_well_dg\configs\paper_r3_multirep.yaml,95de5a025d564e8b2e50f2e7c599614d65b7597471f17751b5dcea572a260b20,5bebe90abf4e23ffaf8aaf20db4953bcbf6850267df7c4799e66fe2b05f01ac3,43041111a78dd4726423d9f43fb9a3cc00d7284ebd9c49071c459697b99c0e87,91c87c5b4f834397daa00b01ae727b059675863211f044645de62d451cfb8c46,0.2859826049769908,results\multirep\details\parent_grouped\seed101_lgbm_wellnorm.json,209.47
parent_grouped,protocol1_parent_grouped_wells,101,lgbm_hybrid_norel,closed_set,closed_set,0.38433494234971544,0.6369231925043869,0.21145288993264663,0.2394008679033539,0.36686634141917884,0.10572644496632332,0.10659883141386463,1019440,225594,186349,0,0,0,12,Sandstone|Shale|Sandstone/Shale|Limestone|Chalk|Dolomite|Marl|Anhydrite|Halite|Coal|Basement|Tuff,265.96,r3_fullcurve_stats_20260930,hybrid,False,full,full_curve,f4dff61307f0f2e705e9f9716f85c06458eb17f7,False,84a59b18b9d77acfd78337dcc7e6fd2885b5dc948e5061d8377c0b5b28b35914,D:\工作空间\测井\cross_well_dg\configs\paper_r3_multirep.yaml,95de5a025d564e8b2e50f2e7c599614d65b7597471f17751b5dcea572a260b20,541d91be3eb41014f35c930411cfd23c85379321ea069333a4b0bf8e44def757,43041111a78dd4726423d9f43fb9a3cc00d7284ebd9c49071c459697b99c0e87,91c87c5b4f834397daa00b01ae727b059675863211f044645de62d451cfb8c46,0.34374160870015535,results\multirep\details\parent_grouped\seed101_lgbm_hybrid_norel.json,266.04
parent_grouped,protocol1_parent_grouped_wells,101,lgbm_hybrid,closed_set,closed_set,0.40224307615584426,0.6616134242738089,0.23129999088384956,0.26649186686020254,0.3984721341025343,0.11564999544192478,0.12067577747857812,1019440,225594,186349,0,0,0,12,Sandstone|Shale|Sandstone/Shale|Limestone|Chalk|Dolomite|Marl|Anhydrite|Halite|Coal|Basement|Tuff,255.24,r3_fullcurve_stats_20260930,hybrid,True,full,full_curve,f4dff61307f0f2e705e9f9716f85c06458eb17f7,False,84a59b18b9d77acfd78337dcc7e6fd2885b5dc948e5061d8377c0b5b28b35914,D:\工作空间\测井\cross_well_dg\configs\paper_r3_multirep.yaml,95de5a025d564e8b2e50f2e7c599614d65b7597471f17751b5dcea572a260b20,a9584710f6740238911d842e0e49d5039400bf72c84a40e420357b244e624b41,43041111a78dd4726423d9f43fb9a3cc00d7284ebd9c49071c459697b99c0e87,91c87c5b4f834397daa00b01ae727b059675863211f044645de62d451cfb8c46,0.32267374109352376,results\multirep\details\parent_grouped\seed101_lgbm_hybrid.json,255.31
parent_grouped,protocol1_parent_grouped_wells,101,lgbm_hybrid_while,closed_set,closed_set,0.39500054501571946,0.6499095782644393,0.26485488414836206,0.3001662309605682,0.39296935308631636,0.11035620172848419,0.12300748322532054,1019440,225594,186349,0,0,0,12,Sandstone|Shale|Sandstone/Shale|Limestone|Chalk|Dolomite|Marl|Anhydrite|Halite|Coal|Basement|Tuff,241.43,r3_fullcurve_stats_20260930,hybrid,False,causal,full_curve,f4dff61307f0f2e705e9f9716f85c06458eb17f7,False,84a59b18b9d77acfd78337dcc7e6fd2885b5dc948e5061d8377c0b5b28b35914,D:\工作空间\测井\cross_well_dg\configs\paper_r3_multirep.yaml,95de5a025d564e8b2e50f2e7c599614d65b7597471f17751b5dcea572a260b20,80f751dcf6b86b3652b6c19bb1a93794dc1505ee4ff531e017226f9a7d9ef995,43041111a78dd4726423d9f43fb9a3cc00d7284ebd9c49071c459697b99c0e87,91c87c5b4f834397daa00b01ae727b059675863211f044645de62d451cfb8c46,0.3164913750510211,results\multirep\details\parent_grouped\seed101_lgbm_hybrid_while.json,241.51
parent_grouped,protocol1_parent_grouped_wells,101,lgbm_hybrid_smooth,closed_set,closed_set,0.40325346865189776,0.6644843814562997,0.2379459260879233,0.2723311049573257,0.3970361119593228,0.11897296304396164,0.12298156695871493,1019440,225594,186349,0,0,0,12,Sandstone|Shale|Sandstone/Shale|Limestone|Chalk|Dolomite|Marl|Anhydrite|Halite|Coal|Basement|Tuff,232.39,r3_fullcurve_stats_20260930,hybrid,True,full,full_curve,f4dff61307f0f2e705e9f9716f85c06458eb17f7,False,84a59b18b9d77acfd78337dcc7e6fd2885b5dc948e5061d8377c0b5b28b35914,D:\工作空间\测井\cross_well_dg\configs\paper_r3_multirep.yaml,95de5a025d564e8b2e50f2e7c599614d65b7597471f17751b5dcea572a260b20,a9584710f6740238911d842e0e49d5039400bf72c84a40e420357b244e624b41,43041111a78dd4726423d9f43fb9a3cc00d7284ebd9c49071c459697b99c0e87,91c87c5b4f834397daa00b01ae727b059675863211f044645de62d451cfb8c46,0.3256261194673712,results\multirep\details\parent_grouped\seed101_lgbm_hybrid_smooth.json,232.48
parent_grouped,protocol1_parent_grouped_wells,107,lgbm_global,closed_set,closed_set,0.40251808274458956,0.6163515558862009,0.16716632189586422,0.21052428307272728,0.3913479872193121,0.0835831609479321,0.09673422986829747,1035908,200570,194905,0,0,0,12,Sandstone|Shale|Sandstone/Shale|Limestone|Chalk|Dolomite|Marl|Anhydrite|Halite|Coal|Basement|Tuff,174.44,r3_fullcurve_stats_20260930,global,False,full,full_curve,f4dff61307f0f2e705e9f9716f85c06458eb17f7,False,84a59b18b9d77acfd78337dcc7e6fd2885b5dc948e5061d8377c0b5b28b35914,D:\工作空间\测井\cross_well_dg\configs\paper_r3_multirep.yaml,0a8469c4f4cce5db9a83b435392a02d10f384da92c05480a33db4212b679aa4f,9d2c7ad879a80eef284e32d0dadee42e995aeacfcc54dedeef5e09c73767b0b5,43041111a78dd4726423d9f43fb9a3cc00d7284ebd9c49071c459697b99c0e87,91c87c5b4f834397daa00b01ae727b059675863211f044645de62d451cfb8c46,0.37305572495574435,results\multirep\details\parent_grouped\seed107_lgbm_global.json,174.49
parent_grouped,protocol1_parent_grouped_wells,107,lgbm_wellnorm,closed_set,closed_set,0.31925543676392465,0.6449141889638542,0.1657932783589915,0.16998861657806652,0.3732868056434424,0.06908053264957979,0.07808625502407529,1035908,200570,194905,0,0,0,12,Sandstone|Shale|Sandstone/Shale|Limestone|Chalk|Dolomite|Marl|Anhydrite|Halite|Coal|Basement|Tuff,182.71,r3_fullcurve_stats_20260930,wellnorm,True,full,full_curve,f4dff61307f0f2e705e9f9716f85c06458eb17f7,False,84a59b18b9d77acfd78337dcc7e6fd2885b5dc948e5061d8377c0b5b28b35914,D:\工作空间\测井\cross_well_dg\configs\paper_r3_multirep.yaml,0a8469c4f4cce5db9a83b435392a02d10f384da92c05480a33db4212b679aa4f,5bebe90abf4e23ffaf8aaf20db4953bcbf6850267df7c4799e66fe2b05f01ac3,43041111a78dd4726423d9f43fb9a3cc00d7284ebd9c49071c459697b99c0e87,91c87c5b4f834397daa00b01ae727b059675863211f044645de62d451cfb8c46,0.3191721827820826,results\multirep\details\parent_grouped\seed107_lgbm_wellnorm.json,182.77
parent_grouped,protocol1_parent_grouped_wells,107,lgbm_hybrid_norel,closed_set,closed_set,0.35673639537276636,0.6723121520740873,0.12532069725287368,0.16434652194897686,0.4047266810701643,0.08354713150191578,0.08414280463534957,1035908,200570,194905,0,0,0,12,Sandstone|Shale|Sandstone/Shale|Limestone|Chalk|Dolomite|Marl|Anhydrite|Halite|Coal|Basement|Tuff,232.06,r3_fullcurve_stats_20260930,hybrid,False,full,full_curve,f4dff61307f0f2e705e9f9716f85c06458eb17f7,False,84a59b18b9d77acfd78337dcc7e6fd2885b5dc948e5061d8377c0b5b28b35914,D:\工作空间\测井\cross_well_dg\configs\paper_r3_multirep.yaml,0a8469c4f4cce5db9a83b435392a02d10f384da92c05480a33db4212b679aa4f,541d91be3eb41014f35c930411cfd23c85379321ea069333a4b0bf8e44def757,43041111a78dd4726423d9f43fb9a3cc00d7284ebd9c49071c459697b99c0e87,91c87c5b4f834397daa00b01ae727b059675863211f044645de62d451cfb8c46,0.38533233557493823,results\multirep\details\parent_grouped\seed107_lgbm_hybrid_norel.json,232.14
parent_grouped,protocol1_parent_grouped_wells,107,lgbm_hybrid,closed_set,closed_set,0.3735875613493323,0.7032503014289012,0.116640866873065,0.13319091597227936,0.4159712772472946,0.04860036119711042,0.07421383562238645,1035908,200570,194905,0,0,0,12,Sandstone|Shale|Sandstone/Shale|Limestone|Chalk|Dolomite|Marl|Anhydrite|Halite|Coal|Basement|Tuff,229.8,r3_fullcurve_stats_20260930,hybrid,True,full,full_curve,f4dff61307f0f2e705e9f9716f85c06458eb17f7,False,84a59b18b9d77acfd78337dcc7e6fd2885b5dc948e5061d8377c0b5b28b35914,D:\工作空间\测井\cross_well_dg\configs\paper_r3_multirep.yaml,0a8469c4f4cce5db9a83b435392a02d10f384da92c05480a33db4212b679aa4f,a9584710f6740238911d842e0e49d5039400bf72c84a40e420357b244e624b41,43041111a78dd4726423d9f43fb9a3cc00d7284ebd9c49071c459697b99c0e87,91c87c5b4f834397daa00b01ae727b059675863211f044645de62d451cfb8c46,0.3620139786577402,results\multirep\details\parent_grouped\seed107_lgbm_hybrid.json,229.86
parent_grouped,protocol1_parent_grouped_wells,107,lgbm_hybrid_while,closed_set,closed_set,0.47611086496086613,0.6722044072753393,0.15825465307619221,0.18445356328625415,0.42634144177457806,0.07912732653809611,0.08344959524744724,1035908,200570,194905,0,0,0,12,Sandstone|Shale|Sandstone/Shale|Limestone|Chalk|Dolomite|Marl|Anhydrite|Halite|Coal|Basement|Tuff,240.9,r3_fullcurve_stats_20260930,hybrid,False,causal,full_curve,f4dff61307f0f2e705e9f9716f85c06458eb17f7,False,84a59b18b9d77acfd78337dcc7e6fd2885b5dc948e5061d8377c0b5b28b35914,D:\工作空间\测井\cross_well_dg\configs\paper_r3_multirep.yaml,0a8469c4f4cce5db9a83b435392a02d10f384da92c05480a33db4212b679aa4f,80f751dcf6b86b3652b6c19bb1a93794dc1505ee4ff531e017226f9a7d9ef995,43041111a78dd4726423d9f43fb9a3cc00d7284ebd9c49071c459697b99c0e87,91c87c5b4f834397daa00b01ae727b059675863211f044645de62d451cfb8c46,0.4839179855879959,results\multirep\details\parent_grouped\seed107_lgbm_hybrid_while.json,240.98
parent_grouped,protocol1_parent_grouped_wells,107,lgbm_hybrid_smooth,closed_set,closed_set,0.3739511148648281,0.7069649316333598,0.11537229332689365,0.13144411291380861,0.41237984050323834,0.04807178888620569,0.07320787194334404,1035908,200570,194905,0,0,0,12,Sandstone|Shale|Sandstone/Shale|Limestone|Chalk|Dolomite|Marl|Anhydrite|Halite|Coal|Basement|Tuff,246.31,r3_fullcurve_stats_20260930,hybrid,True,full,full_curve,f4dff61307f0f2e705e9f9716f85c06458eb17f7,False,84a59b18b9d77acfd78337dcc7e6fd2885b5dc948e5061d8377c0b5b28b35914,D:\工作空间\测井\cross_well_dg\configs\paper_r3_multirep.yaml,0a8469c4f4cce5db9a83b435392a02d10f384da92c05480a33db4212b679aa4f,a9584710f6740238911d842e0e49d5039400bf72c84a40e420357b244e624b41,43041111a78dd4726423d9f43fb9a3cc00d7284ebd9c49071c459697b99c0e87,91c87c5b4f834397daa00b01ae727b059675863211f044645de62d451cfb8c46,0.36191978343489983,results\multirep\details\parent_grouped\seed107_lgbm_hybrid_smooth.json,246.39
parent_grouped,protocol1_parent_grouped_wells,113,lgbm_global,closed_set,closed_set,0.28374710464607894,0.6219459503945189,0.09206462643107527,0.17461616908663669,0.41980346048358613,0.06904846982330645,0.08671491164270811,1030440,206529,194414,0,0,0,12,Sandstone|Shale|Sandstone/Shale|Limestone|Chalk|Dolomite|Marl|Anhydrite|Halite|Coal|Basement|Tuff,122.23,r3_fullcurve_stats_20260930,global,False,full,full_curve,f4dff61307f0f2e705e9f9716f85c06458eb17f7,False,84a59b18b9d77acfd78337dcc7e6fd2885b5dc948e5061d8377c0b5b28b35914,D:\工作空间\测井\cross_well_dg\configs\paper_r3_multirep.yaml,3bb34e11a40acc713731ac0dec6728c20a8c3b1cc792618451a869e728277b48,9d2c7ad879a80eef284e32d0dadee42e995aeacfcc54dedeef5e09c73767b0b5,43041111a78dd4726423d9f43fb9a3cc00d7284ebd9c49071c459697b99c0e87,91c87c5b4f834397daa00b01ae727b059675863211f044645de62d451cfb8c46,0.3332304199528969,results\multirep\details\parent_grouped\seed113_lgbm_global.json,122.29
parent_grouped,protocol1_parent_grouped_wells,113,lgbm_wellnorm,closed_set,closed_set,0.2755556626092754,0.6571440328371414,0.12052059058167937,0.14359886868857227,0.4035523232059635,0.05555904893182173,0.07297474593404063,1030440,206529,194414,0,0,0,12,Sandstone|Shale|Sandstone/Shale|Limestone|Chalk|Dolomite|Marl|Anhydrite|Halite|Coal|Basement|Tuff,122.99,r3_fullcurve_stats_20260930,wellnorm,True,full,full_curve,f4dff61307f0f2e705e9f9716f85c06458eb17f7,False,84a59b18b9d77acfd78337dcc7e6fd2885b5dc948e5061d8377c0b5b28b35914,D:\工作空间\测井\cross_well_dg\configs\paper_r3_multirep.yaml,3bb34e11a40acc713731ac0dec6728c20a8c3b1cc792618451a869e728277b48,5bebe90abf4e23ffaf8aaf20db4953bcbf6850267df7c4799e66fe2b05f01ac3,43041111a78dd4726423d9f43fb9a3cc00d7284ebd9c49071c459697b99c0e87,91c87c5b4f834397daa00b01ae727b059675863211f044645de62d451cfb8c46,0.29384579608621414,results\multirep\details\parent_grouped\seed113_lgbm_wellnorm.json,123.07
parent_grouped,protocol1_parent_grouped_wells,113,lgbm_hybrid_norel,closed_set,closed_set,0.31381774180311256,0.6722869752178341,0.16688576960999107,0.2254826733523668,0.44484364370978113,0.09836989255343244,0.11176710988046287,1030440,206529,194414,0,0,0,12,Sandstone|Shale|Sandstone/Shale|Limestone|Chalk|Dolomite|Marl|Anhydrite|Halite|Coal|Basement|Tuff,161.85,r3_fullcurve_stats_20260930,hybrid,False,full,full_curve,f4dff61307f0f2e705e9f9716f85c06458eb17f7,False,84a59b18b9d77acfd78337dcc7e6fd2885b5dc948e5061d8377c0b5b28b35914,D:\工作空间\测井\cross_well_dg\configs\paper_r3_multirep.yaml,3bb34e11a40acc713731ac0dec6728c20a8c3b1cc792618451a869e728277b48,541d91be3eb41014f35c930411cfd23c85379321ea069333a4b0bf8e44def757,43041111a78dd4726423d9f43fb9a3cc00d7284ebd9c49071c459697b99c0e87,91c87c5b4f834397daa00b01ae727b059675863211f044645de62d451cfb8c46,0.3735428745321243,results\multirep\details\parent_grouped\seed113_lgbm_hybrid_norel.json,161.91
parent_grouped,protocol1_parent_grouped_wells,113,lgbm_hybrid,closed_set,closed_set,0.32844741494217805,0.6888238501342496,0.15655095147445047,0.2128061515446307,0.46289016940008404,0.11741321360583785,0.12192642879225196,1030440,206529,194414,0,0,0,12,Sandstone|Shale|Sandstone/Shale|Limestone|Chalk|Dolomite|Marl|Anhydrite|Halite|Coal|Basement|Tuff,167.67,r3_fullcurve_stats_20260930,hybrid,True,full,full_curve,f4dff61307f0f2e705e9f9716f85c06458eb17f7,False,84a59b18b9d77acfd78337dcc7e6fd2885b5dc948e5061d8377c0b5b28b35914,D:\工作空间\测井\cross_well_dg\configs\paper_r3_multirep.yaml,3bb34e11a40acc713731ac0dec6728c20a8c3b1cc792618451a869e728277b48,a9584710f6740238911d842e0e49d5039400bf72c84a40e420357b244e624b41,43041111a78dd4726423d9f43fb9a3cc00d7284ebd9c49071c459697b99c0e87,91c87c5b4f834397daa00b01ae727b059675863211f044645de62d451cfb8c46,0.3878279775554125,results\multirep\details\parent_grouped\seed113_lgbm_hybrid.json,167.73
parent_grouped,protocol1_parent_grouped_wells,113,lgbm_hybrid_while,closed_set,closed_set,0.3162939173126496,0.6665312168876727,0.1900744264503591,0.22900519329443367,0.44909969873537675,0.12265605370772072,0.12831201688848742,1030440,206529,194414,0,0,0,12,Sandstone|Shale|Sandstone/Shale|Limestone|Chalk|Dolomite|Marl|Anhydrite|Halite|Coal|Basement|Tuff,192.85,r3_fullcurve_stats_20260930,hybrid,False,causal,full_curve,f4dff61307f0f2e705e9f9716f85c06458eb17f7,False,84a59b18b9d77acfd78337dcc7e6fd2885b5dc948e5061d8377c0b5b28b35914,D:\工作空间\测井\cross_well_dg\configs\paper_r3_multirep.yaml,3bb34e11a40acc713731ac0dec6728c20a8c3b1cc792618451a869e728277b48,80f751dcf6b86b3652b6c19bb1a93794dc1505ee4ff531e017226f9a7d9ef995,43041111a78dd4726423d9f43fb9a3cc00d7284ebd9c49071c459697b99c0e87,91c87c5b4f834397daa00b01ae727b059675863211f044645de62d451cfb8c46,0.36435333280754634,results\multirep\details\parent_grouped\seed113_lgbm_hybrid_while.json,192.92
parent_grouped,protocol1_parent_grouped_wells,113,lgbm_hybrid_smooth,closed_set,closed_set,0.3290339819634211,0.693252543541103,0.15311410277575277,0.21316322143607824,0.4620877815485605,0.11483557708181458,0.12181457530446259,1030440,206529,194414,0,0,0,12,Sandstone|Shale|Sandstone/Shale|Limestone|Chalk|Dolomite|Marl|Anhydrite|Halite|Coal|Basement|Tuff,176.95,r3_fullcurve_stats_20260930,hybrid,True,full,full_curve,f4dff61307f0f2e705e9f9716f85c06458eb17f7,False,84a59b18b9d77acfd78337dcc7e6fd2885b5dc948e5061d8377c0b5b28b35914,D:\工作空间\测井\cross_well_dg\configs\paper_r3_multirep.yaml,3bb34e11a40acc713731ac0dec6728c20a8c3b1cc792618451a869e728277b48,a9584710f6740238911d842e0e49d5039400bf72c84a40e420357b244e624b41,43041111a78dd4726423d9f43fb9a3cc00d7284ebd9c49071c459697b99c0e87,91c87c5b4f834397daa00b01ae727b059675863211f044645de62d451cfb8c46,0.3939648861790959,results\multirep\details\parent_grouped\seed113_lgbm_hybrid_smooth.json,177.01
parent_grouped,protocol1_parent_grouped_wells,127,lgbm_global,open_set,open_set,0.35015819742856824,0.6346279447726962,0.19296040993800706,0.20754621415182073,0.4185222705268147,0.14033484359127787,0.15278277927620917,1007347,226525,197511,141,0,0,11,Sandstone|Shale|Sandstone/Shale|Limestone|Chalk|Dolomite|Marl|Anhydrite|Halite|Coal|Tuff,106.85,r3_fullcurve_stats_20260930,global,False,full,full_curve,f4dff61307f0f2e705e9f9716f85c06458eb17f7,False,84a59b18b9d77acfd78337dcc7e6fd2885b5dc948e5061d8377c0b5b28b35914,D:\工作空间\测井\cross_well_dg\configs\paper_r3_multirep.yaml,bd63763db553b176e2f4f3543140500be13d89a490a0b3ff8256b6e86ddca62f,9d2c7ad879a80eef284e32d0dadee42e995aeacfcc54dedeef5e09c73767b0b5,43041111a78dd4726423d9f43fb9a3cc00d7284ebd9c49071c459697b99c0e87,91c87c5b4f834397daa00b01ae727b059675863211f044645de62d451cfb8c46,0.43393412734530395,results\multirep\details\parent_grouped\seed127_lgbm_global.json,106.9
parent_grouped,protocol1_parent_grouped_wells,127,lgbm_wellnorm,open_set,open_set,0.27460789168363975,0.6505511085458532,0.1950293984454542,0.19901858918085302,0.39545676784096756,0.13375988048997814,0.13791072425165748,1007347,226525,197511,141,0,0,11,Sandstone|Shale|Sandstone/Shale|Limestone|Chalk|Dolomite|Marl|Anhydrite|Halite|Coal|Tuff,146.0,r3_fullcurve_stats_20260930,wellnorm,True,full,full_curve,f4dff61307f0f2e705e9f9716f85c06458eb17f7,False,84a59b18b9d77acfd78337dcc7e6fd2885b5dc948e5061d8377c0b5b28b35914,D:\工作空间\测井\cross_well_dg\configs\paper_r3_multirep.yaml,bd63763db553b176e2f4f3543140500be13d89a490a0b3ff8256b6e86ddca62f,5bebe90abf4e23ffaf8aaf20db4953bcbf6850267df7c4799e66fe2b05f01ac3,43041111a78dd4726423d9f43fb9a3cc00d7284ebd9c49071c459697b99c0e87,91c87c5b4f834397daa00b01ae727b059675863211f044645de62d451cfb8c46,0.39265848010382404,results\multirep\details\parent_grouped\seed127_lgbm_wellnorm.json,146.05
parent_grouped,protocol1_parent_grouped_wells,127,lgbm_hybrid_norel,open_set,open_set,0.2869224697157208,0.6722258507121123,0.16327289711831539,0.20438366726087603,0.40651358313646996,0.13358691582407622,0.15467109928443634,1007347,226525,197511,141,0,0,11,Sandstone|Shale|Sandstone/Shale|Limestone|Chalk|Dolomite|Marl|Anhydrite|Halite|Coal|Tuff,176.85,r3_fullcurve_stats_20260930,hybrid,False,full,full_curve,f4dff61307f0f2e705e9f9716f85c06458eb17f7,False,84a59b18b9d77acfd78337dcc7e6fd2885b5dc948e5061d8377c0b5b28b35914,D:\工作空间\测井\cross_well_dg\configs\paper_r3_multirep.yaml,bd63763db553b176e2f4f3543140500be13d89a490a0b3ff8256b6e86ddca62f,541d91be3eb41014f35c930411cfd23c85379321ea069333a4b0bf8e44def757,43041111a78dd4726423d9f43fb9a3cc00d7284ebd9c49071c459697b99c0e87,91c87c5b4f834397daa00b01ae727b059675863211f044645de62d451cfb8c46,0.4288642019540292,results\multirep\details\parent_grouped\seed127_lgbm_hybrid_norel.json,176.92
parent_grouped,protocol1_parent_grouped_wells,127,lgbm_hybrid,open_set,open_set,0.30610253528338904,0.6919108302828704,0.1800324079559546,0.21965219461238447,0.4433416870735956,0.14729924287305377,0.16367056924554918,1007347,226525,197511,141,0,0,11,Sandstone|Shale|Sandstone/Shale|Limestone|Chalk|Dolomite|Marl|Anhydrite|Halite|Coal|Tuff,179.21,r3_fullcurve_stats_20260930,hybrid,True,full,full_curve,f4dff61307f0f2e705e9f9716f85c06458eb17f7,False,84a59b18b9d77acfd78337dcc7e6fd2885b5dc948e5061d8377c0b5b28b35914,D:\工作空间\测井\cross_well_dg\configs\paper_r3_multirep.yaml,bd63763db553b176e2f4f3543140500be13d89a490a0b3ff8256b6e86ddca62f,a9584710f6740238911d842e0e49d5039400bf72c84a40e420357b244e624b41,43041111a78dd4726423d9f43fb9a3cc00d7284ebd9c49071c459697b99c0e87,91c87c5b4f834397daa00b01ae727b059675863211f044645de62d451cfb8c46,0.426365003140636,results\multirep\details\parent_grouped\seed127_lgbm_hybrid.json,179.29
parent_grouped,protocol1_parent_grouped_wells,127,lgbm_hybrid_while,open_set,open_set,0.3185146106158346,0.6844732698431986,0.18915590922699652,0.19413899011015104,0.43291317986149563,0.14481605163149494,0.14978998868133697,1007347,226525,197511,141,0,0,11,Sandstone|Shale|Sandstone/Shale|Limestone|Chalk|Dolomite|Marl|Anhydrite|Halite|Coal|Tuff,196.6,r3_fullcurve_stats_20260930,hybrid,False,causal,full_curve,f4dff61307f0f2e705e9f9716f85c06458eb17f7,False,84a59b18b9d77acfd78337dcc7e6fd2885b5dc948e5061d8377c0b5b28b35914,D:\工作空间\测井\cross_well_dg\configs\paper_r3_multirep.yaml,bd63763db553b176e2f4f3543140500be13d89a490a0b3ff8256b6e86ddca62f,80f751dcf6b86b3652b6c19bb1a93794dc1505ee4ff531e017226f9a7d9ef995,43041111a78dd4726423d9f43fb9a3cc00d7284ebd9c49071c459697b99c0e87,91c87c5b4f834397daa00b01ae727b059675863211f044645de62d451cfb8c46,0.39969942233238137,results\multirep\details\parent_grouped\seed127_lgbm_hybrid_while.json,196.69
parent_grouped,protocol1_parent_grouped_wells,127,lgbm_hybrid_smooth,open_set,open_set,0.307622378621502,0.6965687986998192,0.1747387832759241,0.19729944251187662,0.4353604874308025,0.13991097383952764,0.14143953462355097,1007347,226525,197511,141,0,0,11,Sandstone|Shale|Sandstone/Shale|Limestone|Chalk|Dolomite|Marl|Anhydrite|Halite|Coal|Tuff,190.43,r3_fullcurve_stats_20260930,hybrid,True,full,full_curve,f4dff61307f0f2e705e9f9716f85c06458eb17f7,False,84a59b18b9d77acfd78337dcc7e6fd2885b5dc948e5061d8377c0b5b28b35914,D:\工作空间\测井\cross_well_dg\configs\paper_r3_multirep.yaml,bd63763db553b176e2f4f3543140500be13d89a490a0b3ff8256b6e86ddca62f,a9584710f6740238911d842e0e49d5039400bf72c84a40e420357b244e624b41,43041111a78dd4726423d9f43fb9a3cc00d7284ebd9c49071c459697b99c0e87,91c87c5b4f834397daa00b01ae727b059675863211f044645de62d451cfb8c46,0.4298300131535086,results\multirep\details\parent_grouped\seed127_lgbm_hybrid_smooth.json,190.53
parent_grouped,protocol1_parent_grouped_wells,131,lgbm_global,closed_set,closed_set,0.3321717660357326,0.5899071514636048,0.13956313128041833,0.17444809794315325,0.396462652979093,0.058151304700174315,0.07268670747631385,1047907,200059,183417,0,0,0,12,Sandstone|Shale|Sandstone/Shale|Limestone|Chalk|Dolomite|Marl|Anhydrite|Halite|Coal|Basement|Tuff,217.11,r3_fullcurve_stats_20260930,global,False,full,full_curve,f4dff61307f0f2e705e9f9716f85c06458eb17f7,False,84a59b18b9d77acfd78337dcc7e6fd2885b5dc948e5061d8377c0b5b28b35914,D:\工作空间\测井\cross_well_dg\configs\paper_r3_multirep.yaml,afdadb6d33bbfe454c212b4cecf65e3bb6a5ddec441aeaee2b6713805669ed7f,9d2c7ad879a80eef284e32d0dadee42e995aeacfcc54dedeef5e09c73767b0b5,43041111a78dd4726423d9f43fb9a3cc00d7284ebd9c49071c459697b99c0e87,91c87c5b4f834397daa00b01ae727b059675863211f044645de62d451cfb8c46,0.2820943120987786,results\multirep\details\parent_grouped\seed131_lgbm_global.json,217.19
parent_grouped,protocol1_parent_grouped_wells,131,lgbm_wellnorm,closed_set,closed_set,0.307077409426485,0.5869739446180016,0.18279319343041522,0.21620131630489386,0.37751535123864466,0.07616383059600634,0.09096776520281635,1047907,200059,183417,0,0,0,12,Sandstone|Shale|Sandstone/Shale|Limestone|Chalk|Dolomite|Marl|Anhydrite|Halite|Coal|Basement|Tuff,201.37,r3_fullcurve_stats_20260930,wellnorm,True,full,full_curve,f4dff61307f0f2e705e9f9716f85c06458eb17f7,False,84a59b18b9d77acfd78337dcc7e6fd2885b5dc948e5061d8377c0b5b28b35914,D:\工作空间\测井\cross_well_dg\configs\paper_r3_multirep.yaml,afdadb6d33bbfe454c212b4cecf65e3bb6a5ddec441aeaee2b6713805669ed7f,5bebe90abf4e23ffaf8aaf20db4953bcbf6850267df7c4799e66fe2b05f01ac3,43041111a78dd4726423d9f43fb9a3cc00d7284ebd9c49071c459697b99c0e87,91c87c5b4f834397daa00b01ae727b059675863211f044645de62d451cfb8c46,0.278881658231052,results\multirep\details\parent_grouped\seed131_lgbm_wellnorm.json,201.43
parent_grouped,protocol1_parent_grouped_wells,131,lgbm_hybrid_norel,closed_set,closed_set,0.35303901256602244,0.6230338518239857,0.12525029517498698,0.19350617954516192,0.4112252602448797,0.05218762298957791,0.08062757481048413,1047907,200059,183417,0,0,0,12,Sandstone|Shale|Sandstone/Shale|Limestone|Chalk|Dolomite|Marl|Anhydrite|Halite|Coal|Basement|Tuff,248.67,r3_fullcurve_stats_20260930,hybrid,False,full,full_curve,f4dff61307f0f2e705e9f9716f85c06458eb17f7,False,84a59b18b9d77acfd78337dcc7e6fd2885b5dc948e5061d8377c0b5b28b35914,D:\工作空间\测井\cross_well_dg\configs\paper_r3_multirep.yaml,afdadb6d33bbfe454c212b4cecf65e3bb6a5ddec441aeaee2b6713805669ed7f,541d91be3eb41014f35c930411cfd23c85379321ea069333a4b0bf8e44def757,43041111a78dd4726423d9f43fb9a3cc00d7284ebd9c49071c459697b99c0e87,91c87c5b4f834397daa00b01ae727b059675863211f044645de62d451cfb8c46,0.31506894552549275,results\multirep\details\parent_grouped\seed131_lgbm_hybrid_norel.json,248.77
parent_grouped,protocol1_parent_grouped_wells,131,lgbm_hybrid,closed_set,closed_set,0.3542407894243789,0.6311138007927292,0.1359491814952059,0.15752973911777182,0.4038185461751804,0.056645492289669135,0.06563739129907159,1047907,200059,183417,0,0,0,12,Sandstone|Shale|Sandstone/Shale|Limestone|Chalk|Dolomite|Marl|Anhydrite|Halite|Coal|Basement|Tuff,243.62,r3_fullcurve_stats_20260930,hybrid,True,full,full_curve,f4dff61307f0f2e705e9f9716f85c06458eb17f7,False,84a59b18b9d77acfd78337dcc7e6fd2885b5dc948e5061d8377c0b5b28b35914,D:\工作空间\测井\cross_well_dg\configs\paper_r3_multirep.yaml,afdadb6d33bbfe454c212b4cecf65e3bb6a5ddec441aeaee2b6713805669ed7f,a9584710f6740238911d842e0e49d5039400bf72c84a40e420357b244e624b41,43041111a78dd4726423d9f43fb9a3cc00d7284ebd9c49071c459697b99c0e87,91c87c5b4f834397daa00b01ae727b059675863211f044645de62d451cfb8c46,0.31496714775058604,results\multirep\details\parent_grouped\seed131_lgbm_hybrid.json,243.68
parent_grouped,protocol1_parent_grouped_wells,131,lgbm_hybrid_while,closed_set,closed_set,0.38479464404768265,0.6640714873757613,0.1610684116636824,0.16465717753071124,0.42270118045237,0.067111838193201,0.06860715730446301,1047907,200059,183417,0,0,0,12,Sandstone|Shale|Sandstone/Shale|Limestone|Chalk|Dolomite|Marl|Anhydrite|Halite|Coal|Basement|Tuff,236.23,r3_fullcurve_stats_20260930,hybrid,False,causal,full_curve,f4dff61307f0f2e705e9f9716f85c06458eb17f7,False,84a59b18b9d77acfd78337dcc7e6fd2885b5dc948e5061d8377c0b5b28b35914,D:\工作空间\测井\cross_well_dg\configs\paper_r3_multirep.yaml,afdadb6d33bbfe454c212b4cecf65e3bb6a5ddec441aeaee2b6713805669ed7f,80f751dcf6b86b3652b6c19bb1a93794dc1505ee4ff531e017226f9a7d9ef995,43041111a78dd4726423d9f43fb9a3cc00d7284ebd9c49071c459697b99c0e87,91c87c5b4f834397daa00b01ae727b059675863211f044645de62d451cfb8c46,0.29357452387010874,results\multirep\details\parent_grouped\seed131_lgbm_hybrid_while.json,236.29
parent_grouped,protocol1_parent_grouped_wells,131,lgbm_hybrid_smooth,closed_set,closed_set,0.3558931933961443,0.6341178843836722,0.13257636803164602,0.15622098856198763,0.4027485395247726,0.05524015334651918,0.06509207856749485,1047907,200059,183417,0,0,0,12,Sandstone|Shale|Sandstone/Shale|Limestone|Chalk|Dolomite|Marl|Anhydrite|Halite|Coal|Basement|Tuff,232.56,r3_fullcurve_stats_20260930,hybrid,True,full,full_curve,f4dff61307f0f2e705e9f9716f85c06458eb17f7,False,84a59b18b9d77acfd78337dcc7e6fd2885b5dc948e5061d8377c0b5b28b35914,D:\工作空间\测井\cross_well_dg\configs\paper_r3_multirep.yaml,afdadb6d33bbfe454c212b4cecf65e3bb6a5ddec441aeaee2b6713805669ed7f,a9584710f6740238911d842e0e49d5039400bf72c84a40e420357b244e624b41,43041111a78dd4726423d9f43fb9a3cc00d7284ebd9c49071c459697b99c0e87,91c87c5b4f834397daa00b01ae727b059675863211f044645de62d451cfb8c46,0.3183566557848321,results\multirep\details\parent_grouped\seed131_lgbm_hybrid_smooth.json,232.65
parent_grouped,protocol1_parent_grouped_wells,139,lgbm_global,closed_set,closed_set,0.314985455122205,0.6485404767552904,0.17203977007338414,0.18501122587975782,0.37889720382948555,0.07168323753057672,0.07999341434506285,1019985,246995,164403,0,0,0,12,Sandstone|Shale|Sandstone/Shale|Limestone|Chalk|Dolomite|Marl|Anhydrite|Halite|Coal|Basement|Tuff,156.07,r3_fullcurve_stats_20260930,global,False,full,full_curve,f4dff61307f0f2e705e9f9716f85c06458eb17f7,False,84a59b18b9d77acfd78337dcc7e6fd2885b5dc948e5061d8377c0b5b28b35914,D:\工作空间\测井\cross_well_dg\configs\paper_r3_multirep.yaml,3791f5cb08a2abe6c981d7d1c78f2ccac4b1243716698f1cf210db30a080a67e,9d2c7ad879a80eef284e32d0dadee42e995aeacfcc54dedeef5e09c73767b0b5,43041111a78dd4726423d9f43fb9a3cc00d7284ebd9c49071c459697b99c0e87,91c87c5b4f834397daa00b01ae727b059675863211f044645de62d451cfb8c46,0.3254254436849106,results\multirep\details\parent_grouped\seed139_lgbm_global.json,156.15
parent_grouped,protocol1_parent_grouped_wells,139,lgbm_wellnorm,closed_set,closed_set,0.3292513663869021,0.6752492351112814,0.2194493514369844,0.266354750296439,0.4075859179567454,0.10972467571849222,0.1099257577255155,1019985,246995,164403,0,0,0,12,Sandstone|Shale|Sandstone/Shale|Limestone|Chalk|Dolomite|Marl|Anhydrite|Halite|Coal|Basement|Tuff,132.86,r3_fullcurve_stats_20260930,wellnorm,True,full,full_curve,f4dff61307f0f2e705e9f9716f85c06458eb17f7,False,84a59b18b9d77acfd78337dcc7e6fd2885b5dc948e5061d8377c0b5b28b35914,D:\工作空间\测井\cross_well_dg\configs\paper_r3_multirep.yaml,3791f5cb08a2abe6c981d7d1c78f2ccac4b1243716698f1cf210db30a080a67e,5bebe90abf4e23ffaf8aaf20db4953bcbf6850267df7c4799e66fe2b05f01ac3,43041111a78dd4726423d9f43fb9a3cc00d7284ebd9c49071c459697b99c0e87,91c87c5b4f834397daa00b01ae727b059675863211f044645de62d451cfb8c46,0.273601503290469,results\multirep\details\parent_grouped\seed139_lgbm_wellnorm.json,132.91
parent_grouped,protocol1_parent_grouped_wells,139,lgbm_hybrid_norel,closed_set,closed_set,0.3495430876153285,0.7082595816378047,0.2875894345136178,0.2946047796027349,0.43154704871651195,0.1256750519549384,0.13473488460587363,1019985,246995,164403,0,0,0,12,Sandstone|Shale|Sandstone/Shale|Limestone|Chalk|Dolomite|Marl|Anhydrite|Halite|Coal|Basement|Tuff,219.2,r3_fullcurve_stats_20260930,hybrid,False,full,full_curve,f4dff61307f0f2e705e9f9716f85c06458eb17f7,False,84a59b18b9d77acfd78337dcc7e6fd2885b5dc948e5061d8377c0b5b28b35914,D:\工作空间\测井\cross_well_dg\configs\paper_r3_multirep.yaml,3791f5cb08a2abe6c981d7d1c78f2ccac4b1243716698f1cf210db30a080a67e,541d91be3eb41014f35c930411cfd23c85379321ea069333a4b0bf8e44def757,43041111a78dd4726423d9f43fb9a3cc00d7284ebd9c49071c459697b99c0e87,91c87c5b4f834397daa00b01ae727b059675863211f044645de62d451cfb8c46,0.41374188910837884,results\multirep\details\parent_grouped\seed139_lgbm_hybrid_norel.json,219.26
parent_grouped,protocol1_parent_grouped_wells,139,lgbm_hybrid,closed_set,closed_set,0.36074687073927236,0.7329245816682177,0.31666088955799876,0.3332199453188044,0.46555929083083747,0.14574125044983752,0.15203584761441846,1019985,246995,164403,0,0,0,12,Sandstone|Shale|Sandstone/Shale|Limestone|Chalk|Dolomite|Marl|Anhydrite|Halite|Coal|Basement|Tuff,189.54,r3_fullcurve_stats_20260930,hybrid,True,full,full_curve,f4dff61307f0f2e705e9f9716f85c06458eb17f7,False,84a59b18b9d77acfd78337dcc7e6fd2885b5dc948e5061d8377c0b5b28b35914,D:\工作空间\测井\cross_well_dg\configs\paper_r3_multirep.yaml,3791f5cb08a2abe6c981d7d1c78f2ccac4b1243716698f1cf210db30a080a67e,a9584710f6740238911d842e0e49d5039400bf72c84a40e420357b244e624b41,43041111a78dd4726423d9f43fb9a3cc00d7284ebd9c49071c459697b99c0e87,91c87c5b4f834397daa00b01ae727b059675863211f044645de62d451cfb8c46,0.42550197695008496,results\multirep\details\parent_grouped\seed139_lgbm_hybrid.json,189.61
parent_grouped,protocol1_parent_grouped_wells,139,lgbm_hybrid_while,closed_set,closed_set,0.3395164846789941,0.6933510945664009,0.27539461263154974,0.2962309341630047,0.42543905108245655,0.11474775526314572,0.12342955590125199,1019985,246995,164403,0,0,0,12,Sandstone|Shale|Sandstone/Shale|Limestone|Chalk|Dolomite|Marl|Anhydrite|Halite|Coal|Basement|Tuff,229.58,r3_fullcurve_stats_20260930,hybrid,False,causal,full_curve,f4dff61307f0f2e705e9f9716f85c06458eb17f7,False,84a59b18b9d77acfd78337dcc7e6fd2885b5dc948e5061d8377c0b5b28b35914,D:\工作空间\测井\cross_well_dg\configs\paper_r3_multirep.yaml,3791f5cb08a2abe6c981d7d1c78f2ccac4b1243716698f1cf210db30a080a67e,80f751dcf6b86b3652b6c19bb1a93794dc1505ee4ff531e017226f9a7d9ef995,43041111a78dd4726423d9f43fb9a3cc00d7284ebd9c49071c459697b99c0e87,91c87c5b4f834397daa00b01ae727b059675863211f044645de62d451cfb8c46,0.4178618202019715,results\multirep\details\parent_grouped\seed139_lgbm_hybrid_while.json,229.65
parent_grouped,protocol1_parent_grouped_wells,139,lgbm_hybrid_smooth,closed_set,closed_set,0.3663867455974579,0.7394512265591261,0.2872720750330282,0.32043273784306636,0.4654192734357264,0.1436360375165141,0.14548331056098718,1019985,246995,164403,0,0,0,12,Sandstone|Shale|Sandstone/Shale|Limestone|Chalk|Dolomite|Marl|Anhydrite|Halite|Coal|Basement|Tuff,196.54,r3_fullcurve_stats_20260930,hybrid,True,full,full_curve,f4dff61307f0f2e705e9f9716f85c06458eb17f7,False,84a59b18b9d77acfd78337dcc7e6fd2885b5dc948e5061d8377c0b5b28b35914,D:\工作空间\测井\cross_well_dg\configs\paper_r3_multirep.yaml,3791f5cb08a2abe6c981d7d1c78f2ccac4b1243716698f1cf210db30a080a67e,a9584710f6740238911d842e0e49d5039400bf72c84a40e420357b244e624b41,43041111a78dd4726423d9f43fb9a3cc00d7284ebd9c49071c459697b99c0e87,91c87c5b4f834397daa00b01ae727b059675863211f044645de62d451cfb8c46,0.4253554840016964,results\multirep\details\parent_grouped\seed139_lgbm_hybrid_smooth.json,196.64
parent_grouped,protocol1_parent_grouped_wells,149,lgbm_global,closed_set,closed_set,0.2774220076538581,0.5205015232497299,0.1410264722570724,0.1831615917392294,0.3715961979352166,0.0769235303220395,0.10865419680996394,1029571,197174,204497,0,141,141,11,Sandstone|Shale|Sandstone/Shale|Limestone|Chalk|Dolomite|Marl|Anhydrite|Halite|Coal|Tuff,86.72,r3_fullcurve_stats_20260930,global,False,full,full_curve,f4dff61307f0f2e705e9f9716f85c06458eb17f7,False,84a59b18b9d77acfd78337dcc7e6fd2885b5dc948e5061d8377c0b5b28b35914,D:\工作空间\测井\cross_well_dg\configs\paper_r3_multirep.yaml,d75e375ba6ded8c4565e9ecd2a3cbd9beefb05689ae60904cbdb172dc365cec3,9d2c7ad879a80eef284e32d0dadee42e995aeacfcc54dedeef5e09c73767b0b5,43041111a78dd4726423d9f43fb9a3cc00d7284ebd9c49071c459697b99c0e87,91c87c5b4f834397daa00b01ae727b059675863211f044645de62d451cfb8c46,0.25916813645276854,results\multirep\details\parent_grouped\seed149_lgbm_global.json,86.79
parent_grouped,protocol1_parent_grouped_wells,149,lgbm_wellnorm,closed_set,closed_set,0.3277273921016943,0.6271387844320454,0.180363896780962,0.18496563439131355,0.4065631012678468,0.0983803073350702,0.1267404422136708,1029571,197174,204497,0,141,141,11,Sandstone|Shale|Sandstone/Shale|Limestone|Chalk|Dolomite|Marl|Anhydrite|Halite|Coal|Tuff,116.6,r3_fullcurve_stats_20260930,wellnorm,True,full,full_curve,f4dff61307f0f2e705e9f9716f85c06458eb17f7,False,84a59b18b9d77acfd78337dcc7e6fd2885b5dc948e5061d8377c0b5b28b35914,D:\工作空间\测井\cross_well_dg\configs\paper_r3_multirep.yaml,d75e375ba6ded8c4565e9ecd2a3cbd9beefb05689ae60904cbdb172dc365cec3,5bebe90abf4e23ffaf8aaf20db4953bcbf6850267df7c4799e66fe2b05f01ac3,43041111a78dd4726423d9f43fb9a3cc00d7284ebd9c49071c459697b99c0e87,91c87c5b4f834397daa00b01ae727b059675863211f044645de62d451cfb8c46,0.24871736223292515,results\multirep\details\parent_grouped\seed149_lgbm_wellnorm.json,116.69
parent_grouped,protocol1_parent_grouped_wells,149,lgbm_hybrid_norel,closed_set,closed_set,0.31852651750196037,0.6068059678137088,0.19269572239995156,0.1953590430056377,0.4109879603611714,0.10510675767270085,0.1328517041730346,1029571,197174,204497,0,141,141,11,Sandstone|Shale|Sandstone/Shale|Limestone|Chalk|Dolomite|Marl|Anhydrite|Halite|Coal|Tuff,158.01,r3_fullcurve_stats_20260930,hybrid,False,full,full_curve,f4dff61307f0f2e705e9f9716f85c06458eb17f7,False,84a59b18b9d77acfd78337dcc7e6fd2885b5dc948e5061d8377c0b5b28b35914,D:\工作空间\测井\cross_well_dg\configs\paper_r3_multirep.yaml,d75e375ba6ded8c4565e9ecd2a3cbd9beefb05689ae60904cbdb172dc365cec3,541d91be3eb41014f35c930411cfd23c85379321ea069333a4b0bf8e44def757,43041111a78dd4726423d9f43fb9a3cc00d7284ebd9c49071c459697b99c0e87,91c87c5b4f834397daa00b01ae727b059675863211f044645de62d451cfb8c46,0.2888577958116586,results\multirep\details\parent_grouped\seed149_lgbm_hybrid_norel.json,158.11
parent_grouped,protocol1_parent_grouped_wells,149,lgbm_hybrid,closed_set,closed_set,0.3342292834683219,0.6385766050357707,0.20619716473608096,0.22325383425320433,0.4382551502143781,0.13107845660199693,0.14989261387484976,1029571,197174,204497,0,141,141,11,Sandstone|Shale|Sandstone/Shale|Limestone|Chalk|Dolomite|Marl|Anhydrite|Halite|Coal|Tuff,145.09,r3_fullcurve_stats_20260930,hybrid,True,full,full_curve,f4dff61307f0f2e705e9f9716f85c06458eb17f7,False,84a59b18b9d77acfd78337dcc7e6fd2885b5dc948e5061d8377c0b5b28b35914,D:\工作空间\测井\cross_well_dg\configs\paper_r3_multirep.yaml,d75e375ba6ded8c4565e9ecd2a3cbd9beefb05689ae60904cbdb172dc365cec3,a9584710f6740238911d842e0e49d5039400bf72c84a40e420357b244e624b41,43041111a78dd4726423d9f43fb9a3cc00d7284ebd9c49071c459697b99c0e87,91c87c5b4f834397daa00b01ae727b059675863211f044645de62d451cfb8c46,0.30888128264998677,results\multirep\details\parent_grouped\seed149_lgbm_hybrid.json,145.15
parent_grouped,protocol1_parent_grouped_wells,149,lgbm_hybrid_while,closed_set,closed_set,0.33016872582991214,0.6056079062284532,0.20056587883754654,0.20509809438438126,0.4225333235669942,0.10939957027502539,0.13852438471393005,1029571,197174,204497,0,141,141,11,Sandstone|Shale|Sandstone/Shale|Limestone|Chalk|Dolomite|Marl|Anhydrite|Halite|Coal|Tuff,160.91,r3_fullcurve_stats_20260930,hybrid,False,causal,full_curve,f4dff61307f0f2e705e9f9716f85c06458eb17f7,False,84a59b18b9d77acfd78337dcc7e6fd2885b5dc948e5061d8377c0b5b28b35914,D:\工作空间\测井\cross_well_dg\configs\paper_r3_multirep.yaml,d75e375ba6ded8c4565e9ecd2a3cbd9beefb05689ae60904cbdb172dc365cec3,80f751dcf6b86b3652b6c19bb1a93794dc1505ee4ff531e017226f9a7d9ef995,43041111a78dd4726423d9f43fb9a3cc00d7284ebd9c49071c459697b99c0e87,91c87c5b4f834397daa00b01ae727b059675863211f044645de62d451cfb8c46,0.299395472708565,results\multirep\details\parent_grouped\seed149_lgbm_hybrid_while.json,160.97
parent_grouped,protocol1_parent_grouped_wells,149,lgbm_hybrid_smooth,closed_set,closed_set,0.3370379634391498,0.6440730181860859,0.20663796566753312,0.22687244985509836,0.44167557353052583,0.13478560038690737,0.15192651342108088,1029571,197174,204497,0,141,141,11,Sandstone|Shale|Sandstone/Shale|Limestone|Chalk|Dolomite|Marl|Anhydrite|Halite|Coal|Tuff,155.22,r3_fullcurve_stats_20260930,hybrid,True,full,full_curve,f4dff61307f0f2e705e9f9716f85c06458eb17f7,False,84a59b18b9d77acfd78337dcc7e6fd2885b5dc948e5061d8377c0b5b28b35914,D:\工作空间\测井\cross_well_dg\configs\paper_r3_multirep.yaml,d75e375ba6ded8c4565e9ecd2a3cbd9beefb05689ae60904cbdb172dc365cec3,a9584710f6740238911d842e0e49d5039400bf72c84a40e420357b244e624b41,43041111a78dd4726423d9f43fb9a3cc00d7284ebd9c49071c459697b99c0e87,91c87c5b4f834397daa00b01ae727b059675863211f044645de62d451cfb8c46,0.313273877896092,results\multirep\details\parent_grouped\seed149_lgbm_hybrid_smooth.json,155.3
parent_grouped,protocol1_parent_grouped_wells,151,lgbm_global,closed_set,closed_set,0.30566405373801786,0.6056703970798849,0.15140513315016385,0.201514926531852,0.36463987391508873,0.08831966100426225,0.10764513320385598,981523,213157,236703,0,0,0,12,Sandstone|Shale|Sandstone/Shale|Limestone|Chalk|Dolomite|Marl|Anhydrite|Halite|Coal|Basement|Tuff,103.72,r3_fullcurve_stats_20260930,global,False,full,full_curve,f4dff61307f0f2e705e9f9716f85c06458eb17f7,False,84a59b18b9d77acfd78337dcc7e6fd2885b5dc948e5061d8377c0b5b28b35914,D:\工作空间\测井\cross_well_dg\configs\paper_r3_multirep.yaml,f50ce11404bc99913f585263e3b51f930b14bce525b9777dd37a89764c2eef06,9d2c7ad879a80eef284e32d0dadee42e995aeacfcc54dedeef5e09c73767b0b5,43041111a78dd4726423d9f43fb9a3cc00d7284ebd9c49071c459697b99c0e87,91c87c5b4f834397daa00b01ae727b059675863211f044645de62d451cfb8c46,0.4044084052722042,results\multirep\details\parent_grouped\seed151_lgbm_global.json,103.77
parent_grouped,protocol1_parent_grouped_wells,151,lgbm_wellnorm,closed_set,closed_set,0.32737125183044335,0.5820881019674444,0.17683542744518355,0.1966962947495789,0.38601799937568243,0.07368142810215982,0.09886293236455106,981523,213157,236703,0,0,0,12,Sandstone|Shale|Sandstone/Shale|Limestone|Chalk|Dolomite|Marl|Anhydrite|Halite|Coal|Basement|Tuff,106.22,r3_fullcurve_stats_20260930,wellnorm,True,full,full_curve,f4dff61307f0f2e705e9f9716f85c06458eb17f7,False,84a59b18b9d77acfd78337dcc7e6fd2885b5dc948e5061d8377c0b5b28b35914,D:\工作空间\测井\cross_well_dg\configs\paper_r3_multirep.yaml,f50ce11404bc99913f585263e3b51f930b14bce525b9777dd37a89764c2eef06,5bebe90abf4e23ffaf8aaf20db4953bcbf6850267df7c4799e66fe2b05f01ac3,43041111a78dd4726423d9f43fb9a3cc00d7284ebd9c49071c459697b99c0e87,91c87c5b4f834397daa00b01ae727b059675863211f044645de62d451cfb8c46,0.2582233693767546,results\multirep\details\parent_grouped\seed151_lgbm_wellnorm.json,106.28
parent_grouped,protocol1_parent_grouped_wells,151,lgbm_hybrid_norel,closed_set,closed_set,0.3240401408019278,0.6123538780666067,0.22081058101086443,0.23961060402222026,0.38375183639447447,0.09200440875452685,0.12137197059538979,981523,213157,236703,0,0,0,12,Sandstone|Shale|Sandstone/Shale|Limestone|Chalk|Dolomite|Marl|Anhydrite|Halite|Coal|Basement|Tuff,146.74,r3_fullcurve_stats_20260930,hybrid,False,full,full_curve,f4dff61307f0f2e705e9f9716f85c06458eb17f7,False,84a59b18b9d77acfd78337dcc7e6fd2885b5dc948e5061d8377c0b5b28b35914,D:\工作空间\测井\cross_well_dg\configs\paper_r3_multirep.yaml,f50ce11404bc99913f585263e3b51f930b14bce525b9777dd37a89764c2eef06,541d91be3eb41014f35c930411cfd23c85379321ea069333a4b0bf8e44def757,43041111a78dd4726423d9f43fb9a3cc00d7284ebd9c49071c459697b99c0e87,91c87c5b4f834397daa00b01ae727b059675863211f044645de62d451cfb8c46,0.41974923942310505,results\multirep\details\parent_grouped\seed151_lgbm_hybrid_norel.json,146.82
parent_grouped,protocol1_parent_grouped_wells,151,lgbm_hybrid,closed_set,closed_set,0.3465937249987255,0.6335365415731951,0.176801951192549,0.18959464708314683,0.40173066544171965,0.07366747966356207,0.09586338153245658,981523,213157,236703,0,0,0,12,Sandstone|Shale|Sandstone/Shale|Limestone|Chalk|Dolomite|Marl|Anhydrite|Halite|Coal|Basement|Tuff,179.18,r3_fullcurve_stats_20260930,hybrid,True,full,full_curve,f4dff61307f0f2e705e9f9716f85c06458eb17f7,False,84a59b18b9d77acfd78337dcc7e6fd2885b5dc948e5061d8377c0b5b28b35914,D:\工作空间\测井\cross_well_dg\configs\paper_r3_multirep.yaml,f50ce11404bc99913f585263e3b51f930b14bce525b9777dd37a89764c2eef06,a9584710f6740238911d842e0e49d5039400bf72c84a40e420357b244e624b41,43041111a78dd4726423d9f43fb9a3cc00d7284ebd9c49071c459697b99c0e87,91c87c5b4f834397daa00b01ae727b059675863211f044645de62d451cfb8c46,0.425468112364255,results\multirep\details\parent_grouped\seed151_lgbm_hybrid.json,179.24
parent_grouped,protocol1_parent_grouped_wells,151,lgbm_hybrid_while,closed_set,closed_set,0.3430644961596426,0.6264981854898333,0.15784867416604104,0.18821277610320544,0.38147870460513833,0.09107369918348744,0.0915760462235057,981523,213157,236703,0,0,0,12,Sandstone|Shale|Sandstone/Shale|Limestone|Chalk|Dolomite|Marl|Anhydrite|Halite|Coal|Basement|Tuff,177.68,r3_fullcurve_stats_20260930,hybrid,False,causal,full_curve,f4dff61307f0f2e705e9f9716f85c06458eb17f7,False,84a59b18b9d77acfd78337dcc7e6fd2885b5dc948e5061d8377c0b5b28b35914,D:\工作空间\测井\cross_well_dg\configs\paper_r3_multirep.yaml,f50ce11404bc99913f585263e3b51f930b14bce525b9777dd37a89764c2eef06,80f751dcf6b86b3652b6c19bb1a93794dc1505ee4ff531e017226f9a7d9ef995,43041111a78dd4726423d9f43fb9a3cc00d7284ebd9c49071c459697b99c0e87,91c87c5b4f834397daa00b01ae727b059675863211f044645de62d451cfb8c46,0.37576706658917625,results\multirep\details\parent_grouped\seed151_lgbm_hybrid_while.json,177.75
parent_grouped,protocol1_parent_grouped_wells,151,lgbm_hybrid_smooth,closed_set,closed_set,0.3486704705003855,0.6370472702078132,0.17451472556894246,0.18792471193451712,0.40403577832896037,0.07271446898705936,0.09507985483105644,981523,213157,236703,0,0,0,12,Sandstone|Shale|Sandstone/Shale|Limestone|Chalk|Dolomite|Marl|Anhydrite|Halite|Coal|Basement|Tuff,186.65,r3_fullcurve_stats_20260930,hybrid,True,full,full_curve,f4dff61307f0f2e705e9f9716f85c06458eb17f7,False,84a59b18b9d77acfd78337dcc7e6fd2885b5dc948e5061d8377c0b5b28b35914,D:\工作空间\测井\cross_well_dg\configs\paper_r3_multirep.yaml,f50ce11404bc99913f585263e3b51f930b14bce525b9777dd37a89764c2eef06,a9584710f6740238911d842e0e49d5039400bf72c84a40e420357b244e624b41,43041111a78dd4726423d9f43fb9a3cc00d7284ebd9c49071c459697b99c0e87,91c87c5b4f834397daa00b01ae727b059675863211f044645de62d451cfb8c46,0.4305464852616277,results\multirep\details\parent_grouped\seed151_lgbm_hybrid_smooth.json,186.74
parent_grouped,protocol1_parent_grouped_wells,157,lgbm_global,closed_set,closed_set,0.30441992822292124,0.6119631563870342,0.15285945627667888,0.1546593909506662,0.36607858852461783,0.07642972813833944,0.08547686302886555,1019618,230241,181524,0,0,0,12,Sandstone|Shale|Sandstone/Shale|Limestone|Chalk|Dolomite|Marl|Anhydrite|Halite|Coal|Basement|Tuff,242.54,r3_fullcurve_stats_20260930,global,False,full,full_curve,f4dff61307f0f2e705e9f9716f85c06458eb17f7,False,84a59b18b9d77acfd78337dcc7e6fd2885b5dc948e5061d8377c0b5b28b35914,D:\工作空间\测井\cross_well_dg\configs\paper_r3_multirep.yaml,e8863c938cfdfd1d5b12ede0e5a61edb4575e492c374dd6b1213976120be1be0,9d2c7ad879a80eef284e32d0dadee42e995aeacfcc54dedeef5e09c73767b0b5,43041111a78dd4726423d9f43fb9a3cc00d7284ebd9c49071c459697b99c0e87,91c87c5b4f834397daa00b01ae727b059675863211f044645de62d451cfb8c46,0.358618246120423,results\multirep\details\parent_grouped\seed157_lgbm_global.json,242.68
parent_grouped,protocol1_parent_grouped_wells,157,lgbm_wellnorm,closed_set,closed_set,0.26452231836661405,0.6385161190806725,0.14411458880524,0.14879216169657755,0.36756477235997714,0.07673486729395754,0.08356721683843088,1019618,230241,181524,0,0,0,12,Sandstone|Shale|Sandstone/Shale|Limestone|Chalk|Dolomite|Marl|Anhydrite|Halite|Coal|Basement|Tuff,358.69,r3_fullcurve_stats_20260930,wellnorm,True,full,full_curve,f4dff61307f0f2e705e9f9716f85c06458eb17f7,False,84a59b18b9d77acfd78337dcc7e6fd2885b5dc948e5061d8377c0b5b28b35914,D:\工作空间\测井\cross_well_dg\configs\paper_r3_multirep.yaml,e8863c938cfdfd1d5b12ede0e5a61edb4575e492c374dd6b1213976120be1be0,5bebe90abf4e23ffaf8aaf20db4953bcbf6850267df7c4799e66fe2b05f01ac3,43041111a78dd4726423d9f43fb9a3cc00d7284ebd9c49071c459697b99c0e87,91c87c5b4f834397daa00b01ae727b059675863211f044645de62d451cfb8c46,0.3207497524555454,results\multirep\details\parent_grouped\seed157_lgbm_wellnorm.json,358.82
parent_grouped,protocol1_parent_grouped_wells,157,lgbm_hybrid_norel,closed_set,closed_set,0.40505311171578756,0.6418379938740882,0.19739881561320202,0.2177686804517478,0.38889196425218975,0.09869940780660101,0.11871280823997846,1019618,230241,181524,0,0,0,12,Sandstone|Shale|Sandstone/Shale|Limestone|Chalk|Dolomite|Marl|Anhydrite|Halite|Coal|Basement|Tuff,425.36,r3_fullcurve_stats_20260930,hybrid,False,full,full_curve,f4dff61307f0f2e705e9f9716f85c06458eb17f7,False,84a59b18b9d77acfd78337dcc7e6fd2885b5dc948e5061d8377c0b5b28b35914,D:\工作空间\测井\cross_well_dg\configs\paper_r3_multirep.yaml,e8863c938cfdfd1d5b12ede0e5a61edb4575e492c374dd6b1213976120be1be0,541d91be3eb41014f35c930411cfd23c85379321ea069333a4b0bf8e44def757,43041111a78dd4726423d9f43fb9a3cc00d7284ebd9c49071c459697b99c0e87,91c87c5b4f834397daa00b01ae727b059675863211f044645de62d451cfb8c46,0.36623403207723476,results\multirep\details\parent_grouped\seed157_lgbm_hybrid_norel.json,425.53
parent_grouped,protocol1_parent_grouped_wells,157,lgbm_hybrid,closed_set,closed_set,0.41707279841942224,0.6708920032612767,0.23160736646068356,0.2598836987520101,0.411312077553293,0.11580368323034178,0.13379136249991164,1019618,230241,181524,0,0,0,12,Sandstone|Shale|Sandstone/Shale|Limestone|Chalk|Dolomite|Marl|Anhydrite|Halite|Coal|Basement|Tuff,414.02,r3_fullcurve_stats_20260930,hybrid,True,full,full_curve,f4dff61307f0f2e705e9f9716f85c06458eb17f7,False,84a59b18b9d77acfd78337dcc7e6fd2885b5dc948e5061d8377c0b5b28b35914,D:\工作空间\测井\cross_well_dg\configs\paper_r3_multirep.yaml,e8863c938cfdfd1d5b12ede0e5a61edb4575e492c374dd6b1213976120be1be0,a9584710f6740238911d842e0e49d5039400bf72c84a40e420357b244e624b41,43041111a78dd4726423d9f43fb9a3cc00d7284ebd9c49071c459697b99c0e87,91c87c5b4f834397daa00b01ae727b059675863211f044645de62d451cfb8c46,0.3644461635878776,results\multirep\details\parent_grouped\seed157_lgbm_hybrid.json,414.13
parent_grouped,protocol1_parent_grouped_wells,157,lgbm_hybrid_while,closed_set,closed_set,0.3945748459041667,0.6905918776580507,0.2034065660801484,0.23185470823599755,0.41195037261540374,0.1017032830400742,0.11641376060885475,1019618,230241,181524,0,0,0,12,Sandstone|Shale|Sandstone/Shale|Limestone|Chalk|Dolomite|Marl|Anhydrite|Halite|Coal|Basement|Tuff,452.87,r3_fullcurve_stats_20260930,hybrid,False,causal,full_curve,f4dff61307f0f2e705e9f9716f85c06458eb17f7,False,84a59b18b9d77acfd78337dcc7e6fd2885b5dc948e5061d8377c0b5b28b35914,D:\工作空间\测井\cross_well_dg\configs\paper_r3_multirep.yaml,e8863c938cfdfd1d5b12ede0e5a61edb4575e492c374dd6b1213976120be1be0,80f751dcf6b86b3652b6c19bb1a93794dc1505ee4ff531e017226f9a7d9ef995,43041111a78dd4726423d9f43fb9a3cc00d7284ebd9c49071c459697b99c0e87,91c87c5b4f834397daa00b01ae727b059675863211f044645de62d451cfb8c46,0.3566933746264816,results\multirep\details\parent_grouped\seed157_lgbm_hybrid_while.json,453.0
parent_grouped,protocol1_parent_grouped_wells,157,lgbm_hybrid_smooth,closed_set,closed_set,0.41742343489917827,0.6746105198210705,0.20948125834060596,0.24757024217333118,0.4047531614927129,0.10474062917030298,0.1254271693601363,1019618,230241,181524,0,0,0,12,Sandstone|Shale|Sandstone/Shale|Limestone|Chalk|Dolomite|Marl|Anhydrite|Halite|Coal|Basement|Tuff,454.44,r3_fullcurve_stats_20260930,hybrid,True,full,full_curve,f4dff61307f0f2e705e9f9716f85c06458eb17f7,False,84a59b18b9d77acfd78337dcc7e6fd2885b5dc948e5061d8377c0b5b28b35914,D:\工作空间\测井\cross_well_dg\configs\paper_r3_multirep.yaml,e8863c938cfdfd1d5b12ede0e5a61edb4575e492c374dd6b1213976120be1be0,a9584710f6740238911d842e0e49d5039400bf72c84a40e420357b244e624b41,43041111a78dd4726423d9f43fb9a3cc00d7284ebd9c49071c459697b99c0e87,91c87c5b4f834397daa00b01ae727b059675863211f044645de62d451cfb8c46,0.3646370650254216,results\multirep\details\parent_grouped\seed157_lgbm_hybrid_smooth.json,454.58
parent_grouped,protocol1_parent_grouped_wells,163,lgbm_global,closed_set,closed_set,0.2791040081507861,0.5145465916197624,0.0787964017853704,0.1647117409667716,0.37309695506714813,0.0590973013390278,0.09617533308976389,985165,246343,199875,0,0,0,12,Sandstone|Shale|Sandstone/Shale|Limestone|Chalk|Dolomite|Marl|Anhydrite|Halite|Coal|Basement|Tuff,260.3,r3_fullcurve_stats_20260930,global,False,full,full_curve,f4dff61307f0f2e705e9f9716f85c06458eb17f7,False,84a59b18b9d77acfd78337dcc7e6fd2885b5dc948e5061d8377c0b5b28b35914,D:\工作空间\测井\cross_well_dg\configs\paper_r3_multirep.yaml,ea62f8ae5930e5f7fbbbf62f3a04935103fbe7cd6b29e12016e0206f1592c23a,9d2c7ad879a80eef284e32d0dadee42e995aeacfcc54dedeef5e09c73767b0b5,43041111a78dd4726423d9f43fb9a3cc00d7284ebd9c49071c459697b99c0e87,91c87c5b4f834397daa00b01ae727b059675863211f044645de62d451cfb8c46,0.34129380763892336,results\multirep\details\parent_grouped\seed163_lgbm_global.json,260.43
parent_grouped,protocol1_parent_grouped_wells,163,lgbm_wellnorm,closed_set,closed_set,0.2437440707749818,0.6194871794871795,0.11641886604064945,0.15871603366919584,0.35885646247861713,0.08731414953048709,0.10900906049860798,985165,246343,199875,0,0,0,12,Sandstone|Shale|Sandstone/Shale|Limestone|Chalk|Dolomite|Marl|Anhydrite|Halite|Coal|Basement|Tuff,259.01,r3_fullcurve_stats_20260930,wellnorm,True,full,full_curve,f4dff61307f0f2e705e9f9716f85c06458eb17f7,False,84a59b18b9d77acfd78337dcc7e6fd2885b5dc948e5061d8377c0b5b28b35914,D:\工作空间\测井\cross_well_dg\configs\paper_r3_multirep.yaml,ea62f8ae5930e5f7fbbbf62f3a04935103fbe7cd6b29e12016e0206f1592c23a,5bebe90abf4e23ffaf8aaf20db4953bcbf6850267df7c4799e66fe2b05f01ac3,43041111a78dd4726423d9f43fb9a3cc00d7284ebd9c49071c459697b99c0e87,91c87c5b4f834397daa00b01ae727b059675863211f044645de62d451cfb8c46,0.26153666558839617,results\multirep\details\parent_grouped\seed163_lgbm_wellnorm.json,259.17
parent_grouped,protocol1_parent_grouped_wells,163,lgbm_hybrid_norel,closed_set,closed_set,0.31488289423888827,0.6291932457786117,0.14593217515996149,0.2016026889584677,0.3988258666756155,0.10944913136997113,0.1296783638190898,985165,246343,199875,0,0,0,12,Sandstone|Shale|Sandstone/Shale|Limestone|Chalk|Dolomite|Marl|Anhydrite|Halite|Coal|Basement|Tuff,270.55,r3_fullcurve_stats_20260930,hybrid,False,full,full_curve,f4dff61307f0f2e705e9f9716f85c06458eb17f7,False,84a59b18b9d77acfd78337dcc7e6fd2885b5dc948e5061d8377c0b5b28b35914,D:\工作空间\测井\cross_well_dg\configs\paper_r3_multirep.yaml,ea62f8ae5930e5f7fbbbf62f3a04935103fbe7cd6b29e12016e0206f1592c23a,541d91be3eb41014f35c930411cfd23c85379321ea069333a4b0bf8e44def757,43041111a78dd4726423d9f43fb9a3cc00d7284ebd9c49071c459697b99c0e87,91c87c5b4f834397daa00b01ae727b059675863211f044645de62d451cfb8c46,0.36087087486553304,results\multirep\details\parent_grouped\seed163_lgbm_hybrid_norel.json,270.69
parent_grouped,protocol1_parent_grouped_wells,163,lgbm_hybrid,closed_set,closed_set,0.3435358141479657,0.6683777360850531,0.16028819565517638,0.20397794161507232,0.4187594256925532,0.12021614674138227,0.13780260316815765,985165,246343,199875,0,0,0,12,Sandstone|Shale|Sandstone/Shale|Limestone|Chalk|Dolomite|Marl|Anhydrite|Halite|Coal|Basement|Tuff,347.81,r3_fullcurve_stats_20260930,hybrid,True,full,full_curve,f4dff61307f0f2e705e9f9716f85c06458eb17f7,False,84a59b18b9d77acfd78337dcc7e6fd2885b5dc948e5061d8377c0b5b28b35914,D:\工作空间\测井\cross_well_dg\configs\paper_r3_multirep.yaml,ea62f8ae5930e5f7fbbbf62f3a04935103fbe7cd6b29e12016e0206f1592c23a,a9584710f6740238911d842e0e49d5039400bf72c84a40e420357b244e624b41,43041111a78dd4726423d9f43fb9a3cc00d7284ebd9c49071c459697b99c0e87,91c87c5b4f834397daa00b01ae727b059675863211f044645de62d451cfb8c46,0.3435574445344716,results\multirep\details\parent_grouped\seed163_lgbm_hybrid.json,347.93
parent_grouped,protocol1_parent_grouped_wells,163,lgbm_hybrid_while,closed_set,closed_set,0.3010765663981512,0.5853358348968105,0.1616057220013648,0.2182969136288406,0.39878450128666254,0.12120429150102359,0.13183032717517057,985165,246343,199875,0,0,0,12,Sandstone|Shale|Sandstone/Shale|Limestone|Chalk|Dolomite|Marl|Anhydrite|Halite|Coal|Basement|Tuff,327.54,r3_fullcurve_stats_20260930,hybrid,False,causal,full_curve,f4dff61307f0f2e705e9f9716f85c06458eb17f7,False,84a59b18b9d77acfd78337dcc7e6fd2885b5dc948e5061d8377c0b5b28b35914,D:\工作空间\测井\cross_well_dg\configs\paper_r3_multirep.yaml,ea62f8ae5930e5f7fbbbf62f3a04935103fbe7cd6b29e12016e0206f1592c23a,80f751dcf6b86b3652b6c19bb1a93794dc1505ee4ff531e017226f9a7d9ef995,43041111a78dd4726423d9f43fb9a3cc00d7284ebd9c49071c459697b99c0e87,91c87c5b4f834397daa00b01ae727b059675863211f044645de62d451cfb8c46,0.3573665001411232,results\multirep\details\parent_grouped\seed163_lgbm_hybrid_while.json,327.7
parent_grouped,protocol1_parent_grouped_wells,163,lgbm_hybrid_smooth,closed_set,closed_set,0.3499496542755534,0.6768180112570357,0.16143622974039432,0.20582234193259025,0.4238273145999278,0.12107717230529574,0.14195441123914718,985165,246343,199875,0,0,0,12,Sandstone|Shale|Sandstone/Shale|Limestone|Chalk|Dolomite|Marl|Anhydrite|Halite|Coal|Basement|Tuff,357.37,r3_fullcurve_stats_20260930,hybrid,True,full,full_curve,f4dff61307f0f2e705e9f9716f85c06458eb17f7,False,84a59b18b9d77acfd78337dcc7e6fd2885b5dc948e5061d8377c0b5b28b35914,D:\工作空间\测井\cross_well_dg\configs\paper_r3_multirep.yaml,ea62f8ae5930e5f7fbbbf62f3a04935103fbe7cd6b29e12016e0206f1592c23a,a9584710f6740238911d842e0e49d5039400bf72c84a40e420357b244e624b41,43041111a78dd4726423d9f43fb9a3cc00d7284ebd9c49071c459697b99c0e87,91c87c5b4f834397daa00b01ae727b059675863211f044645de62d451cfb8c46,0.34529749754201844,results\multirep\details\parent_grouped\seed163_lgbm_hybrid_smooth.json,357.53
parent_grouped,protocol1_parent_grouped_wells,167,lgbm_global,closed_set,closed_set,0.3640352785685701,0.5713859179560455,0.1893885270863976,0.2282948724484526,0.42750610659784777,0.1420413953147982,0.14808594436880515,951064,292761,187558,0,0,0,12,Sandstone|Shale|Sandstone/Shale|Limestone|Chalk|Dolomite|Marl|Anhydrite|Halite|Coal|Basement|Tuff,329.94,r3_fullcurve_stats_20260930,global,False,full,full_curve,f4dff61307f0f2e705e9f9716f85c06458eb17f7,False,84a59b18b9d77acfd78337dcc7e6fd2885b5dc948e5061d8377c0b5b28b35914,D:\工作空间\测井\cross_well_dg\configs\paper_r3_multirep.yaml,38e2ee6171be2e874b657c71766d31c73ef56825d10053dcdc87fa903dc47557,9d2c7ad879a80eef284e32d0dadee42e995aeacfcc54dedeef5e09c73767b0b5,43041111a78dd4726423d9f43fb9a3cc00d7284ebd9c49071c459697b99c0e87,91c87c5b4f834397daa00b01ae727b059675863211f044645de62d451cfb8c46,0.3294679700513559,results\multirep\details\parent_grouped\seed167_lgbm_global.json,330.09
parent_grouped,protocol1_parent_grouped_wells,167,lgbm_wellnorm,closed_set,closed_set,0.2809318070889883,0.6117574297017456,0.13202813910823924,0.13320675269333318,0.3766597543086285,0.06719268313921355,0.07702141802220616,951064,292761,187558,0,0,0,12,Sandstone|Shale|Sandstone/Shale|Limestone|Chalk|Dolomite|Marl|Anhydrite|Halite|Coal|Basement|Tuff,371.88,r3_fullcurve_stats_20260930,wellnorm,True,full,full_curve,f4dff61307f0f2e705e9f9716f85c06458eb17f7,False,84a59b18b9d77acfd78337dcc7e6fd2885b5dc948e5061d8377c0b5b28b35914,D:\工作空间\测井\cross_well_dg\configs\paper_r3_multirep.yaml,38e2ee6171be2e874b657c71766d31c73ef56825d10053dcdc87fa903dc47557,5bebe90abf4e23ffaf8aaf20db4953bcbf6850267df7c4799e66fe2b05f01ac3,43041111a78dd4726423d9f43fb9a3cc00d7284ebd9c49071c459697b99c0e87,91c87c5b4f834397daa00b01ae727b059675863211f044645de62d451cfb8c46,0.2961160805038874,results\multirep\details\parent_grouped\seed167_lgbm_wellnorm.json,371.99
parent_grouped,protocol1_parent_grouped_wells,167,lgbm_hybrid_norel,closed_set,closed_set,0.4778042803181613,0.6728052122543426,0.16037192738613304,0.20893270601927816,0.4274173789824154,0.0801859636930665,0.09441533016293367,951064,292761,187558,0,0,0,12,Sandstone|Shale|Sandstone/Shale|Limestone|Chalk|Dolomite|Marl|Anhydrite|Halite|Coal|Basement|Tuff,431.96,r3_fullcurve_stats_20260930,hybrid,False,full,full_curve,f4dff61307f0f2e705e9f9716f85c06458eb17f7,False,84a59b18b9d77acfd78337dcc7e6fd2885b5dc948e5061d8377c0b5b28b35914,D:\工作空间\测井\cross_well_dg\configs\paper_r3_multirep.yaml,38e2ee6171be2e874b657c71766d31c73ef56825d10053dcdc87fa903dc47557,541d91be3eb41014f35c930411cfd23c85379321ea069333a4b0bf8e44def757,43041111a78dd4726423d9f43fb9a3cc00d7284ebd9c49071c459697b99c0e87,91c87c5b4f834397daa00b01ae727b059675863211f044645de62d451cfb8c46,0.31514830286191087,results\multirep\details\parent_grouped\seed167_lgbm_hybrid_norel.json,432.07
parent_grouped,protocol1_parent_grouped_wells,167,lgbm_hybrid,closed_set,closed_set,0.4325791546485716,0.6661725972765757,0.21797040026458261,0.2253380978805379,0.4360169309994717,0.09696074812353883,0.10297297412791506,951064,292761,187558,0,0,0,12,Sandstone|Shale|Sandstone/Shale|Limestone|Chalk|Dolomite|Marl|Anhydrite|Halite|Coal|Basement|Tuff,441.83,r3_fullcurve_stats_20260930,hybrid,True,full,full_curve,f4dff61307f0f2e705e9f9716f85c06458eb17f7,False,84a59b18b9d77acfd78337dcc7e6fd2885b5dc948e5061d8377c0b5b28b35914,D:\工作空间\测井\cross_well_dg\configs\paper_r3_multirep.yaml,38e2ee6171be2e874b657c71766d31c73ef56825d10053dcdc87fa903dc47557,a9584710f6740238911d842e0e49d5039400bf72c84a40e420357b244e624b41,43041111a78dd4726423d9f43fb9a3cc00d7284ebd9c49071c459697b99c0e87,91c87c5b4f834397daa00b01ae727b059675863211f044645de62d451cfb8c46,0.3391572896111305,results\multirep\details\parent_grouped\seed167_lgbm_hybrid.json,441.96
parent_grouped,protocol1_parent_grouped_wells,167,lgbm_hybrid_while,closed_set,closed_set,0.40711373786701766,0.6328495718657695,0.160533230833741,0.2215077956900923,0.4193980880207547,0.06688884618072542,0.10958385151705263,951064,292761,187558,0,0,0,12,Sandstone|Shale|Sandstone/Shale|Limestone|Chalk|Dolomite|Marl|Anhydrite|Halite|Coal|Basement|Tuff,476.99,r3_fullcurve_stats_20260930,hybrid,False,causal,full_curve,f4dff61307f0f2e705e9f9716f85c06458eb17f7,False,84a59b18b9d77acfd78337dcc7e6fd2885b5dc948e5061d8377c0b5b28b35914,D:\工作空间\测井\cross_well_dg\configs\paper_r3_multirep.yaml,38e2ee6171be2e874b657c71766d31c73ef56825d10053dcdc87fa903dc47557,80f751dcf6b86b3652b6c19bb1a93794dc1505ee4ff531e017226f9a7d9ef995,43041111a78dd4726423d9f43fb9a3cc00d7284ebd9c49071c459697b99c0e87,91c87c5b4f834397daa00b01ae727b059675863211f044645de62d451cfb8c46,0.33762390554920857,results\multirep\details\parent_grouped\seed167_lgbm_hybrid_while.json,477.12
parent_grouped,protocol1_parent_grouped_wells,167,lgbm_hybrid_smooth,closed_set,closed_set,0.4343939280410289,0.670102048433018,0.22307883417254257,0.22637154518544483,0.4370384973774263,0.09569344008264462,0.10361642858445795,951064,292761,187558,0,0,0,12,Sandstone|Shale|Sandstone/Shale|Limestone|Chalk|Dolomite|Marl|Anhydrite|Halite|Coal|Basement|Tuff,465.21,r3_fullcurve_stats_20260930,hybrid,True,full,full_curve,f4dff61307f0f2e705e9f9716f85c06458eb17f7,False,84a59b18b9d77acfd78337dcc7e6fd2885b5dc948e5061d8377c0b5b28b35914,D:\工作空间\测井\cross_well_dg\configs\paper_r3_multirep.yaml,38e2ee6171be2e874b657c71766d31c73ef56825d10053dcdc87fa903dc47557,a9584710f6740238911d842e0e49d5039400bf72c84a40e420357b244e624b41,43041111a78dd4726423d9f43fb9a3cc00d7284ebd9c49071c459697b99c0e87,91c87c5b4f834397daa00b01ae727b059675863211f044645de62d451cfb8c46,0.3424797489686161,results\multirep\details\parent_grouped\seed167_lgbm_hybrid_smooth.json,465.34
parent_grouped,protocol1_parent_grouped_wells,173,lgbm_global,closed_set,closed_set,0.32053836153089516,0.5251405833799204,0.2680601087095498,0.26826631913989013,0.3724267237510659,0.14061999518864787,0.14176872550691771,947453,270926,212863,0,141,141,11,Sandstone|Shale|Sandstone/Shale|Limestone|Chalk|Dolomite|Marl|Anhydrite|Halite|Coal|Tuff,327.06,r3_fullcurve_stats_20260930,global,False,full,full_curve,f4dff61307f0f2e705e9f9716f85c06458eb17f7,False,84a59b18b9d77acfd78337dcc7e6fd2885b5dc948e5061d8377c0b5b28b35914,D:\工作空间\测井\cross_well_dg\configs\paper_r3_multirep.yaml,1e71bc258ea47aa12da474420d3dfac434191e968553902d2d01c059b5ce202a,9d2c7ad879a80eef284e32d0dadee42e995aeacfcc54dedeef5e09c73767b0b5,43041111a78dd4726423d9f43fb9a3cc00d7284ebd9c49071c459697b99c0e87,91c87c5b4f834397daa00b01ae727b059675863211f044645de62d451cfb8c46,0.31872517728396454,results\multirep\details\parent_grouped\seed173_lgbm_global.json,327.2
parent_grouped,protocol1_parent_grouped_wells,173,lgbm_wellnorm,closed_set,closed_set,0.2719509792431687,0.6606643709803959,0.2144591123009565,0.2321125356488386,0.37127042930075865,0.11352998136214577,0.12746173902276883,947453,270926,212863,0,141,141,11,Sandstone|Shale|Sandstone/Shale|Limestone|Chalk|Dolomite|Marl|Anhydrite|Halite|Coal|Tuff,257.08,r3_fullcurve_stats_20260930,wellnorm,True,full,full_curve,f4dff61307f0f2e705e9f9716f85c06458eb17f7,False,84a59b18b9d77acfd78337dcc7e6fd2885b5dc948e5061d8377c0b5b28b35914,D:\工作空间\测井\cross_well_dg\configs\paper_r3_multirep.yaml,1e71bc258ea47aa12da474420d3dfac434191e968553902d2d01c059b5ce202a,5bebe90abf4e23ffaf8aaf20db4953bcbf6850267df7c4799e66fe2b05f01ac3,43041111a78dd4726423d9f43fb9a3cc00d7284ebd9c49071c459697b99c0e87,91c87c5b4f834397daa00b01ae727b059675863211f044645de62d451cfb8c46,0.2590489220594009,results\multirep\details\parent_grouped\seed173_lgbm_wellnorm.json,257.23
parent_grouped,protocol1_parent_grouped_wells,173,lgbm_hybrid_norel,closed_set,closed_set,0.3552902622738456,0.6262807533483978,0.2758798304522405,0.3022913034876779,0.4148799304415939,0.14941035296505242,0.15939904164996965,947453,270926,212863,0,141,141,11,Sandstone|Shale|Sandstone/Shale|Limestone|Chalk|Dolomite|Marl|Anhydrite|Halite|Coal|Tuff,431.79,r3_fullcurve_stats_20260930,hybrid,False,full,full_curve,f4dff61307f0f2e705e9f9716f85c06458eb17f7,False,84a59b18b9d77acfd78337dcc7e6fd2885b5dc948e5061d8377c0b5b28b35914,D:\工作空间\测井\cross_well_dg\configs\paper_r3_multirep.yaml,1e71bc258ea47aa12da474420d3dfac434191e968553902d2d01c059b5ce202a,541d91be3eb41014f35c930411cfd23c85379321ea069333a4b0bf8e44def757,43041111a78dd4726423d9f43fb9a3cc00d7284ebd9c49071c459697b99c0e87,91c87c5b4f834397daa00b01ae727b059675863211f044645de62d451cfb8c46,0.42109148249317546,results\multirep\details\parent_grouped\seed173_lgbm_hybrid_norel.json,431.91
parent_grouped,protocol1_parent_grouped_wells,173,lgbm_hybrid,closed_set,closed_set,0.3128348472647551,0.6485485969849152,0.2519941649848186,0.28664441052278916,0.4145077640628289,0.15116916961999508,0.1593917009491388,947453,270926,212863,0,141,141,11,Sandstone|Shale|Sandstone/Shale|Limestone|Chalk|Dolomite|Marl|Anhydrite|Halite|Coal|Tuff,406.93,r3_fullcurve_stats_20260930,hybrid,True,full,full_curve,f4dff61307f0f2e705e9f9716f85c06458eb17f7,False,84a59b18b9d77acfd78337dcc7e6fd2885b5dc948e5061d8377c0b5b28b35914,D:\工作空间\测井\cross_well_dg\configs\paper_r3_multirep.yaml,1e71bc258ea47aa12da474420d3dfac434191e968553902d2d01c059b5ce202a,a9584710f6740238911d842e0e49d5039400bf72c84a40e420357b244e624b41,43041111a78dd4726423d9f43fb9a3cc00d7284ebd9c49071c459697b99c0e87,91c87c5b4f834397daa00b01ae727b059675863211f044645de62d451cfb8c46,0.3721594975833351,results\multirep\details\parent_grouped\seed173_lgbm_hybrid.json,407.06
parent_grouped,protocol1_parent_grouped_wells,173,lgbm_hybrid_while,closed_set,closed_set,0.3803677211800685,0.6488915405683467,0.2877037747013935,0.3008090625652319,0.4246201171581403,0.15544187636873327,0.16333394284684036,947453,270926,212863,0,141,141,11,Sandstone|Shale|Sandstone/Shale|Limestone|Chalk|Dolomite|Marl|Anhydrite|Halite|Coal|Tuff,463.01,r3_fullcurve_stats_20260930,hybrid,False,causal,full_curve,f4dff61307f0f2e705e9f9716f85c06458eb17f7,False,84a59b18b9d77acfd78337dcc7e6fd2885b5dc948e5061d8377c0b5b28b35914,D:\工作空间\测井\cross_well_dg\configs\paper_r3_multirep.yaml,1e71bc258ea47aa12da474420d3dfac434191e968553902d2d01c059b5ce202a,80f751dcf6b86b3652b6c19bb1a93794dc1505ee4ff531e017226f9a7d9ef995,43041111a78dd4726423d9f43fb9a3cc00d7284ebd9c49071c459697b99c0e87,91c87c5b4f834397daa00b01ae727b059675863211f044645de62d451cfb8c46,0.43945695550857805,results\multirep\details\parent_grouped\seed173_lgbm_hybrid_while.json,463.12
parent_grouped,protocol1_parent_grouped_wells,173,lgbm_hybrid_smooth,closed_set,closed_set,0.31508985153100755,0.6534672535856396,0.2546070333323202,0.2876733109407742,0.4149722113424076,0.14859473193767922,0.15897639702766925,947453,270926,212863,0,141,141,11,Sandstone|Shale|Sandstone/Shale|Limestone|Chalk|Dolomite|Marl|Anhydrite|Halite|Coal|Tuff,434.8,r3_fullcurve_stats_20260930,hybrid,True,full,full_curve,f4dff61307f0f2e705e9f9716f85c06458eb17f7,False,84a59b18b9d77acfd78337dcc7e6fd2885b5dc948e5061d8377c0b5b28b35914,D:\工作空间\测井\cross_well_dg\configs\paper_r3_multirep.yaml,1e71bc258ea47aa12da474420d3dfac434191e968553902d2d01c059b5ce202a,a9584710f6740238911d842e0e49d5039400bf72c84a40e420357b244e624b41,43041111a78dd4726423d9f43fb9a3cc00d7284ebd9c49071c459697b99c0e87,91c87c5b4f834397daa00b01ae727b059675863211f044645de62d451cfb8c46,0.3730769991575867,results\multirep\details\parent_grouped\seed173_lgbm_hybrid_smooth.json,434.96
parent_grouped,protocol1_parent_grouped_wells,179,lgbm_global,closed_set,closed_set,0.36898372804871377,0.6022944227617552,0.17282125170945892,0.17442897568699134,0.3815154374717381,0.11521416780630594,0.1309557087633712,973043,221592,236748,0,0,0,12,Sandstone|Shale|Sandstone/Shale|Limestone|Chalk|Dolomite|Marl|Anhydrite|Halite|Coal|Basement|Tuff,311.76,r3_fullcurve_stats_20260930,global,False,full,full_curve,f4dff61307f0f2e705e9f9716f85c06458eb17f7,False,84a59b18b9d77acfd78337dcc7e6fd2885b5dc948e5061d8377c0b5b28b35914,D:\工作空间\测井\cross_well_dg\configs\paper_r3_multirep.yaml,3f43521279f65a3462d1109a1286e5dabd140ad99dc23f4c67c9d99bfcfaa3c7,9d2c7ad879a80eef284e32d0dadee42e995aeacfcc54dedeef5e09c73767b0b5,43041111a78dd4726423d9f43fb9a3cc00d7284ebd9c49071c459697b99c0e87,91c87c5b4f834397daa00b01ae727b059675863211f044645de62d451cfb8c46,0.35677844217052856,results\multirep\details\parent_grouped\seed179_lgbm_global.json,311.87
parent_grouped,protocol1_parent_grouped_wells,179,lgbm_wellnorm,closed_set,closed_set,0.33700683501872686,0.6259313700643723,0.12298998912801196,0.1559540288654863,0.3592711892121323,0.10249165760667663,0.11421851833765853,973043,221592,236748,0,0,0,12,Sandstone|Shale|Sandstone/Shale|Limestone|Chalk|Dolomite|Marl|Anhydrite|Halite|Coal|Basement|Tuff,378.04,r3_fullcurve_stats_20260930,wellnorm,True,full,full_curve,f4dff61307f0f2e705e9f9716f85c06458eb17f7,False,84a59b18b9d77acfd78337dcc7e6fd2885b5dc948e5061d8377c0b5b28b35914,D:\工作空间\测井\cross_well_dg\configs\paper_r3_multirep.yaml,3f43521279f65a3462d1109a1286e5dabd140ad99dc23f4c67c9d99bfcfaa3c7,5bebe90abf4e23ffaf8aaf20db4953bcbf6850267df7c4799e66fe2b05f01ac3,43041111a78dd4726423d9f43fb9a3cc00d7284ebd9c49071c459697b99c0e87,91c87c5b4f834397daa00b01ae727b059675863211f044645de62d451cfb8c46,0.3120263679620719,results\multirep\details\parent_grouped\seed179_lgbm_wellnorm.json,378.18
parent_grouped,protocol1_parent_grouped_wells,179,lgbm_hybrid_norel,closed_set,closed_set,0.368971198475213,0.6398364505719162,0.12319715274977537,0.12668525605519815,0.4034815299181732,0.08213143516651691,0.0953046173168505,973043,221592,236748,0,0,0,12,Sandstone|Shale|Sandstone/Shale|Limestone|Chalk|Dolomite|Marl|Anhydrite|Halite|Coal|Basement|Tuff,452.6,r3_fullcurve_stats_20260930,hybrid,False,full,full_curve,f4dff61307f0f2e705e9f9716f85c06458eb17f7,False,84a59b18b9d77acfd78337dcc7e6fd2885b5dc948e5061d8377c0b5b28b35914,D:\工作空间\测井\cross_well_dg\configs\paper_r3_multirep.yaml,3f43521279f65a3462d1109a1286e5dabd140ad99dc23f4c67c9d99bfcfaa3c7,541d91be3eb41014f35c930411cfd23c85379321ea069333a4b0bf8e44def757,43041111a78dd4726423d9f43fb9a3cc00d7284ebd9c49071c459697b99c0e87,91c87c5b4f834397daa00b01ae727b059675863211f044645de62d451cfb8c46,0.32350201252754984,results\multirep\details\parent_grouped\seed179_lgbm_hybrid_norel.json,452.74
parent_grouped,protocol1_parent_grouped_wells,179,lgbm_hybrid,closed_set,closed_set,0.3837740107086775,0.6493064355348303,0.104621755378923,0.1409722313140276,0.41157765944929137,0.0871847961491025,0.10269996715759533,973043,221592,236748,0,0,0,12,Sandstone|Shale|Sandstone/Shale|Limestone|Chalk|Dolomite|Marl|Anhydrite|Halite|Coal|Basement|Tuff,399.97,r3_fullcurve_stats_20260930,hybrid,True,full,full_curve,f4dff61307f0f2e705e9f9716f85c06458eb17f7,False,84a59b18b9d77acfd78337dcc7e6fd2885b5dc948e5061d8377c0b5b28b35914,D:\工作空间\测井\cross_well_dg\configs\paper_r3_multirep.yaml,3f43521279f65a3462d1109a1286e5dabd140ad99dc23f4c67c9d99bfcfaa3c7,a9584710f6740238911d842e0e49d5039400bf72c84a40e420357b244e624b41,43041111a78dd4726423d9f43fb9a3cc00d7284ebd9c49071c459697b99c0e87,91c87c5b4f834397daa00b01ae727b059675863211f044645de62d451cfb8c46,0.3420581304929606,results\multirep\details\parent_grouped\seed179_lgbm_hybrid.json,400.1
parent_grouped,protocol1_parent_grouped_wells,179,lgbm_hybrid_while,closed_set,closed_set,0.3597765610861314,0.6450994306182101,0.12266977549143909,0.1311416821111108,0.408807755618894,0.09307572582052166,0.09765026936502712,973043,221592,236748,0,0,0,12,Sandstone|Shale|Sandstone/Shale|Limestone|Chalk|Dolomite|Marl|Anhydrite|Halite|Coal|Basement|Tuff,461.76,r3_fullcurve_stats_20260930,hybrid,False,causal,full_curve,f4dff61307f0f2e705e9f9716f85c06458eb17f7,False,84a59b18b9d77acfd78337dcc7e6fd2885b5dc948e5061d8377c0b5b28b35914,D:\工作空间\测井\cross_well_dg\configs\paper_r3_multirep.yaml,3f43521279f65a3462d1109a1286e5dabd140ad99dc23f4c67c9d99bfcfaa3c7,80f751dcf6b86b3652b6c19bb1a93794dc1505ee4ff531e017226f9a7d9ef995,43041111a78dd4726423d9f43fb9a3cc00d7284ebd9c49071c459697b99c0e87,91c87c5b4f834397daa00b01ae727b059675863211f044645de62d451cfb8c46,0.34412082785139303,results\multirep\details\parent_grouped\seed179_lgbm_hybrid_while.json,461.9
parent_grouped,protocol1_parent_grouped_wells,179,lgbm_hybrid_smooth,closed_set,closed_set,0.38685403845979943,0.6539865173095444,0.10332733328719437,0.13866923722424196,0.4150070923753442,0.08610611107266197,0.10105676925676083,973043,221592,236748,0,0,0,12,Sandstone|Shale|Sandstone/Shale|Limestone|Chalk|Dolomite|Marl|Anhydrite|Halite|Coal|Basement|Tuff,422.53,r3_fullcurve_stats_20260930,hybrid,True,full,full_curve,f4dff61307f0f2e705e9f9716f85c06458eb17f7,False,84a59b18b9d77acfd78337dcc7e6fd2885b5dc948e5061d8377c0b5b28b35914,D:\工作空间\测井\cross_well_dg\configs\paper_r3_multirep.yaml,3f43521279f65a3462d1109a1286e5dabd140ad99dc23f4c67c9d99bfcfaa3c7,a9584710f6740238911d842e0e49d5039400bf72c84a40e420357b244e624b41,43041111a78dd4726423d9f43fb9a3cc00d7284ebd9c49071c459697b99c0e87,91c87c5b4f834397daa00b01ae727b059675863211f044645de62d451cfb8c46,0.3435160862617725,results\multirep\details\parent_grouped\seed179_lgbm_hybrid_smooth.json,422.67
parent_grouped,protocol1_parent_grouped_wells,181,lgbm_global,closed_set,closed_set,0.40217251849330005,0.6310180758286195,0.18830615656959332,0.20555874408770322,0.3577317897538164,0.08559370753163333,0.10992768822518911,987379,183460,260403,0,141,141,11,Sandstone|Shale|Sandstone/Shale|Limestone|Chalk|Dolomite|Marl|Anhydrite|Halite|Coal|Tuff,331.39,r3_fullcurve_stats_20260930,global,False,full,full_curve,f4dff61307f0f2e705e9f9716f85c06458eb17f7,False,84a59b18b9d77acfd78337dcc7e6fd2885b5dc948e5061d8377c0b5b28b35914,D:\工作空间\测井\cross_well_dg\configs\paper_r3_multirep.yaml,59461a6c00eff3508d4258e7ee410d90b14715e99480baf8007b444eef7981ce,9d2c7ad879a80eef284e32d0dadee42e995aeacfcc54dedeef5e09c73767b0b5,43041111a78dd4726423d9f43fb9a3cc00d7284ebd9c49071c459697b99c0e87,91c87c5b4f834397daa00b01ae727b059675863211f044645de62d451cfb8c46,0.33483772065447154,results\multirep\details\parent_grouped\seed181_lgbm_global.json,331.55
parent_grouped,protocol1_parent_grouped_wells,181,lgbm_wellnorm,closed_set,closed_set,0.3670017630627069,0.6432375971090963,0.20788578937692873,0.22987183463745453,0.35446675928608146,0.09449354062587671,0.10448719756247933,987379,183460,260403,0,141,141,11,Sandstone|Shale|Sandstone/Shale|Limestone|Chalk|Dolomite|Marl|Anhydrite|Halite|Coal|Tuff,368.59,r3_fullcurve_stats_20260930,wellnorm,True,full,full_curve,f4dff61307f0f2e705e9f9716f85c06458eb17f7,False,84a59b18b9d77acfd78337dcc7e6fd2885b5dc948e5061d8377c0b5b28b35914,D:\工作空间\测井\cross_well_dg\configs\paper_r3_multirep.yaml,59461a6c00eff3508d4258e7ee410d90b14715e99480baf8007b444eef7981ce,5bebe90abf4e23ffaf8aaf20db4953bcbf6850267df7c4799e66fe2b05f01ac3,43041111a78dd4726423d9f43fb9a3cc00d7284ebd9c49071c459697b99c0e87,91c87c5b4f834397daa00b01ae727b059675863211f044645de62d451cfb8c46,0.2801903439895266,results\multirep\details\parent_grouped\seed181_lgbm_wellnorm.json,368.69
parent_grouped,protocol1_parent_grouped_wells,181,lgbm_hybrid_norel,closed_set,closed_set,0.4190813756040635,0.6804952323897958,0.0994799831578668,0.19038869125101837,0.37389167076797514,0.04521817416266672,0.08654031420500834,987379,183460,260403,0,141,141,11,Sandstone|Shale|Sandstone/Shale|Limestone|Chalk|Dolomite|Marl|Anhydrite|Halite|Coal|Tuff,464.59,r3_fullcurve_stats_20260930,hybrid,False,full,full_curve,f4dff61307f0f2e705e9f9716f85c06458eb17f7,False,84a59b18b9d77acfd78337dcc7e6fd2885b5dc948e5061d8377c0b5b28b35914,D:\工作空间\测井\cross_well_dg\configs\paper_r3_multirep.yaml,59461a6c00eff3508d4258e7ee410d90b14715e99480baf8007b444eef7981ce,541d91be3eb41014f35c930411cfd23c85379321ea069333a4b0bf8e44def757,43041111a78dd4726423d9f43fb9a3cc00d7284ebd9c49071c459697b99c0e87,91c87c5b4f834397daa00b01ae727b059675863211f044645de62d451cfb8c46,0.3580910592715247,results\multirep\details\parent_grouped\seed181_lgbm_hybrid_norel.json,464.72
parent_grouped,protocol1_parent_grouped_wells,181,lgbm_hybrid,closed_set,closed_set,0.40362370749299237,0.6731642876618165,0.1267880229975675,0.21596176157508473,0.3829361366682383,0.05763091954434887,0.099748815425277,987379,183460,260403,0,141,141,11,Sandstone|Shale|Sandstone/Shale|Limestone|Chalk|Dolomite|Marl|Anhydrite|Halite|Coal|Tuff,422.47,r3_fullcurve_stats_20260930,hybrid,True,full,full_curve,f4dff61307f0f2e705e9f9716f85c06458eb17f7,False,84a59b18b9d77acfd78337dcc7e6fd2885b5dc948e5061d8377c0b5b28b35914,D:\工作空间\测井\cross_well_dg\configs\paper_r3_multirep.yaml,59461a6c00eff3508d4258e7ee410d90b14715e99480baf8007b444eef7981ce,a9584710f6740238911d842e0e49d5039400bf72c84a40e420357b244e624b41,43041111a78dd4726423d9f43fb9a3cc00d7284ebd9c49071c459697b99c0e87,91c87c5b4f834397daa00b01ae727b059675863211f044645de62d451cfb8c46,0.3718179399173118,results\multirep\details\parent_grouped\seed181_lgbm_hybrid.json,422.6
parent_grouped,protocol1_parent_grouped_wells,181,lgbm_hybrid_while,closed_set,closed_set,0.42684091273149655,0.6541783312788255,0.15424825650888013,0.20700541114340817,0.37359421167078005,0.07011284386767279,0.10027306071329353,987379,183460,260403,0,141,141,11,Sandstone|Shale|Sandstone/Shale|Limestone|Chalk|Dolomite|Marl|Anhydrite|Halite|Coal|Tuff,466.94,r3_fullcurve_stats_20260930,hybrid,False,causal,full_curve,f4dff61307f0f2e705e9f9716f85c06458eb17f7,False,84a59b18b9d77acfd78337dcc7e6fd2885b5dc948e5061d8377c0b5b28b35914,D:\工作空间\测井\cross_well_dg\configs\paper_r3_multirep.yaml,59461a6c00eff3508d4258e7ee410d90b14715e99480baf8007b444eef7981ce,80f751dcf6b86b3652b6c19bb1a93794dc1505ee4ff531e017226f9a7d9ef995,43041111a78dd4726423d9f43fb9a3cc00d7284ebd9c49071c459697b99c0e87,91c87c5b4f834397daa00b01ae727b059675863211f044645de62d451cfb8c46,0.40600322092400065,results\multirep\details\parent_grouped\seed181_lgbm_hybrid_while.json,467.14
parent_grouped,protocol1_parent_grouped_wells,181,lgbm_hybrid_smooth,closed_set,closed_set,0.40632242654479267,0.6782141526787325,0.12553938440396759,0.2136258322289139,0.3790471281031261,0.057063356547258,0.0971699498945923,987379,183460,260403,0,141,141,11,Sandstone|Shale|Sandstone/Shale|Limestone|Chalk|Dolomite|Marl|Anhydrite|Halite|Coal|Tuff,439.02,r3_fullcurve_stats_20260930,hybrid,True,full,full_curve,f4dff61307f0f2e705e9f9716f85c06458eb17f7,False,84a59b18b9d77acfd78337dcc7e6fd2885b5dc948e5061d8377c0b5b28b35914,D:\工作空间\测井\cross_well_dg\configs\paper_r3_multirep.yaml,59461a6c00eff3508d4258e7ee410d90b14715e99480baf8007b444eef7981ce,a9584710f6740238911d842e0e49d5039400bf72c84a40e420357b244e624b41,43041111a78dd4726423d9f43fb9a3cc00d7284ebd9c49071c459697b99c0e87,91c87c5b4f834397daa00b01ae727b059675863211f044645de62d451cfb8c46,0.37470868026470205,results\multirep\details\parent_grouped\seed181_lgbm_hybrid_smooth.json,439.18
parent_grouped,protocol1_parent_grouped_wells,191,lgbm_global,closed_set,closed_set,0.36716748037533675,0.6132426319222656,0.13146039237487903,0.158558878982951,0.41183377146338773,0.07668522888534611,0.0847569558404288,983957,211340,236086,0,0,0,12,Sandstone|Shale|Sandstone/Shale|Limestone|Chalk|Dolomite|Marl|Anhydrite|Halite|Coal|Basement|Tuff,291.05,r3_fullcurve_stats_20260930,global,False,full,full_curve,f4dff61307f0f2e705e9f9716f85c06458eb17f7,False,84a59b18b9d77acfd78337dcc7e6fd2885b5dc948e5061d8377c0b5b28b35914,D:\工作空间\测井\cross_well_dg\configs\paper_r3_multirep.yaml,c1e54da5e8ee69efe03d87010bc21c1df8a8a6c7803cefb2af88b01e57647309,9d2c7ad879a80eef284e32d0dadee42e995aeacfcc54dedeef5e09c73767b0b5,43041111a78dd4726423d9f43fb9a3cc00d7284ebd9c49071c459697b99c0e87,91c87c5b4f834397daa00b01ae727b059675863211f044645de62d451cfb8c46,0.3248862297449946,results\multirep\details\parent_grouped\seed191_lgbm_global.json,291.2
parent_grouped,protocol1_parent_grouped_wells,191,lgbm_wellnorm,closed_set,closed_set,0.35620745804566534,0.6225612700456613,0.21804558597700072,0.23043144356033252,0.3632631402905135,0.10117387547652679,0.10491759715556093,983957,211340,236086,0,0,0,12,Sandstone|Shale|Sandstone/Shale|Limestone|Chalk|Dolomite|Marl|Anhydrite|Halite|Coal|Basement|Tuff,350.71,r3_fullcurve_stats_20260930,wellnorm,True,full,full_curve,f4dff61307f0f2e705e9f9716f85c06458eb17f7,False,84a59b18b9d77acfd78337dcc7e6fd2885b5dc948e5061d8377c0b5b28b35914,D:\工作空间\测井\cross_well_dg\configs\paper_r3_multirep.yaml,c1e54da5e8ee69efe03d87010bc21c1df8a8a6c7803cefb2af88b01e57647309,5bebe90abf4e23ffaf8aaf20db4953bcbf6850267df7c4799e66fe2b05f01ac3,43041111a78dd4726423d9f43fb9a3cc00d7284ebd9c49071c459697b99c0e87,91c87c5b4f834397daa00b01ae727b059675863211f044645de62d451cfb8c46,0.3429300001506129,results\multirep\details\parent_grouped\seed191_lgbm_wellnorm.json,350.81
parent_grouped,protocol1_parent_grouped_wells,191,lgbm_hybrid_norel,closed_set,closed_set,0.3792638899397536,0.6325618630499056,0.14994948778121567,0.1779711638808832,0.4018879758607845,0.07497474389060783,0.10615165193882081,983957,211340,236086,0,0,0,12,Sandstone|Shale|Sandstone/Shale|Limestone|Chalk|Dolomite|Marl|Anhydrite|Halite|Coal|Basement|Tuff,330.52,r3_fullcurve_stats_20260930,hybrid,False,full,full_curve,f4dff61307f0f2e705e9f9716f85c06458eb17f7,False,84a59b18b9d77acfd78337dcc7e6fd2885b5dc948e5061d8377c0b5b28b35914,D:\工作空间\测井\cross_well_dg\configs\paper_r3_multirep.yaml,c1e54da5e8ee69efe03d87010bc21c1df8a8a6c7803cefb2af88b01e57647309,541d91be3eb41014f35c930411cfd23c85379321ea069333a4b0bf8e44def757,43041111a78dd4726423d9f43fb9a3cc00d7284ebd9c49071c459697b99c0e87,91c87c5b4f834397daa00b01ae727b059675863211f044645de62d451cfb8c46,0.3433927126280125,results\multirep\details\parent_grouped\seed191_lgbm_hybrid_norel.json,330.69
parent_grouped,protocol1_parent_grouped_wells,191,lgbm_hybrid,closed_set,closed_set,0.38990757863729675,0.6609582948586532,0.20573135669500067,0.23524631537143703,0.41577914219791584,0.10286567834750032,0.12417993244996033,983957,211340,236086,0,0,0,12,Sandstone|Shale|Sandstone/Shale|Limestone|Chalk|Dolomite|Marl|Anhydrite|Halite|Coal|Basement|Tuff,372.4,r3_fullcurve_stats_20260930,hybrid,True,full,full_curve,f4dff61307f0f2e705e9f9716f85c06458eb17f7,False,84a59b18b9d77acfd78337dcc7e6fd2885b5dc948e5061d8377c0b5b28b35914,D:\工作空间\测井\cross_well_dg\configs\paper_r3_multirep.yaml,c1e54da5e8ee69efe03d87010bc21c1df8a8a6c7803cefb2af88b01e57647309,a9584710f6740238911d842e0e49d5039400bf72c84a40e420357b244e624b41,43041111a78dd4726423d9f43fb9a3cc00d7284ebd9c49071c459697b99c0e87,91c87c5b4f834397daa00b01ae727b059675863211f044645de62d451cfb8c46,0.3520740968737989,results\multirep\details\parent_grouped\seed191_lgbm_hybrid.json,372.55
parent_grouped,protocol1_parent_grouped_wells,191,lgbm_hybrid_while,closed_set,closed_set,0.3712094695378349,0.6210914666689258,0.14774391523794025,0.16026278434912655,0.4133526036905236,0.07387195761897013,0.08733062773540964,983957,211340,236086,0,0,0,12,Sandstone|Shale|Sandstone/Shale|Limestone|Chalk|Dolomite|Marl|Anhydrite|Halite|Coal|Basement|Tuff,350.94,r3_fullcurve_stats_20260930,hybrid,False,causal,full_curve,f4dff61307f0f2e705e9f9716f85c06458eb17f7,False,84a59b18b9d77acfd78337dcc7e6fd2885b5dc948e5061d8377c0b5b28b35914,D:\工作空间\测井\cross_well_dg\configs\paper_r3_multirep.yaml,c1e54da5e8ee69efe03d87010bc21c1df8a8a6c7803cefb2af88b01e57647309,80f751dcf6b86b3652b6c19bb1a93794dc1505ee4ff531e017226f9a7d9ef995,43041111a78dd4726423d9f43fb9a3cc00d7284ebd9c49071c459697b99c0e87,91c87c5b4f834397daa00b01ae727b059675863211f044645de62d451cfb8c46,0.3550982384690154,results\multirep\details\parent_grouped\seed191_lgbm_hybrid_while.json,351.11
parent_grouped,protocol1_parent_grouped_wells,191,lgbm_hybrid_smooth,closed_set,closed_set,0.39368841644814306,0.6647323432986285,0.21734048277657111,0.24051327242880588,0.416984598062373,0.10867024138828553,0.12636932928053904,983957,211340,236086,0,0,0,12,Sandstone|Shale|Sandstone/Shale|Limestone|Chalk|Dolomite|Marl|Anhydrite|Halite|Coal|Basement|Tuff,396.01,r3_fullcurve_stats_20260930,hybrid,True,full,full_curve,f4dff61307f0f2e705e9f9716f85c06458eb17f7,False,84a59b18b9d77acfd78337dcc7e6fd2885b5dc948e5061d8377c0b5b28b35914,D:\工作空间\测井\cross_well_dg\configs\paper_r3_multirep.yaml,c1e54da5e8ee69efe03d87010bc21c1df8a8a6c7803cefb2af88b01e57647309,a9584710f6740238911d842e0e49d5039400bf72c84a40e420357b244e624b41,43041111a78dd4726423d9f43fb9a3cc00d7284ebd9c49071c459697b99c0e87,91c87c5b4f834397daa00b01ae727b059675863211f044645de62d451cfb8c46,0.35505935995290216,results\multirep\details\parent_grouped\seed191_lgbm_hybrid_smooth.json,396.14
parent_grouped,protocol1_parent_grouped_wells,193,lgbm_global,closed_set,closed_set,0.3523217451843824,0.6239368299813945,0.24428800848618062,0.2507551468339329,0.3652674482202406,0.11910185689871644,0.12385649974477951,980143,180352,270888,0,0,0,12,Sandstone|Shale|Sandstone/Shale|Limestone|Chalk|Dolomite|Marl|Anhydrite|Halite|Coal|Basement|Tuff,195.38,r3_fullcurve_stats_20260930,global,False,full,full_curve,f4dff61307f0f2e705e9f9716f85c06458eb17f7,False,84a59b18b9d77acfd78337dcc7e6fd2885b5dc948e5061d8377c0b5b28b35914,D:\工作空间\测井\cross_well_dg\configs\paper_r3_multirep.yaml,af3eb5502b70b0bbb51e757239e8148621db139bb54fe71e0a8a73cae9d2e552,9d2c7ad879a80eef284e32d0dadee42e995aeacfcc54dedeef5e09c73767b0b5,43041111a78dd4726423d9f43fb9a3cc00d7284ebd9c49071c459697b99c0e87,91c87c5b4f834397daa00b01ae727b059675863211f044645de62d451cfb8c46,0.46271909928659816,results\multirep\details\parent_grouped\seed193_lgbm_global.json,195.5
parent_grouped,protocol1_parent_grouped_wells,193,lgbm_wellnorm,closed_set,closed_set,0.25942535895752833,0.6142723191872655,0.11970974899843398,0.17099519719428155,0.32436356040049247,0.08827973706087455,0.09401893061311811,980143,180352,270888,0,0,0,12,Sandstone|Shale|Sandstone/Shale|Limestone|Chalk|Dolomite|Marl|Anhydrite|Halite|Coal|Basement|Tuff,256.33,r3_fullcurve_stats_20260930,wellnorm,True,full,full_curve,f4dff61307f0f2e705e9f9716f85c06458eb17f7,False,84a59b18b9d77acfd78337dcc7e6fd2885b5dc948e5061d8377c0b5b28b35914,D:\工作空间\测井\cross_well_dg\configs\paper_r3_multirep.yaml,af3eb5502b70b0bbb51e757239e8148621db139bb54fe71e0a8a73cae9d2e552,5bebe90abf4e23ffaf8aaf20db4953bcbf6850267df7c4799e66fe2b05f01ac3,43041111a78dd4726423d9f43fb9a3cc00d7284ebd9c49071c459697b99c0e87,91c87c5b4f834397daa00b01ae727b059675863211f044645de62d451cfb8c46,0.38008355245514563,results\multirep\details\parent_grouped\seed193_lgbm_wellnorm.json,256.45
parent_grouped,protocol1_parent_grouped_wells,193,lgbm_hybrid_norel,closed_set,closed_set,0.3732842485474301,0.6624287528425031,0.25546712075645966,0.26599072654490213,0.3842665906527486,0.13737802093138965,0.14470015008394133,980143,180352,270888,0,0,0,12,Sandstone|Shale|Sandstone/Shale|Limestone|Chalk|Dolomite|Marl|Anhydrite|Halite|Coal|Basement|Tuff,340.74,r3_fullcurve_stats_20260930,hybrid,False,full,full_curve,f4dff61307f0f2e705e9f9716f85c06458eb17f7,False,84a59b18b9d77acfd78337dcc7e6fd2885b5dc948e5061d8377c0b5b28b35914,D:\工作空间\测井\cross_well_dg\configs\paper_r3_multirep.yaml,af3eb5502b70b0bbb51e757239e8148621db139bb54fe71e0a8a73cae9d2e552,541d91be3eb41014f35c930411cfd23c85379321ea069333a4b0bf8e44def757,43041111a78dd4726423d9f43fb9a3cc00d7284ebd9c49071c459697b99c0e87,91c87c5b4f834397daa00b01ae727b059675863211f044645de62d451cfb8c46,0.41987407824425915,results\multirep\details\parent_grouped\seed193_lgbm_hybrid_norel.json,340.87
parent_grouped,protocol1_parent_grouped_wells,193,lgbm_hybrid,closed_set,closed_set,0.36274714781005696,0.6784796668733941,0.1494746152559654,0.21653267573134843,0.38680358406024795,0.12456217937997116,0.13352008022505585,980143,180352,270888,0,0,0,12,Sandstone|Shale|Sandstone/Shale|Limestone|Chalk|Dolomite|Marl|Anhydrite|Halite|Coal|Basement|Tuff,309.64,r3_fullcurve_stats_20260930,hybrid,True,full,full_curve,f4dff61307f0f2e705e9f9716f85c06458eb17f7,False,84a59b18b9d77acfd78337dcc7e6fd2885b5dc948e5061d8377c0b5b28b35914,D:\工作空间\测井\cross_well_dg\configs\paper_r3_multirep.yaml,af3eb5502b70b0bbb51e757239e8148621db139bb54fe71e0a8a73cae9d2e552,a9584710f6740238911d842e0e49d5039400bf72c84a40e420357b244e624b41,43041111a78dd4726423d9f43fb9a3cc00d7284ebd9c49071c459697b99c0e87,91c87c5b4f834397daa00b01ae727b059675863211f044645de62d451cfb8c46,0.43936806324996297,results\multirep\details\parent_grouped\seed193_lgbm_hybrid.json,309.89
parent_grouped,protocol1_parent_grouped_wells,193,lgbm_hybrid_while,closed_set,closed_set,0.35952546019724835,0.6726765305218393,0.21743405917389244,0.25253334962056073,0.39305104813247776,0.14586066904940345,0.1575531838876118,980143,180352,270888,0,0,0,12,Sandstone|Shale|Sandstone/Shale|Limestone|Chalk|Dolomite|Marl|Anhydrite|Halite|Coal|Basement|Tuff,341.0,r3_fullcurve_stats_20260930,hybrid,False,causal,full_curve,f4dff61307f0f2e705e9f9716f85c06458eb17f7,False,84a59b18b9d77acfd78337dcc7e6fd2885b5dc948e5061d8377c0b5b28b35914,D:\工作空间\测井\cross_well_dg\configs\paper_r3_multirep.yaml,af3eb5502b70b0bbb51e757239e8148621db139bb54fe71e0a8a73cae9d2e552,80f751dcf6b86b3652b6c19bb1a93794dc1505ee4ff531e017226f9a7d9ef995,43041111a78dd4726423d9f43fb9a3cc00d7284ebd9c49071c459697b99c0e87,91c87c5b4f834397daa00b01ae727b059675863211f044645de62d451cfb8c46,0.4666307972422538,results\multirep\details\parent_grouped\seed193_lgbm_hybrid_while.json,341.14
parent_grouped,protocol1_parent_grouped_wells,193,lgbm_hybrid_smooth,closed_set,closed_set,0.36094288546868525,0.6813812350491716,0.14838731749609999,0.2139340384422912,0.3862919428463853,0.12365609791341665,0.13186630000787078,980143,180352,270888,0,0,0,12,Sandstone|Shale|Sandstone/Shale|Limestone|Chalk|Dolomite|Marl|Anhydrite|Halite|Coal|Basement|Tuff,333.43,r3_fullcurve_stats_20260930,hybrid,True,full,full_curve,f4dff61307f0f2e705e9f9716f85c06458eb17f7,False,84a59b18b9d77acfd78337dcc7e6fd2885b5dc948e5061d8377c0b5b28b35914,D:\工作空间\测井\cross_well_dg\configs\paper_r3_multirep.yaml,af3eb5502b70b0bbb51e757239e8148621db139bb54fe71e0a8a73cae9d2e552,a9584710f6740238911d842e0e49d5039400bf72c84a40e420357b244e624b41,43041111a78dd4726423d9f43fb9a3cc00d7284ebd9c49071c459697b99c0e87,91c87c5b4f834397daa00b01ae727b059675863211f044645de62d451cfb8c46,0.44165625332053565,results\multirep\details\parent_grouped\seed193_lgbm_hybrid_smooth.json,333.57
