split_mode,protocol,seed,method,label_regime,a_priori_regime,macro_f1,accuracy,worst_well_f1,worst10pct_well_f1,well_macro_f1_mean,worst_well_f1_fixed,worst10pct_well_f1_fixed,n_train,n_val,n_test,n_test_unseen_label_kept,n_val_dropped_unseen_label,n_val_dropped_unseen,n_fixed_labels,train_class_names,seconds,pipeline_version,feature_mode,use_relative_depth,well_z_mode,stats_support,git_commit,git_dirty,config_hash,config_path,split_hash,feature_param_hash,hash_labeled_parquet,hash_curves_all_parquet,val_open_macro_f1,details_path,wall_seconds
well_id,protocol1_random_wells,42,lgbm_global,closed_set,closed_set,0.4039949436263344,0.6118167533814227,0.14410015740194013,0.17066602505676048,0.378048487171704,0.07860008585560371,0.08933027078995384,986098,224305,220839,0,141,141,11,Sandstone|Shale|Sandstone/Shale|Limestone|Chalk|Dolomite|Marl|Anhydrite|Halite|Coal|Tuff,154.56,r3_fullcurve_stats_20260930,global,False,full,full_curve,f4dff61307f0f2e705e9f9716f85c06458eb17f7,False,84a59b18b9d77acfd78337dcc7e6fd2885b5dc948e5061d8377c0b5b28b35914,D:\工作空间\测井\cross_well_dg\configs\paper_r3_multirep.yaml,20a007d2d2e79d3cb193f475be289849617c632cb3960648ef754dba8e16d680,9d2c7ad879a80eef284e32d0dadee42e995aeacfcc54dedeef5e09c73767b0b5,43041111a78dd4726423d9f43fb9a3cc00d7284ebd9c49071c459697b99c0e87,91c87c5b4f834397daa00b01ae727b059675863211f044645de62d451cfb8c46,0.2848498634776593,results\multirep\details\well_id\seed42_lgbm_global.json,154.63
well_id,protocol1_random_wells,42,lgbm_wellnorm,closed_set,closed_set,0.29275053314699445,0.632066799795326,0.16473886348314926,0.17817847840339263,0.3937957909437981,0.10451895999471052,0.11965265142227996,986098,224305,220839,0,141,141,11,Sandstone|Shale|Sandstone/Shale|Limestone|Chalk|Dolomite|Marl|Anhydrite|Halite|Coal|Tuff,138.18,r3_fullcurve_stats_20260930,wellnorm,True,full,full_curve,f4dff61307f0f2e705e9f9716f85c06458eb17f7,False,84a59b18b9d77acfd78337dcc7e6fd2885b5dc948e5061d8377c0b5b28b35914,D:\工作空间\测井\cross_well_dg\configs\paper_r3_multirep.yaml,20a007d2d2e79d3cb193f475be289849617c632cb3960648ef754dba8e16d680,5bebe90abf4e23ffaf8aaf20db4953bcbf6850267df7c4799e66fe2b05f01ac3,43041111a78dd4726423d9f43fb9a3cc00d7284ebd9c49071c459697b99c0e87,91c87c5b4f834397daa00b01ae727b059675863211f044645de62d451cfb8c46,0.24420018933333976,results\multirep\details\well_id\seed42_lgbm_wellnorm.json,138.27
well_id,protocol1_random_wells,42,lgbm_hybrid_norel,closed_set,closed_set,0.40371015659315734,0.6417480608044774,0.23795811940449338,0.25884559622508674,0.42172465855927777,0.12979533785699637,0.14118850703186547,986098,224305,220839,0,141,141,11,Sandstone|Shale|Sandstone/Shale|Limestone|Chalk|Dolomite|Marl|Anhydrite|Halite|Coal|Tuff,152.56,r3_fullcurve_stats_20260930,hybrid,False,full,full_curve,f4dff61307f0f2e705e9f9716f85c06458eb17f7,False,84a59b18b9d77acfd78337dcc7e6fd2885b5dc948e5061d8377c0b5b28b35914,D:\工作空间\测井\cross_well_dg\configs\paper_r3_multirep.yaml,20a007d2d2e79d3cb193f475be289849617c632cb3960648ef754dba8e16d680,541d91be3eb41014f35c930411cfd23c85379321ea069333a4b0bf8e44def757,43041111a78dd4726423d9f43fb9a3cc00d7284ebd9c49071c459697b99c0e87,91c87c5b4f834397daa00b01ae727b059675863211f044645de62d451cfb8c46,0.2827928704628881,results\multirep\details\well_id\seed42_lgbm_hybrid_norel.json,152.64
well_id,protocol1_random_wells,42,lgbm_hybrid,closed_set,closed_set,0.41132546206357484,0.6571257794139622,0.21688390139533245,0.2616862472958661,0.4324617728753123,0.11830030985199952,0.14273795307047238,986098,224305,220839,0,141,141,11,Sandstone|Shale|Sandstone/Shale|Limestone|Chalk|Dolomite|Marl|Anhydrite|Halite|Coal|Tuff,150.08,r3_fullcurve_stats_20260930,hybrid,True,full,full_curve,f4dff61307f0f2e705e9f9716f85c06458eb17f7,False,84a59b18b9d77acfd78337dcc7e6fd2885b5dc948e5061d8377c0b5b28b35914,D:\工作空间\测井\cross_well_dg\configs\paper_r3_multirep.yaml,20a007d2d2e79d3cb193f475be289849617c632cb3960648ef754dba8e16d680,a9584710f6740238911d842e0e49d5039400bf72c84a40e420357b244e624b41,43041111a78dd4726423d9f43fb9a3cc00d7284ebd9c49071c459697b99c0e87,91c87c5b4f834397daa00b01ae727b059675863211f044645de62d451cfb8c46,0.3140601822778182,results\multirep\details\well_id\seed42_lgbm_hybrid.json,150.18
well_id,protocol1_random_wells,42,lgbm_hybrid_while,closed_set,closed_set,0.43335088815671335,0.6493599409524585,0.20476192957385275,0.21370644216497864,0.41459812887432246,0.1116883252221015,0.11656715027180653,986098,224305,220839,0,141,141,11,Sandstone|Shale|Sandstone/Shale|Limestone|Chalk|Dolomite|Marl|Anhydrite|Halite|Coal|Tuff,191.63,r3_fullcurve_stats_20260930,hybrid,False,causal,full_curve,f4dff61307f0f2e705e9f9716f85c06458eb17f7,False,84a59b18b9d77acfd78337dcc7e6fd2885b5dc948e5061d8377c0b5b28b35914,D:\工作空间\测井\cross_well_dg\configs\paper_r3_multirep.yaml,20a007d2d2e79d3cb193f475be289849617c632cb3960648ef754dba8e16d680,80f751dcf6b86b3652b6c19bb1a93794dc1505ee4ff531e017226f9a7d9ef995,43041111a78dd4726423d9f43fb9a3cc00d7284ebd9c49071c459697b99c0e87,91c87c5b4f834397daa00b01ae727b059675863211f044645de62d451cfb8c46,0.31650944478728715,results\multirep\details\well_id\seed42_lgbm_hybrid_while.json,191.73
well_id,protocol1_random_wells,42,lgbm_hybrid_smooth,closed_set,closed_set,0.4147117988436682,0.6605264468685332,0.2210795334152703,0.2640712708314362,0.4323110527514088,0.12058883640832926,0.14403887499896517,986098,224305,220839,0,141,141,11,Sandstone|Shale|Sandstone/Shale|Limestone|Chalk|Dolomite|Marl|Anhydrite|Halite|Coal|Tuff,162.13,r3_fullcurve_stats_20260930,hybrid,True,full,full_curve,f4dff61307f0f2e705e9f9716f85c06458eb17f7,False,84a59b18b9d77acfd78337dcc7e6fd2885b5dc948e5061d8377c0b5b28b35914,D:\工作空间\测井\cross_well_dg\configs\paper_r3_multirep.yaml,20a007d2d2e79d3cb193f475be289849617c632cb3960648ef754dba8e16d680,a9584710f6740238911d842e0e49d5039400bf72c84a40e420357b244e624b41,43041111a78dd4726423d9f43fb9a3cc00d7284ebd9c49071c459697b99c0e87,91c87c5b4f834397daa00b01ae727b059675863211f044645de62d451cfb8c46,0.3184289184298494,results\multirep\details\well_id\seed42_lgbm_hybrid_smooth.json,162.24
well_id,protocol1_random_wells,43,lgbm_global,closed_set,closed_set,0.4164229636676805,0.567523963177375,0.2518157593207054,0.27927031352795717,0.41547247000962395,0.1265706496043495,0.1382194320261717,987070,244110,200203,0,0,0,12,Sandstone|Shale|Sandstone/Shale|Limestone|Chalk|Dolomite|Marl|Anhydrite|Halite|Coal|Basement|Tuff,121.33,r3_fullcurve_stats_20260930,global,False,full,full_curve,f4dff61307f0f2e705e9f9716f85c06458eb17f7,False,84a59b18b9d77acfd78337dcc7e6fd2885b5dc948e5061d8377c0b5b28b35914,D:\工作空间\测井\cross_well_dg\configs\paper_r3_multirep.yaml,fe9eb3ea720bc6ed24b88d121f06c9e5b26c43400ebd558750fed29a62314cff,9d2c7ad879a80eef284e32d0dadee42e995aeacfcc54dedeef5e09c73767b0b5,43041111a78dd4726423d9f43fb9a3cc00d7284ebd9c49071c459697b99c0e87,91c87c5b4f834397daa00b01ae727b059675863211f044645de62d451cfb8c46,0.3475982654649678,results\multirep\details\well_id\seed43_lgbm_global.json,121.43
well_id,protocol1_random_wells,43,lgbm_wellnorm,closed_set,closed_set,0.31823332215716604,0.6063595450617623,0.18608880167485023,0.23944820876933393,0.36588061383345416,0.09304440083742511,0.10536806164574297,987070,244110,200203,0,0,0,12,Sandstone|Shale|Sandstone/Shale|Limestone|Chalk|Dolomite|Marl|Anhydrite|Halite|Coal|Basement|Tuff,219.55,r3_fullcurve_stats_20260930,wellnorm,True,full,full_curve,f4dff61307f0f2e705e9f9716f85c06458eb17f7,False,84a59b18b9d77acfd78337dcc7e6fd2885b5dc948e5061d8377c0b5b28b35914,D:\工作空间\测井\cross_well_dg\configs\paper_r3_multirep.yaml,fe9eb3ea720bc6ed24b88d121f06c9e5b26c43400ebd558750fed29a62314cff,5bebe90abf4e23ffaf8aaf20db4953bcbf6850267df7c4799e66fe2b05f01ac3,43041111a78dd4726423d9f43fb9a3cc00d7284ebd9c49071c459697b99c0e87,91c87c5b4f834397daa00b01ae727b059675863211f044645de62d451cfb8c46,0.36602244223795394,results\multirep\details\well_id\seed43_lgbm_wellnorm.json,219.63
well_id,protocol1_random_wells,43,lgbm_hybrid_norel,closed_set,closed_set,0.46058341083470883,0.6304351083650095,0.26897360680242705,0.27340789278073757,0.4262278283316112,0.1344868034012135,0.14150516329095383,987070,244110,200203,0,0,0,12,Sandstone|Shale|Sandstone/Shale|Limestone|Chalk|Dolomite|Marl|Anhydrite|Halite|Coal|Basement|Tuff,237.47,r3_fullcurve_stats_20260930,hybrid,False,full,full_curve,f4dff61307f0f2e705e9f9716f85c06458eb17f7,False,84a59b18b9d77acfd78337dcc7e6fd2885b5dc948e5061d8377c0b5b28b35914,D:\工作空间\测井\cross_well_dg\configs\paper_r3_multirep.yaml,fe9eb3ea720bc6ed24b88d121f06c9e5b26c43400ebd558750fed29a62314cff,541d91be3eb41014f35c930411cfd23c85379321ea069333a4b0bf8e44def757,43041111a78dd4726423d9f43fb9a3cc00d7284ebd9c49071c459697b99c0e87,91c87c5b4f834397daa00b01ae727b059675863211f044645de62d451cfb8c46,0.3297132717779749,results\multirep\details\well_id\seed43_lgbm_hybrid_norel.json,237.55
well_id,protocol1_random_wells,43,lgbm_hybrid,closed_set,closed_set,0.4670251461016934,0.6497505032392122,0.25189294882307384,0.2949248097582655,0.4310381590442558,0.12594647441153695,0.1348704559045683,987070,244110,200203,0,0,0,12,Sandstone|Shale|Sandstone/Shale|Limestone|Chalk|Dolomite|Marl|Anhydrite|Halite|Coal|Basement|Tuff,225.06,r3_fullcurve_stats_20260930,hybrid,True,full,full_curve,f4dff61307f0f2e705e9f9716f85c06458eb17f7,False,84a59b18b9d77acfd78337dcc7e6fd2885b5dc948e5061d8377c0b5b28b35914,D:\工作空间\测井\cross_well_dg\configs\paper_r3_multirep.yaml,fe9eb3ea720bc6ed24b88d121f06c9e5b26c43400ebd558750fed29a62314cff,a9584710f6740238911d842e0e49d5039400bf72c84a40e420357b244e624b41,43041111a78dd4726423d9f43fb9a3cc00d7284ebd9c49071c459697b99c0e87,91c87c5b4f834397daa00b01ae727b059675863211f044645de62d451cfb8c46,0.4056861484393469,results\multirep\details\well_id\seed43_lgbm_hybrid.json,225.15
well_id,protocol1_random_wells,43,lgbm_hybrid_while,closed_set,closed_set,0.46078013091970466,0.6314740538353572,0.2588093444362162,0.28520693059045743,0.43284595822915195,0.1294046722181081,0.14145697679473615,987070,244110,200203,0,0,0,12,Sandstone|Shale|Sandstone/Shale|Limestone|Chalk|Dolomite|Marl|Anhydrite|Halite|Coal|Basement|Tuff,267.61,r3_fullcurve_stats_20260930,hybrid,False,causal,full_curve,f4dff61307f0f2e705e9f9716f85c06458eb17f7,False,84a59b18b9d77acfd78337dcc7e6fd2885b5dc948e5061d8377c0b5b28b35914,D:\工作空间\测井\cross_well_dg\configs\paper_r3_multirep.yaml,fe9eb3ea720bc6ed24b88d121f06c9e5b26c43400ebd558750fed29a62314cff,80f751dcf6b86b3652b6c19bb1a93794dc1505ee4ff531e017226f9a7d9ef995,43041111a78dd4726423d9f43fb9a3cc00d7284ebd9c49071c459697b99c0e87,91c87c5b4f834397daa00b01ae727b059675863211f044645de62d451cfb8c46,0.3643567351027834,results\multirep\details\well_id\seed43_lgbm_hybrid_while.json,267.71
well_id,protocol1_random_wells,43,lgbm_hybrid_smooth,closed_set,closed_set,0.4723211528397024,0.653831361168414,0.24799952073739492,0.2938186922812519,0.42886215208713113,0.12399976036869743,0.1330752804620789,987070,244110,200203,0,0,0,12,Sandstone|Shale|Sandstone/Shale|Limestone|Chalk|Dolomite|Marl|Anhydrite|Halite|Coal|Basement|Tuff,249.0,r3_fullcurve_stats_20260930,hybrid,True,full,full_curve,f4dff61307f0f2e705e9f9716f85c06458eb17f7,False,84a59b18b9d77acfd78337dcc7e6fd2885b5dc948e5061d8377c0b5b28b35914,D:\工作空间\测井\cross_well_dg\configs\paper_r3_multirep.yaml,fe9eb3ea720bc6ed24b88d121f06c9e5b26c43400ebd558750fed29a62314cff,a9584710f6740238911d842e0e49d5039400bf72c84a40e420357b244e624b41,43041111a78dd4726423d9f43fb9a3cc00d7284ebd9c49071c459697b99c0e87,91c87c5b4f834397daa00b01ae727b059675863211f044645de62d451cfb8c46,0.41088081326536424,results\multirep\details\well_id\seed43_lgbm_hybrid_smooth.json,249.11
well_id,protocol1_random_wells,44,lgbm_global,open_set,open_set,0.32563795214152297,0.6343099649065534,0.08186037113143255,0.16995185423518216,0.3803943864981576,0.0669766672893539,0.10500168428579074,966740,215684,245060,10813,3899,3899,11,Sandstone|Shale|Sandstone/Shale|Limestone|Chalk|Dolomite|Marl|Anhydrite|Coal|Basement|Tuff,133.7,r3_fullcurve_stats_20260930,global,False,full,full_curve,f4dff61307f0f2e705e9f9716f85c06458eb17f7,False,84a59b18b9d77acfd78337dcc7e6fd2885b5dc948e5061d8377c0b5b28b35914,D:\工作空间\测井\cross_well_dg\configs\paper_r3_multirep.yaml,e255e007218cc26e09518a6713650c90129148e74b0c60a760476e68c39a0cfe,9d2c7ad879a80eef284e32d0dadee42e995aeacfcc54dedeef5e09c73767b0b5,43041111a78dd4726423d9f43fb9a3cc00d7284ebd9c49071c459697b99c0e87,91c87c5b4f834397daa00b01ae727b059675863211f044645de62d451cfb8c46,0.3368338225574814,results\multirep\details\well_id\seed44_lgbm_global.json,133.77
well_id,protocol1_random_wells,44,lgbm_wellnorm,open_set,open_set,0.2406091123850459,0.640949155308904,0.10093545614704938,0.1028918075398545,0.34301097437980876,0.08578485730853967,0.0887721814483832,966740,215684,245060,10813,3899,3899,11,Sandstone|Shale|Sandstone/Shale|Limestone|Chalk|Dolomite|Marl|Anhydrite|Coal|Basement|Tuff,152.35,r3_fullcurve_stats_20260930,wellnorm,True,full,full_curve,f4dff61307f0f2e705e9f9716f85c06458eb17f7,False,84a59b18b9d77acfd78337dcc7e6fd2885b5dc948e5061d8377c0b5b28b35914,D:\工作空间\测井\cross_well_dg\configs\paper_r3_multirep.yaml,e255e007218cc26e09518a6713650c90129148e74b0c60a760476e68c39a0cfe,5bebe90abf4e23ffaf8aaf20db4953bcbf6850267df7c4799e66fe2b05f01ac3,43041111a78dd4726423d9f43fb9a3cc00d7284ebd9c49071c459697b99c0e87,91c87c5b4f834397daa00b01ae727b059675863211f044645de62d451cfb8c46,0.2749722763397422,results\multirep\details\well_id\seed44_lgbm_wellnorm.json,152.44
well_id,protocol1_random_wells,44,lgbm_hybrid_norel,open_set,open_set,0.2703309993495324,0.6710479066351097,0.12571741173452136,0.13883970258415856,0.37287002991019874,0.10285970051006293,0.12050348363402955,966740,215684,245060,10813,3899,3899,11,Sandstone|Shale|Sandstone/Shale|Limestone|Chalk|Dolomite|Marl|Anhydrite|Coal|Basement|Tuff,221.29,r3_fullcurve_stats_20260930,hybrid,False,full,full_curve,f4dff61307f0f2e705e9f9716f85c06458eb17f7,False,84a59b18b9d77acfd78337dcc7e6fd2885b5dc948e5061d8377c0b5b28b35914,D:\工作空间\测井\cross_well_dg\configs\paper_r3_multirep.yaml,e255e007218cc26e09518a6713650c90129148e74b0c60a760476e68c39a0cfe,541d91be3eb41014f35c930411cfd23c85379321ea069333a4b0bf8e44def757,43041111a78dd4726423d9f43fb9a3cc00d7284ebd9c49071c459697b99c0e87,91c87c5b4f834397daa00b01ae727b059675863211f044645de62d451cfb8c46,0.32437427380683614,results\multirep\details\well_id\seed44_lgbm_hybrid_norel.json,221.38
well_id,protocol1_random_wells,44,lgbm_hybrid,open_set,open_set,0.29950329813211285,0.6864604586631845,0.11905915981389496,0.12657280786423775,0.4019763078846755,0.09741203984773224,0.10965440897594818,966740,215684,245060,10813,3899,3899,11,Sandstone|Shale|Sandstone/Shale|Limestone|Chalk|Dolomite|Marl|Anhydrite|Coal|Basement|Tuff,202.6,r3_fullcurve_stats_20260930,hybrid,True,full,full_curve,f4dff61307f0f2e705e9f9716f85c06458eb17f7,False,84a59b18b9d77acfd78337dcc7e6fd2885b5dc948e5061d8377c0b5b28b35914,D:\工作空间\测井\cross_well_dg\configs\paper_r3_multirep.yaml,e255e007218cc26e09518a6713650c90129148e74b0c60a760476e68c39a0cfe,a9584710f6740238911d842e0e49d5039400bf72c84a40e420357b244e624b41,43041111a78dd4726423d9f43fb9a3cc00d7284ebd9c49071c459697b99c0e87,91c87c5b4f834397daa00b01ae727b059675863211f044645de62d451cfb8c46,0.308091325824378,results\multirep\details\well_id\seed44_lgbm_hybrid.json,202.68
well_id,protocol1_random_wells,44,lgbm_hybrid_while,open_set,open_set,0.27964606440656664,0.6527748306537174,0.17314319443494922,0.18650575183199777,0.37817402037731945,0.13624191534454402,0.14682240968815802,966740,215684,245060,10813,3899,3899,11,Sandstone|Shale|Sandstone/Shale|Limestone|Chalk|Dolomite|Marl|Anhydrite|Coal|Basement|Tuff,216.72,r3_fullcurve_stats_20260930,hybrid,False,causal,full_curve,f4dff61307f0f2e705e9f9716f85c06458eb17f7,False,84a59b18b9d77acfd78337dcc7e6fd2885b5dc948e5061d8377c0b5b28b35914,D:\工作空间\测井\cross_well_dg\configs\paper_r3_multirep.yaml,e255e007218cc26e09518a6713650c90129148e74b0c60a760476e68c39a0cfe,80f751dcf6b86b3652b6c19bb1a93794dc1505ee4ff531e017226f9a7d9ef995,43041111a78dd4726423d9f43fb9a3cc00d7284ebd9c49071c459697b99c0e87,91c87c5b4f834397daa00b01ae727b059675863211f044645de62d451cfb8c46,0.36344374653320466,results\multirep\details\well_id\seed44_lgbm_hybrid_while.json,216.81
well_id,protocol1_random_wells,44,lgbm_hybrid_smooth,open_set,open_set,0.30104261716194763,0.690949155308904,0.1174013908236863,0.1261567555745356,0.40248105235844905,0.09605568340119787,0.10935153275759207,966740,215684,245060,10813,3899,3899,11,Sandstone|Shale|Sandstone/Shale|Limestone|Chalk|Dolomite|Marl|Anhydrite|Coal|Basement|Tuff,221.22,r3_fullcurve_stats_20260930,hybrid,True,full,full_curve,f4dff61307f0f2e705e9f9716f85c06458eb17f7,False,84a59b18b9d77acfd78337dcc7e6fd2885b5dc948e5061d8377c0b5b28b35914,D:\工作空间\测井\cross_well_dg\configs\paper_r3_multirep.yaml,e255e007218cc26e09518a6713650c90129148e74b0c60a760476e68c39a0cfe,a9584710f6740238911d842e0e49d5039400bf72c84a40e420357b244e624b41,43041111a78dd4726423d9f43fb9a3cc00d7284ebd9c49071c459697b99c0e87,91c87c5b4f834397daa00b01ae727b059675863211f044645de62d451cfb8c46,0.3090403613557479,results\multirep\details\well_id\seed44_lgbm_hybrid_smooth.json,221.32
well_id,protocol1_random_wells,45,lgbm_global,closed_set,closed_set,0.29115631741372877,0.5891259503398141,0.23177985132741258,0.24650732928631408,0.38991086147026843,0.10535447787609663,0.11825877305126589,1016597,243522,171123,0,141,141,11,Sandstone|Shale|Sandstone/Shale|Limestone|Chalk|Dolomite|Marl|Anhydrite|Halite|Coal|Tuff,202.09,r3_fullcurve_stats_20260930,global,False,full,full_curve,f4dff61307f0f2e705e9f9716f85c06458eb17f7,False,84a59b18b9d77acfd78337dcc7e6fd2885b5dc948e5061d8377c0b5b28b35914,D:\工作空间\测井\cross_well_dg\configs\paper_r3_multirep.yaml,94b1ca50103913fa3cc6b57ed2c97512ac879d8eb16a8c50812c5dba1929340b,9d2c7ad879a80eef284e32d0dadee42e995aeacfcc54dedeef5e09c73767b0b5,43041111a78dd4726423d9f43fb9a3cc00d7284ebd9c49071c459697b99c0e87,91c87c5b4f834397daa00b01ae727b059675863211f044645de62d451cfb8c46,0.3344957282432795,results\multirep\details\well_id\seed45_lgbm_global.json,202.19
well_id,protocol1_random_wells,45,lgbm_wellnorm,closed_set,closed_set,0.305230884641913,0.6367700426009362,0.15821352555044804,0.18804863589437928,0.37184602886753504,0.0719152388865673,0.09538045932645925,1016597,243522,171123,0,141,141,11,Sandstone|Shale|Sandstone/Shale|Limestone|Chalk|Dolomite|Marl|Anhydrite|Halite|Coal|Tuff,173.5,r3_fullcurve_stats_20260930,wellnorm,True,full,full_curve,f4dff61307f0f2e705e9f9716f85c06458eb17f7,False,84a59b18b9d77acfd78337dcc7e6fd2885b5dc948e5061d8377c0b5b28b35914,D:\工作空间\测井\cross_well_dg\configs\paper_r3_multirep.yaml,94b1ca50103913fa3cc6b57ed2c97512ac879d8eb16a8c50812c5dba1929340b,5bebe90abf4e23ffaf8aaf20db4953bcbf6850267df7c4799e66fe2b05f01ac3,43041111a78dd4726423d9f43fb9a3cc00d7284ebd9c49071c459697b99c0e87,91c87c5b4f834397daa00b01ae727b059675863211f044645de62d451cfb8c46,0.24496948170766272,results\multirep\details\well_id\seed45_lgbm_wellnorm.json,173.61
well_id,protocol1_random_wells,45,lgbm_hybrid_norel,closed_set,closed_set,0.33940730468665936,0.6804403849862379,0.19619385924203947,0.21445315503454643,0.4081167818793254,0.10577838673956973,0.10639660952670471,1016597,243522,171123,0,141,141,11,Sandstone|Shale|Sandstone/Shale|Limestone|Chalk|Dolomite|Marl|Anhydrite|Halite|Coal|Tuff,261.55,r3_fullcurve_stats_20260930,hybrid,False,full,full_curve,f4dff61307f0f2e705e9f9716f85c06458eb17f7,False,84a59b18b9d77acfd78337dcc7e6fd2885b5dc948e5061d8377c0b5b28b35914,D:\工作空间\测井\cross_well_dg\configs\paper_r3_multirep.yaml,94b1ca50103913fa3cc6b57ed2c97512ac879d8eb16a8c50812c5dba1929340b,541d91be3eb41014f35c930411cfd23c85379321ea069333a4b0bf8e44def757,43041111a78dd4726423d9f43fb9a3cc00d7284ebd9c49071c459697b99c0e87,91c87c5b4f834397daa00b01ae727b059675863211f044645de62d451cfb8c46,0.33052142989605077,results\multirep\details\well_id\seed45_lgbm_hybrid_norel.json,261.68
well_id,protocol1_random_wells,45,lgbm_hybrid,closed_set,closed_set,0.34847363278802485,0.6921045096217341,0.13207489038095202,0.195269056434689,0.41825445562657804,0.06003404108225092,0.10050699031069618,1016597,243522,171123,0,141,141,11,Sandstone|Shale|Sandstone/Shale|Limestone|Chalk|Dolomite|Marl|Anhydrite|Halite|Coal|Tuff,210.62,r3_fullcurve_stats_20260930,hybrid,True,full,full_curve,f4dff61307f0f2e705e9f9716f85c06458eb17f7,False,84a59b18b9d77acfd78337dcc7e6fd2885b5dc948e5061d8377c0b5b28b35914,D:\工作空间\测井\cross_well_dg\configs\paper_r3_multirep.yaml,94b1ca50103913fa3cc6b57ed2c97512ac879d8eb16a8c50812c5dba1929340b,a9584710f6740238911d842e0e49d5039400bf72c84a40e420357b244e624b41,43041111a78dd4726423d9f43fb9a3cc00d7284ebd9c49071c459697b99c0e87,91c87c5b4f834397daa00b01ae727b059675863211f044645de62d451cfb8c46,0.2891426836796364,results\multirep\details\well_id\seed45_lgbm_hybrid.json,210.77
well_id,protocol1_random_wells,45,lgbm_hybrid_while,closed_set,closed_set,0.34231619764194915,0.6660472291860241,0.20391400958339007,0.2173145298639393,0.423915960865689,0.0926881861742682,0.10926637949017642,1016597,243522,171123,0,141,141,11,Sandstone|Shale|Sandstone/Shale|Limestone|Chalk|Dolomite|Marl|Anhydrite|Halite|Coal|Tuff,198.29,r3_fullcurve_stats_20260930,hybrid,False,causal,full_curve,f4dff61307f0f2e705e9f9716f85c06458eb17f7,False,84a59b18b9d77acfd78337dcc7e6fd2885b5dc948e5061d8377c0b5b28b35914,D:\工作空间\测井\cross_well_dg\configs\paper_r3_multirep.yaml,94b1ca50103913fa3cc6b57ed2c97512ac879d8eb16a8c50812c5dba1929340b,80f751dcf6b86b3652b6c19bb1a93794dc1505ee4ff531e017226f9a7d9ef995,43041111a78dd4726423d9f43fb9a3cc00d7284ebd9c49071c459697b99c0e87,91c87c5b4f834397daa00b01ae727b059675863211f044645de62d451cfb8c46,0.3056102953787294,results\multirep\details\well_id\seed45_lgbm_hybrid_while.json,198.43
well_id,protocol1_random_wells,45,lgbm_hybrid_smooth,closed_set,closed_set,0.35102924669440094,0.6991111656527761,0.12076673247150227,0.19207166737324094,0.41860060934383386,0.0548939693052283,0.09927696709124496,1016597,243522,171123,0,141,141,11,Sandstone|Shale|Sandstone/Shale|Limestone|Chalk|Dolomite|Marl|Anhydrite|Halite|Coal|Tuff,190.24,r3_fullcurve_stats_20260930,hybrid,True,full,full_curve,f4dff61307f0f2e705e9f9716f85c06458eb17f7,False,84a59b18b9d77acfd78337dcc7e6fd2885b5dc948e5061d8377c0b5b28b35914,D:\工作空间\测井\cross_well_dg\configs\paper_r3_multirep.yaml,94b1ca50103913fa3cc6b57ed2c97512ac879d8eb16a8c50812c5dba1929340b,a9584710f6740238911d842e0e49d5039400bf72c84a40e420357b244e624b41,43041111a78dd4726423d9f43fb9a3cc00d7284ebd9c49071c459697b99c0e87,91c87c5b4f834397daa00b01ae727b059675863211f044645de62d451cfb8c46,0.2912551480968814,results\multirep\details\well_id\seed45_lgbm_hybrid_smooth.json,190.34
well_id,protocol1_random_wells,101,lgbm_global,closed_set,closed_set,0.34325664898976044,0.5043619258783427,0.2159698113197825,0.2218435776906434,0.3523187353970483,0.08998742138324271,0.10192304670699745,1012755,225594,193034,0,0,0,12,Sandstone|Shale|Sandstone/Shale|Limestone|Chalk|Dolomite|Marl|Anhydrite|Halite|Coal|Basement|Tuff,199.19,r3_fullcurve_stats_20260930,global,False,full,full_curve,f4dff61307f0f2e705e9f9716f85c06458eb17f7,False,84a59b18b9d77acfd78337dcc7e6fd2885b5dc948e5061d8377c0b5b28b35914,D:\工作空间\测井\cross_well_dg\configs\paper_r3_multirep.yaml,fa811076edbf37951d8d042f5c800d0aae924237cf0088f863c53f48e87da6b2,9d2c7ad879a80eef284e32d0dadee42e995aeacfcc54dedeef5e09c73767b0b5,43041111a78dd4726423d9f43fb9a3cc00d7284ebd9c49071c459697b99c0e87,91c87c5b4f834397daa00b01ae727b059675863211f044645de62d451cfb8c46,0.3059399874748948,results\multirep\details\well_id\seed101_lgbm_global.json,199.29
well_id,protocol1_random_wells,101,lgbm_wellnorm,closed_set,closed_set,0.2776603915887427,0.6261850243998467,0.22364168282575833,0.23456471639726145,0.36281643817851794,0.11182084141287917,0.11477902339473534,1012755,225594,193034,0,0,0,12,Sandstone|Shale|Sandstone/Shale|Limestone|Chalk|Dolomite|Marl|Anhydrite|Halite|Coal|Basement|Tuff,237.58,r3_fullcurve_stats_20260930,wellnorm,True,full,full_curve,f4dff61307f0f2e705e9f9716f85c06458eb17f7,False,84a59b18b9d77acfd78337dcc7e6fd2885b5dc948e5061d8377c0b5b28b35914,D:\工作空间\测井\cross_well_dg\configs\paper_r3_multirep.yaml,fa811076edbf37951d8d042f5c800d0aae924237cf0088f863c53f48e87da6b2,5bebe90abf4e23ffaf8aaf20db4953bcbf6850267df7c4799e66fe2b05f01ac3,43041111a78dd4726423d9f43fb9a3cc00d7284ebd9c49071c459697b99c0e87,91c87c5b4f834397daa00b01ae727b059675863211f044645de62d451cfb8c46,0.28727973793375855,results\multirep\details\well_id\seed101_lgbm_wellnorm.json,237.63
well_id,protocol1_random_wells,101,lgbm_hybrid_norel,closed_set,closed_set,0.38841082772114255,0.6335775044810759,0.213404349475917,0.24440770965007497,0.3800860496600169,0.10670217473795847,0.11072839358236108,1012755,225594,193034,0,0,0,12,Sandstone|Shale|Sandstone/Shale|Limestone|Chalk|Dolomite|Marl|Anhydrite|Halite|Coal|Basement|Tuff,260.42,r3_fullcurve_stats_20260930,hybrid,False,full,full_curve,f4dff61307f0f2e705e9f9716f85c06458eb17f7,False,84a59b18b9d77acfd78337dcc7e6fd2885b5dc948e5061d8377c0b5b28b35914,D:\工作空间\测井\cross_well_dg\configs\paper_r3_multirep.yaml,fa811076edbf37951d8d042f5c800d0aae924237cf0088f863c53f48e87da6b2,541d91be3eb41014f35c930411cfd23c85379321ea069333a4b0bf8e44def757,43041111a78dd4726423d9f43fb9a3cc00d7284ebd9c49071c459697b99c0e87,91c87c5b4f834397daa00b01ae727b059675863211f044645de62d451cfb8c46,0.33015270323754436,results\multirep\details\well_id\seed101_lgbm_hybrid_norel.json,260.57
well_id,protocol1_random_wells,101,lgbm_hybrid,closed_set,closed_set,0.38784182457221644,0.6470414538371478,0.25867960297717846,0.2755964830391606,0.39046039720600434,0.12188056795880946,0.12561018472369934,1012755,225594,193034,0,0,0,12,Sandstone|Shale|Sandstone/Shale|Limestone|Chalk|Dolomite|Marl|Anhydrite|Halite|Coal|Basement|Tuff,294.87,r3_fullcurve_stats_20260930,hybrid,True,full,full_curve,f4dff61307f0f2e705e9f9716f85c06458eb17f7,False,84a59b18b9d77acfd78337dcc7e6fd2885b5dc948e5061d8377c0b5b28b35914,D:\工作空间\测井\cross_well_dg\configs\paper_r3_multirep.yaml,fa811076edbf37951d8d042f5c800d0aae924237cf0088f863c53f48e87da6b2,a9584710f6740238911d842e0e49d5039400bf72c84a40e420357b244e624b41,43041111a78dd4726423d9f43fb9a3cc00d7284ebd9c49071c459697b99c0e87,91c87c5b4f834397daa00b01ae727b059675863211f044645de62d451cfb8c46,0.31803050802201116,results\multirep\details\well_id\seed101_lgbm_hybrid.json,294.94
well_id,protocol1_random_wells,101,lgbm_hybrid_while,closed_set,closed_set,0.35578126729706244,0.6092553643399609,0.24565474744590893,0.25010245460720054,0.386984505358716,0.10235614476912873,0.1148156128266874,1012755,225594,193034,0,0,0,12,Sandstone|Shale|Sandstone/Shale|Limestone|Chalk|Dolomite|Marl|Anhydrite|Halite|Coal|Basement|Tuff,292.73,r3_fullcurve_stats_20260930,hybrid,False,causal,full_curve,f4dff61307f0f2e705e9f9716f85c06458eb17f7,False,84a59b18b9d77acfd78337dcc7e6fd2885b5dc948e5061d8377c0b5b28b35914,D:\工作空间\测井\cross_well_dg\configs\paper_r3_multirep.yaml,fa811076edbf37951d8d042f5c800d0aae924237cf0088f863c53f48e87da6b2,80f751dcf6b86b3652b6c19bb1a93794dc1505ee4ff531e017226f9a7d9ef995,43041111a78dd4726423d9f43fb9a3cc00d7284ebd9c49071c459697b99c0e87,91c87c5b4f834397daa00b01ae727b059675863211f044645de62d451cfb8c46,0.3390007221486012,results\multirep\details\well_id\seed101_lgbm_hybrid_while.json,292.81
well_id,protocol1_random_wells,101,lgbm_hybrid_smooth,closed_set,closed_set,0.3899013595310469,0.6511909818995617,0.25702892057368865,0.2757570481737936,0.3899221949177831,0.12270215657245774,0.12560830842965104,1012755,225594,193034,0,0,0,12,Sandstone|Shale|Sandstone/Shale|Limestone|Chalk|Dolomite|Marl|Anhydrite|Halite|Coal|Basement|Tuff,291.83,r3_fullcurve_stats_20260930,hybrid,True,full,full_curve,f4dff61307f0f2e705e9f9716f85c06458eb17f7,False,84a59b18b9d77acfd78337dcc7e6fd2885b5dc948e5061d8377c0b5b28b35914,D:\工作空间\测井\cross_well_dg\configs\paper_r3_multirep.yaml,fa811076edbf37951d8d042f5c800d0aae924237cf0088f863c53f48e87da6b2,a9584710f6740238911d842e0e49d5039400bf72c84a40e420357b244e624b41,43041111a78dd4726423d9f43fb9a3cc00d7284ebd9c49071c459697b99c0e87,91c87c5b4f834397daa00b01ae727b059675863211f044645de62d451cfb8c46,0.3204841279097469,results\multirep\details\well_id\seed101_lgbm_hybrid_smooth.json,291.92
well_id,protocol1_random_wells,107,lgbm_global,closed_set,closed_set,0.4016176347983389,0.604031746031746,0.20558946584048507,0.21413985496676252,0.3874791846990342,0.09278760170543332,0.09779116731283793,1037217,205166,189000,0,0,0,12,Sandstone|Shale|Sandstone/Shale|Limestone|Chalk|Dolomite|Marl|Anhydrite|Halite|Coal|Basement|Tuff,180.0,r3_fullcurve_stats_20260930,global,False,full,full_curve,f4dff61307f0f2e705e9f9716f85c06458eb17f7,False,84a59b18b9d77acfd78337dcc7e6fd2885b5dc948e5061d8377c0b5b28b35914,D:\工作空间\测井\cross_well_dg\configs\paper_r3_multirep.yaml,105470f54a664843f28be8ae549e7917aa8194b5e7e242bb47438a7f7929d17d,9d2c7ad879a80eef284e32d0dadee42e995aeacfcc54dedeef5e09c73767b0b5,43041111a78dd4726423d9f43fb9a3cc00d7284ebd9c49071c459697b99c0e87,91c87c5b4f834397daa00b01ae727b059675863211f044645de62d451cfb8c46,0.37186544257264176,results\multirep\details\well_id\seed107_lgbm_global.json,180.07
well_id,protocol1_random_wells,107,lgbm_wellnorm,closed_set,closed_set,0.3207615694738135,0.6511746031746032,0.18887213869163327,0.19049626899439864,0.387407424475216,0.0786967244548472,0.08737846205171461,1037217,205166,189000,0,0,0,12,Sandstone|Shale|Sandstone/Shale|Limestone|Chalk|Dolomite|Marl|Anhydrite|Halite|Coal|Basement|Tuff,203.81,r3_fullcurve_stats_20260930,wellnorm,True,full,full_curve,f4dff61307f0f2e705e9f9716f85c06458eb17f7,False,84a59b18b9d77acfd78337dcc7e6fd2885b5dc948e5061d8377c0b5b28b35914,D:\工作空间\测井\cross_well_dg\configs\paper_r3_multirep.yaml,105470f54a664843f28be8ae549e7917aa8194b5e7e242bb47438a7f7929d17d,5bebe90abf4e23ffaf8aaf20db4953bcbf6850267df7c4799e66fe2b05f01ac3,43041111a78dd4726423d9f43fb9a3cc00d7284ebd9c49071c459697b99c0e87,91c87c5b4f834397daa00b01ae727b059675863211f044645de62d451cfb8c46,0.3018964848745455,results\multirep\details\well_id\seed107_lgbm_wellnorm.json,203.9
well_id,protocol1_random_wells,107,lgbm_hybrid_norel,closed_set,closed_set,0.35185015910148215,0.6788835978835979,0.13189073192836298,0.17284807423988746,0.4087082360165875,0.08792715461890865,0.08850637242433182,1037217,205166,189000,0,0,0,12,Sandstone|Shale|Sandstone/Shale|Limestone|Chalk|Dolomite|Marl|Anhydrite|Halite|Coal|Basement|Tuff,301.08,r3_fullcurve_stats_20260930,hybrid,False,full,full_curve,f4dff61307f0f2e705e9f9716f85c06458eb17f7,False,84a59b18b9d77acfd78337dcc7e6fd2885b5dc948e5061d8377c0b5b28b35914,D:\工作空间\测井\cross_well_dg\configs\paper_r3_multirep.yaml,105470f54a664843f28be8ae549e7917aa8194b5e7e242bb47438a7f7929d17d,541d91be3eb41014f35c930411cfd23c85379321ea069333a4b0bf8e44def757,43041111a78dd4726423d9f43fb9a3cc00d7284ebd9c49071c459697b99c0e87,91c87c5b4f834397daa00b01ae727b059675863211f044645de62d451cfb8c46,0.3496110184788463,results\multirep\details\well_id\seed107_lgbm_hybrid_norel.json,301.15
well_id,protocol1_random_wells,107,lgbm_hybrid,closed_set,closed_set,0.3625885652033945,0.6966243386243386,0.1103773899974952,0.13303727631939152,0.4149741347514815,0.045990579165623,0.06689470537633554,1037217,205166,189000,0,0,0,12,Sandstone|Shale|Sandstone/Shale|Limestone|Chalk|Dolomite|Marl|Anhydrite|Halite|Coal|Basement|Tuff,257.2,r3_fullcurve_stats_20260930,hybrid,True,full,full_curve,f4dff61307f0f2e705e9f9716f85c06458eb17f7,False,84a59b18b9d77acfd78337dcc7e6fd2885b5dc948e5061d8377c0b5b28b35914,D:\工作空间\测井\cross_well_dg\configs\paper_r3_multirep.yaml,105470f54a664843f28be8ae549e7917aa8194b5e7e242bb47438a7f7929d17d,a9584710f6740238911d842e0e49d5039400bf72c84a40e420357b244e624b41,43041111a78dd4726423d9f43fb9a3cc00d7284ebd9c49071c459697b99c0e87,91c87c5b4f834397daa00b01ae727b059675863211f044645de62d451cfb8c46,0.37402919394943845,results\multirep\details\well_id\seed107_lgbm_hybrid.json,257.29
well_id,protocol1_random_wells,107,lgbm_hybrid_while,closed_set,closed_set,0.4612159870252957,0.6644814814814815,0.1503737047740859,0.18292098017939734,0.41370627111814345,0.07518685238704295,0.08248264610700247,1037217,205166,189000,0,0,0,12,Sandstone|Shale|Sandstone/Shale|Limestone|Chalk|Dolomite|Marl|Anhydrite|Halite|Coal|Basement|Tuff,342.92,r3_fullcurve_stats_20260930,hybrid,False,causal,full_curve,f4dff61307f0f2e705e9f9716f85c06458eb17f7,False,84a59b18b9d77acfd78337dcc7e6fd2885b5dc948e5061d8377c0b5b28b35914,D:\工作空间\测井\cross_well_dg\configs\paper_r3_multirep.yaml,105470f54a664843f28be8ae549e7917aa8194b5e7e242bb47438a7f7929d17d,80f751dcf6b86b3652b6c19bb1a93794dc1505ee4ff531e017226f9a7d9ef995,43041111a78dd4726423d9f43fb9a3cc00d7284ebd9c49071c459697b99c0e87,91c87c5b4f834397daa00b01ae727b059675863211f044645de62d451cfb8c46,0.46405796095598156,results\multirep\details\well_id\seed107_lgbm_hybrid_while.json,343.01
well_id,protocol1_random_wells,107,lgbm_hybrid_smooth,closed_set,closed_set,0.3648393969903279,0.7024126984126984,0.11239663519293897,0.13189234515981924,0.41162359939567816,0.046831931330391235,0.06715086423458932,1037217,205166,189000,0,0,0,12,Sandstone|Shale|Sandstone/Shale|Limestone|Chalk|Dolomite|Marl|Anhydrite|Halite|Coal|Basement|Tuff,266.26,r3_fullcurve_stats_20260930,hybrid,True,full,full_curve,f4dff61307f0f2e705e9f9716f85c06458eb17f7,False,84a59b18b9d77acfd78337dcc7e6fd2885b5dc948e5061d8377c0b5b28b35914,D:\工作空间\测井\cross_well_dg\configs\paper_r3_multirep.yaml,105470f54a664843f28be8ae549e7917aa8194b5e7e242bb47438a7f7929d17d,a9584710f6740238911d842e0e49d5039400bf72c84a40e420357b244e624b41,43041111a78dd4726423d9f43fb9a3cc00d7284ebd9c49071c459697b99c0e87,91c87c5b4f834397daa00b01ae727b059675863211f044645de62d451cfb8c46,0.3780826631446175,results\multirep\details\well_id\seed107_lgbm_hybrid_smooth.json,266.32
well_id,protocol1_random_wells,113,lgbm_global,closed_set,closed_set,0.3177223624083807,0.5923526096268741,0.11408477981315363,0.17950374345666706,0.38628394020579054,0.06123067677504512,0.07339713081745516,1010325,199283,221775,0,0,0,12,Sandstone|Shale|Sandstone/Shale|Limestone|Chalk|Dolomite|Marl|Anhydrite|Halite|Coal|Basement|Tuff,139.72,r3_fullcurve_stats_20260930,global,False,full,full_curve,f4dff61307f0f2e705e9f9716f85c06458eb17f7,False,84a59b18b9d77acfd78337dcc7e6fd2885b5dc948e5061d8377c0b5b28b35914,D:\工作空间\测井\cross_well_dg\configs\paper_r3_multirep.yaml,ad27bc4a4c2030f6b685d649e8202a3c319953151b820708273591300df27f2d,9d2c7ad879a80eef284e32d0dadee42e995aeacfcc54dedeef5e09c73767b0b5,43041111a78dd4726423d9f43fb9a3cc00d7284ebd9c49071c459697b99c0e87,91c87c5b4f834397daa00b01ae727b059675863211f044645de62d451cfb8c46,0.35570314494593797,results\multirep\details\well_id\seed113_lgbm_global.json,139.8
well_id,protocol1_random_wells,113,lgbm_wellnorm,closed_set,closed_set,0.27636616912654544,0.6705264344493292,0.11290004150588101,0.15433060255880643,0.39497955358250963,0.06525372120391061,0.07496437616666068,1010325,199283,221775,0,0,0,12,Sandstone|Shale|Sandstone/Shale|Limestone|Chalk|Dolomite|Marl|Anhydrite|Halite|Coal|Basement|Tuff,166.66,r3_fullcurve_stats_20260930,wellnorm,True,full,full_curve,f4dff61307f0f2e705e9f9716f85c06458eb17f7,False,84a59b18b9d77acfd78337dcc7e6fd2885b5dc948e5061d8377c0b5b28b35914,D:\工作空间\测井\cross_well_dg\configs\paper_r3_multirep.yaml,ad27bc4a4c2030f6b685d649e8202a3c319953151b820708273591300df27f2d,5bebe90abf4e23ffaf8aaf20db4953bcbf6850267df7c4799e66fe2b05f01ac3,43041111a78dd4726423d9f43fb9a3cc00d7284ebd9c49071c459697b99c0e87,91c87c5b4f834397daa00b01ae727b059675863211f044645de62d451cfb8c46,0.30699323393605615,results\multirep\details\well_id\seed113_lgbm_wellnorm.json,166.76
well_id,protocol1_random_wells,113,lgbm_hybrid_norel,closed_set,closed_set,0.35755560707159,0.6816458121970466,0.17113546174632946,0.20241439432725378,0.422883083819937,0.07789777563605937,0.08168640499620919,1010325,199283,221775,0,0,0,12,Sandstone|Shale|Sandstone/Shale|Limestone|Chalk|Dolomite|Marl|Anhydrite|Halite|Coal|Basement|Tuff,169.26,r3_fullcurve_stats_20260930,hybrid,False,full,full_curve,f4dff61307f0f2e705e9f9716f85c06458eb17f7,False,84a59b18b9d77acfd78337dcc7e6fd2885b5dc948e5061d8377c0b5b28b35914,D:\工作空间\测井\cross_well_dg\configs\paper_r3_multirep.yaml,ad27bc4a4c2030f6b685d649e8202a3c319953151b820708273591300df27f2d,541d91be3eb41014f35c930411cfd23c85379321ea069333a4b0bf8e44def757,43041111a78dd4726423d9f43fb9a3cc00d7284ebd9c49071c459697b99c0e87,91c87c5b4f834397daa00b01ae727b059675863211f044645de62d451cfb8c46,0.34883432860799163,results\multirep\details\well_id\seed113_lgbm_hybrid_norel.json,169.32
well_id,protocol1_random_wells,113,lgbm_hybrid,closed_set,closed_set,0.36551782573263375,0.6837560590688762,0.15314926667312279,0.2170511237631052,0.4267809710480312,0.07458365700148753,0.08475678976696902,1010325,199283,221775,0,0,0,12,Sandstone|Shale|Sandstone/Shale|Limestone|Chalk|Dolomite|Marl|Anhydrite|Halite|Coal|Basement|Tuff,237.86,r3_fullcurve_stats_20260930,hybrid,True,full,full_curve,f4dff61307f0f2e705e9f9716f85c06458eb17f7,False,84a59b18b9d77acfd78337dcc7e6fd2885b5dc948e5061d8377c0b5b28b35914,D:\工作空间\测井\cross_well_dg\configs\paper_r3_multirep.yaml,ad27bc4a4c2030f6b685d649e8202a3c319953151b820708273591300df27f2d,a9584710f6740238911d842e0e49d5039400bf72c84a40e420357b244e624b41,43041111a78dd4726423d9f43fb9a3cc00d7284ebd9c49071c459697b99c0e87,91c87c5b4f834397daa00b01ae727b059675863211f044645de62d451cfb8c46,0.36190424699447526,results\multirep\details\well_id\seed113_lgbm_hybrid.json,237.99
well_id,protocol1_random_wells,113,lgbm_hybrid_while,closed_set,closed_set,0.3433871707407383,0.6691015669033931,0.20543811870131978,0.23086458905353935,0.4294660151967779,0.0732586146542833,0.09942729619233237,1010325,199283,221775,0,0,0,12,Sandstone|Shale|Sandstone/Shale|Limestone|Chalk|Dolomite|Marl|Anhydrite|Halite|Coal|Basement|Tuff,280.83,r3_fullcurve_stats_20260930,hybrid,False,causal,full_curve,f4dff61307f0f2e705e9f9716f85c06458eb17f7,False,84a59b18b9d77acfd78337dcc7e6fd2885b5dc948e5061d8377c0b5b28b35914,D:\工作空间\测井\cross_well_dg\configs\paper_r3_multirep.yaml,ad27bc4a4c2030f6b685d649e8202a3c319953151b820708273591300df27f2d,80f751dcf6b86b3652b6c19bb1a93794dc1505ee4ff531e017226f9a7d9ef995,43041111a78dd4726423d9f43fb9a3cc00d7284ebd9c49071c459697b99c0e87,91c87c5b4f834397daa00b01ae727b059675863211f044645de62d451cfb8c46,0.36713203039485837,results\multirep\details\well_id\seed113_lgbm_hybrid_while.json,280.95
well_id,protocol1_random_wells,113,lgbm_hybrid_smooth,closed_set,closed_set,0.36861788599810397,0.688211024687183,0.14895970993586735,0.21492731896178485,0.4247162197715173,0.07355280077234362,0.08359222171745553,1010325,199283,221775,0,0,0,12,Sandstone|Shale|Sandstone/Shale|Limestone|Chalk|Dolomite|Marl|Anhydrite|Halite|Coal|Basement|Tuff,295.94,r3_fullcurve_stats_20260930,hybrid,True,full,full_curve,f4dff61307f0f2e705e9f9716f85c06458eb17f7,False,84a59b18b9d77acfd78337dcc7e6fd2885b5dc948e5061d8377c0b5b28b35914,D:\工作空间\测井\cross_well_dg\configs\paper_r3_multirep.yaml,ad27bc4a4c2030f6b685d649e8202a3c319953151b820708273591300df27f2d,a9584710f6740238911d842e0e49d5039400bf72c84a40e420357b244e624b41,43041111a78dd4726423d9f43fb9a3cc00d7284ebd9c49071c459697b99c0e87,91c87c5b4f834397daa00b01ae727b059675863211f044645de62d451cfb8c46,0.36522083332955424,results\multirep\details\well_id\seed113_lgbm_hybrid_smooth.json,296.02
well_id,protocol1_random_wells,127,lgbm_global,open_set,open_set,0.31961630286516396,0.6251048350166964,0.1233541296937876,0.16372171320176607,0.3804872217238491,0.05607005895172164,0.07685354517620373,1022708,214322,194353,141,0,0,11,Sandstone|Shale|Sandstone/Shale|Limestone|Chalk|Dolomite|Marl|Anhydrite|Halite|Coal|Tuff,163.86,r3_fullcurve_stats_20260930,global,False,full,full_curve,f4dff61307f0f2e705e9f9716f85c06458eb17f7,False,84a59b18b9d77acfd78337dcc7e6fd2885b5dc948e5061d8377c0b5b28b35914,D:\工作空间\测井\cross_well_dg\configs\paper_r3_multirep.yaml,c2acbaf132372d21035ad492edb59266fd0554ebb0f80a1767542d23f91a7137,9d2c7ad879a80eef284e32d0dadee42e995aeacfcc54dedeef5e09c73767b0b5,43041111a78dd4726423d9f43fb9a3cc00d7284ebd9c49071c459697b99c0e87,91c87c5b4f834397daa00b01ae727b059675863211f044645de62d451cfb8c46,0.3840055553524404,results\multirep\details\well_id\seed127_lgbm_global.json,163.92
well_id,protocol1_random_wells,127,lgbm_wellnorm,open_set,open_set,0.2756940966648686,0.6128282043498171,0.20304481705544164,0.22091387900514614,0.36697937299658184,0.10999694212652104,0.11542282109461832,1022708,214322,194353,141,0,0,11,Sandstone|Shale|Sandstone/Shale|Limestone|Chalk|Dolomite|Marl|Anhydrite|Halite|Coal|Tuff,238.6,r3_fullcurve_stats_20260930,wellnorm,True,full,full_curve,f4dff61307f0f2e705e9f9716f85c06458eb17f7,False,84a59b18b9d77acfd78337dcc7e6fd2885b5dc948e5061d8377c0b5b28b35914,D:\工作空间\测井\cross_well_dg\configs\paper_r3_multirep.yaml,c2acbaf132372d21035ad492edb59266fd0554ebb0f80a1767542d23f91a7137,5bebe90abf4e23ffaf8aaf20db4953bcbf6850267df7c4799e66fe2b05f01ac3,43041111a78dd4726423d9f43fb9a3cc00d7284ebd9c49071c459697b99c0e87,91c87c5b4f834397daa00b01ae727b059675863211f044645de62d451cfb8c46,0.38956116702218585,results\multirep\details\well_id\seed127_lgbm_wellnorm.json,238.72
well_id,protocol1_random_wells,127,lgbm_hybrid_norel,open_set,open_set,0.2735530458299205,0.6405200845883521,0.08242457731618831,0.12396940016100394,0.3888265733900394,0.037465716961903775,0.08644322243787808,1022708,214322,194353,141,0,0,11,Sandstone|Shale|Sandstone/Shale|Limestone|Chalk|Dolomite|Marl|Anhydrite|Halite|Coal|Tuff,213.53,r3_fullcurve_stats_20260930,hybrid,False,full,full_curve,f4dff61307f0f2e705e9f9716f85c06458eb17f7,False,84a59b18b9d77acfd78337dcc7e6fd2885b5dc948e5061d8377c0b5b28b35914,D:\工作空间\测井\cross_well_dg\configs\paper_r3_multirep.yaml,c2acbaf132372d21035ad492edb59266fd0554ebb0f80a1767542d23f91a7137,541d91be3eb41014f35c930411cfd23c85379321ea069333a4b0bf8e44def757,43041111a78dd4726423d9f43fb9a3cc00d7284ebd9c49071c459697b99c0e87,91c87c5b4f834397daa00b01ae727b059675863211f044645de62d451cfb8c46,0.4197237857553523,results\multirep\details\well_id\seed127_lgbm_hybrid_norel.json,213.64
well_id,protocol1_random_wells,127,lgbm_hybrid,open_set,open_set,0.28675532657023833,0.6466532546448988,0.16042893561803695,0.18157937582286138,0.39605033758078984,0.07292224346274406,0.1134345230447511,1022708,214322,194353,141,0,0,11,Sandstone|Shale|Sandstone/Shale|Limestone|Chalk|Dolomite|Marl|Anhydrite|Halite|Coal|Tuff,223.51,r3_fullcurve_stats_20260930,hybrid,True,full,full_curve,f4dff61307f0f2e705e9f9716f85c06458eb17f7,False,84a59b18b9d77acfd78337dcc7e6fd2885b5dc948e5061d8377c0b5b28b35914,D:\工作空间\测井\cross_well_dg\configs\paper_r3_multirep.yaml,c2acbaf132372d21035ad492edb59266fd0554ebb0f80a1767542d23f91a7137,a9584710f6740238911d842e0e49d5039400bf72c84a40e420357b244e624b41,43041111a78dd4726423d9f43fb9a3cc00d7284ebd9c49071c459697b99c0e87,91c87c5b4f834397daa00b01ae727b059675863211f044645de62d451cfb8c46,0.38565449561325144,results\multirep\details\well_id\seed127_lgbm_hybrid.json,223.57
well_id,protocol1_random_wells,127,lgbm_hybrid_while,open_set,open_set,0.28502466915804114,0.6445436911187375,0.16248758792524903,0.16580266435084537,0.40959894105851574,0.07687170035292805,0.10490804523679317,1022708,214322,194353,141,0,0,11,Sandstone|Shale|Sandstone/Shale|Limestone|Chalk|Dolomite|Marl|Anhydrite|Halite|Coal|Tuff,230.25,r3_fullcurve_stats_20260930,hybrid,False,causal,full_curve,f4dff61307f0f2e705e9f9716f85c06458eb17f7,False,84a59b18b9d77acfd78337dcc7e6fd2885b5dc948e5061d8377c0b5b28b35914,D:\工作空间\测井\cross_well_dg\configs\paper_r3_multirep.yaml,c2acbaf132372d21035ad492edb59266fd0554ebb0f80a1767542d23f91a7137,80f751dcf6b86b3652b6c19bb1a93794dc1505ee4ff531e017226f9a7d9ef995,43041111a78dd4726423d9f43fb9a3cc00d7284ebd9c49071c459697b99c0e87,91c87c5b4f834397daa00b01ae727b059675863211f044645de62d451cfb8c46,0.3799171723475465,results\multirep\details\well_id\seed127_lgbm_hybrid_while.json,230.53
well_id,protocol1_random_wells,127,lgbm_hybrid_smooth,open_set,open_set,0.2880589474270369,0.6525343061336846,0.1606989416937537,0.18111369029127022,0.393873014060586,0.07304497349716077,0.1113733856110743,1022708,214322,194353,141,0,0,11,Sandstone|Shale|Sandstone/Shale|Limestone|Chalk|Dolomite|Marl|Anhydrite|Halite|Coal|Tuff,193.59,r3_fullcurve_stats_20260930,hybrid,True,full,full_curve,f4dff61307f0f2e705e9f9716f85c06458eb17f7,False,84a59b18b9d77acfd78337dcc7e6fd2885b5dc948e5061d8377c0b5b28b35914,D:\工作空间\测井\cross_well_dg\configs\paper_r3_multirep.yaml,c2acbaf132372d21035ad492edb59266fd0554ebb0f80a1767542d23f91a7137,a9584710f6740238911d842e0e49d5039400bf72c84a40e420357b244e624b41,43041111a78dd4726423d9f43fb9a3cc00d7284ebd9c49071c459697b99c0e87,91c87c5b4f834397daa00b01ae727b059675863211f044645de62d451cfb8c46,0.38925428621498226,results\multirep\details\well_id\seed127_lgbm_hybrid_smooth.json,193.66
well_id,protocol1_random_wells,131,lgbm_global,closed_set,closed_set,0.3012165444976924,0.5093585266576214,0.15634559036898968,0.1890106856838235,0.36690750357884006,0.06514399598707903,0.06702244921349085,1078737,172810,179836,0,0,0,12,Sandstone|Shale|Sandstone/Shale|Limestone|Chalk|Dolomite|Marl|Anhydrite|Halite|Coal|Basement|Tuff,180.94,r3_fullcurve_stats_20260930,global,False,full,full_curve,f4dff61307f0f2e705e9f9716f85c06458eb17f7,False,84a59b18b9d77acfd78337dcc7e6fd2885b5dc948e5061d8377c0b5b28b35914,D:\工作空间\测井\cross_well_dg\configs\paper_r3_multirep.yaml,5973af28afea2f10e4989d4c3262685613aa02fc1126a0dfdb6858b267f48892,9d2c7ad879a80eef284e32d0dadee42e995aeacfcc54dedeef5e09c73767b0b5,43041111a78dd4726423d9f43fb9a3cc00d7284ebd9c49071c459697b99c0e87,91c87c5b4f834397daa00b01ae727b059675863211f044645de62d451cfb8c46,0.27584964896192427,results\multirep\details\well_id\seed131_lgbm_global.json,181.02
well_id,protocol1_random_wells,131,lgbm_wellnorm,closed_set,closed_set,0.29975889578325354,0.5867679441268712,0.2127189833429064,0.22564615056770487,0.37611921709697144,0.088632909726211,0.09401922940321036,1078737,172810,179836,0,0,0,12,Sandstone|Shale|Sandstone/Shale|Limestone|Chalk|Dolomite|Marl|Anhydrite|Halite|Coal|Basement|Tuff,323.53,r3_fullcurve_stats_20260930,wellnorm,True,full,full_curve,f4dff61307f0f2e705e9f9716f85c06458eb17f7,False,84a59b18b9d77acfd78337dcc7e6fd2885b5dc948e5061d8377c0b5b28b35914,D:\工作空间\测井\cross_well_dg\configs\paper_r3_multirep.yaml,5973af28afea2f10e4989d4c3262685613aa02fc1126a0dfdb6858b267f48892,5bebe90abf4e23ffaf8aaf20db4953bcbf6850267df7c4799e66fe2b05f01ac3,43041111a78dd4726423d9f43fb9a3cc00d7284ebd9c49071c459697b99c0e87,91c87c5b4f834397daa00b01ae727b059675863211f044645de62d451cfb8c46,0.2682002865167331,results\multirep\details\well_id\seed131_lgbm_wellnorm.json,323.61
well_id,protocol1_random_wells,131,lgbm_hybrid_norel,closed_set,closed_set,0.3362624761277834,0.5922840810516248,0.13401574744231937,0.1960352907485767,0.3926104908515824,0.05583989476763307,0.07493557704030063,1078737,172810,179836,0,0,0,12,Sandstone|Shale|Sandstone/Shale|Limestone|Chalk|Dolomite|Marl|Anhydrite|Halite|Coal|Basement|Tuff,297.48,r3_fullcurve_stats_20260930,hybrid,False,full,full_curve,f4dff61307f0f2e705e9f9716f85c06458eb17f7,False,84a59b18b9d77acfd78337dcc7e6fd2885b5dc948e5061d8377c0b5b28b35914,D:\工作空间\测井\cross_well_dg\configs\paper_r3_multirep.yaml,5973af28afea2f10e4989d4c3262685613aa02fc1126a0dfdb6858b267f48892,541d91be3eb41014f35c930411cfd23c85379321ea069333a4b0bf8e44def757,43041111a78dd4726423d9f43fb9a3cc00d7284ebd9c49071c459697b99c0e87,91c87c5b4f834397daa00b01ae727b059675863211f044645de62d451cfb8c46,0.29444336213672334,results\multirep\details\well_id\seed131_lgbm_hybrid_norel.json,297.61
well_id,protocol1_random_wells,131,lgbm_hybrid,closed_set,closed_set,0.3414629939452746,0.6045841766943215,0.11281331536960645,0.13661404926530846,0.4001963984724228,0.04700554807066936,0.05692252052721185,1078737,172810,179836,0,0,0,12,Sandstone|Shale|Sandstone/Shale|Limestone|Chalk|Dolomite|Marl|Anhydrite|Halite|Coal|Basement|Tuff,295.15,r3_fullcurve_stats_20260930,hybrid,True,full,full_curve,f4dff61307f0f2e705e9f9716f85c06458eb17f7,False,84a59b18b9d77acfd78337dcc7e6fd2885b5dc948e5061d8377c0b5b28b35914,D:\工作空间\测井\cross_well_dg\configs\paper_r3_multirep.yaml,5973af28afea2f10e4989d4c3262685613aa02fc1126a0dfdb6858b267f48892,a9584710f6740238911d842e0e49d5039400bf72c84a40e420357b244e624b41,43041111a78dd4726423d9f43fb9a3cc00d7284ebd9c49071c459697b99c0e87,91c87c5b4f834397daa00b01ae727b059675863211f044645de62d451cfb8c46,0.3147745503281312,results\multirep\details\well_id\seed131_lgbm_hybrid.json,295.26
well_id,protocol1_random_wells,131,lgbm_hybrid_while,closed_set,closed_set,0.3592865723246637,0.5999632998954603,0.16626336418980903,0.17712556976472277,0.4027779122443927,0.06927640174575377,0.07380232073530116,1078737,172810,179836,0,0,0,12,Sandstone|Shale|Sandstone/Shale|Limestone|Chalk|Dolomite|Marl|Anhydrite|Halite|Coal|Basement|Tuff,304.82,r3_fullcurve_stats_20260930,hybrid,False,causal,full_curve,f4dff61307f0f2e705e9f9716f85c06458eb17f7,False,84a59b18b9d77acfd78337dcc7e6fd2885b5dc948e5061d8377c0b5b28b35914,D:\工作空间\测井\cross_well_dg\configs\paper_r3_multirep.yaml,5973af28afea2f10e4989d4c3262685613aa02fc1126a0dfdb6858b267f48892,80f751dcf6b86b3652b6c19bb1a93794dc1505ee4ff531e017226f9a7d9ef995,43041111a78dd4726423d9f43fb9a3cc00d7284ebd9c49071c459697b99c0e87,91c87c5b4f834397daa00b01ae727b059675863211f044645de62d451cfb8c46,0.313037521157572,results\multirep\details\well_id\seed131_lgbm_hybrid_while.json,304.94
well_id,protocol1_random_wells,131,lgbm_hybrid_smooth,closed_set,closed_set,0.34210162788569365,0.610478435908272,0.1150787819079575,0.13587654141020705,0.4004703145058675,0.04794949246164896,0.056615225587586276,1078737,172810,179836,0,0,0,12,Sandstone|Shale|Sandstone/Shale|Limestone|Chalk|Dolomite|Marl|Anhydrite|Halite|Coal|Basement|Tuff,213.9,r3_fullcurve_stats_20260930,hybrid,True,full,full_curve,f4dff61307f0f2e705e9f9716f85c06458eb17f7,False,84a59b18b9d77acfd78337dcc7e6fd2885b5dc948e5061d8377c0b5b28b35914,D:\工作空间\测井\cross_well_dg\configs\paper_r3_multirep.yaml,5973af28afea2f10e4989d4c3262685613aa02fc1126a0dfdb6858b267f48892,a9584710f6740238911d842e0e49d5039400bf72c84a40e420357b244e624b41,43041111a78dd4726423d9f43fb9a3cc00d7284ebd9c49071c459697b99c0e87,91c87c5b4f834397daa00b01ae727b059675863211f044645de62d451cfb8c46,0.3150042974776143,results\multirep\details\well_id\seed131_lgbm_hybrid_smooth.json,213.95
well_id,protocol1_random_wells,139,lgbm_global,closed_set,closed_set,0.28951570131187104,0.6170521122417515,0.23970352804338513,0.24772847546397841,0.3797675652204049,0.07990117601446171,0.09323255110818329,1023778,245455,162150,0,0,0,12,Sandstone|Shale|Sandstone/Shale|Limestone|Chalk|Dolomite|Marl|Anhydrite|Halite|Coal|Basement|Tuff,123.02,r3_fullcurve_stats_20260930,global,False,full,full_curve,f4dff61307f0f2e705e9f9716f85c06458eb17f7,False,84a59b18b9d77acfd78337dcc7e6fd2885b5dc948e5061d8377c0b5b28b35914,D:\工作空间\测井\cross_well_dg\configs\paper_r3_multirep.yaml,decf741e89d29914d0691bccb52c280af2fc9d434288180837fc259a957698dd,9d2c7ad879a80eef284e32d0dadee42e995aeacfcc54dedeef5e09c73767b0b5,43041111a78dd4726423d9f43fb9a3cc00d7284ebd9c49071c459697b99c0e87,91c87c5b4f834397daa00b01ae727b059675863211f044645de62d451cfb8c46,0.32196873626221173,results\multirep\details\well_id\seed139_lgbm_global.json,123.11
well_id,protocol1_random_wells,139,lgbm_wellnorm,closed_set,closed_set,0.33167478762890773,0.6648905334566759,0.23382213983505828,0.2505096658034729,0.4218727027667687,0.07794071327835277,0.0946364382583196,1023778,245455,162150,0,0,0,12,Sandstone|Shale|Sandstone/Shale|Limestone|Chalk|Dolomite|Marl|Anhydrite|Halite|Coal|Basement|Tuff,119.0,r3_fullcurve_stats_20260930,wellnorm,True,full,full_curve,f4dff61307f0f2e705e9f9716f85c06458eb17f7,False,84a59b18b9d77acfd78337dcc7e6fd2885b5dc948e5061d8377c0b5b28b35914,D:\工作空间\测井\cross_well_dg\configs\paper_r3_multirep.yaml,decf741e89d29914d0691bccb52c280af2fc9d434288180837fc259a957698dd,5bebe90abf4e23ffaf8aaf20db4953bcbf6850267df7c4799e66fe2b05f01ac3,43041111a78dd4726423d9f43fb9a3cc00d7284ebd9c49071c459697b99c0e87,91c87c5b4f834397daa00b01ae727b059675863211f044645de62d451cfb8c46,0.2758793758866616,results\multirep\details\well_id\seed139_lgbm_wellnorm.json,119.04
well_id,protocol1_random_wells,139,lgbm_hybrid_norel,closed_set,closed_set,0.34257808158521635,0.7139007092198582,0.29607039600222074,0.30021225299950827,0.4380889337267373,0.12681421249866495,0.13598812857420883,1023778,245455,162150,0,0,0,12,Sandstone|Shale|Sandstone/Shale|Limestone|Chalk|Dolomite|Marl|Anhydrite|Halite|Coal|Basement|Tuff,205.54,r3_fullcurve_stats_20260930,hybrid,False,full,full_curve,f4dff61307f0f2e705e9f9716f85c06458eb17f7,False,84a59b18b9d77acfd78337dcc7e6fd2885b5dc948e5061d8377c0b5b28b35914,D:\工作空间\测井\cross_well_dg\configs\paper_r3_multirep.yaml,decf741e89d29914d0691bccb52c280af2fc9d434288180837fc259a957698dd,541d91be3eb41014f35c930411cfd23c85379321ea069333a4b0bf8e44def757,43041111a78dd4726423d9f43fb9a3cc00d7284ebd9c49071c459697b99c0e87,91c87c5b4f834397daa00b01ae727b059675863211f044645de62d451cfb8c46,0.40705624851817657,results\multirep\details\well_id\seed139_lgbm_hybrid_norel.json,205.59
well_id,protocol1_random_wells,139,lgbm_hybrid,closed_set,closed_set,0.34069679287154975,0.7123095898859081,0.3081133998733279,0.31675601106071805,0.46341679254101337,0.1283805832805533,0.14553994720230368,1023778,245455,162150,0,0,0,12,Sandstone|Shale|Sandstone/Shale|Limestone|Chalk|Dolomite|Marl|Anhydrite|Halite|Coal|Basement|Tuff,167.66,r3_fullcurve_stats_20260930,hybrid,True,full,full_curve,f4dff61307f0f2e705e9f9716f85c06458eb17f7,False,84a59b18b9d77acfd78337dcc7e6fd2885b5dc948e5061d8377c0b5b28b35914,D:\工作空间\测井\cross_well_dg\configs\paper_r3_multirep.yaml,decf741e89d29914d0691bccb52c280af2fc9d434288180837fc259a957698dd,a9584710f6740238911d842e0e49d5039400bf72c84a40e420357b244e624b41,43041111a78dd4726423d9f43fb9a3cc00d7284ebd9c49071c459697b99c0e87,91c87c5b4f834397daa00b01ae727b059675863211f044645de62d451cfb8c46,0.41392678451571235,results\multirep\details\well_id\seed139_lgbm_hybrid.json,167.71
well_id,protocol1_random_wells,139,lgbm_hybrid_while,closed_set,closed_set,0.3378897168014062,0.7087758248535306,0.305748081153552,0.31977680218093507,0.4490900739689566,0.12739503381398,0.14522744581334518,1023778,245455,162150,0,0,0,12,Sandstone|Shale|Sandstone/Shale|Limestone|Chalk|Dolomite|Marl|Anhydrite|Halite|Coal|Basement|Tuff,212.9,r3_fullcurve_stats_20260930,hybrid,False,causal,full_curve,f4dff61307f0f2e705e9f9716f85c06458eb17f7,False,84a59b18b9d77acfd78337dcc7e6fd2885b5dc948e5061d8377c0b5b28b35914,D:\工作空间\测井\cross_well_dg\configs\paper_r3_multirep.yaml,decf741e89d29914d0691bccb52c280af2fc9d434288180837fc259a957698dd,80f751dcf6b86b3652b6c19bb1a93794dc1505ee4ff531e017226f9a7d9ef995,43041111a78dd4726423d9f43fb9a3cc00d7284ebd9c49071c459697b99c0e87,91c87c5b4f834397daa00b01ae727b059675863211f044645de62d451cfb8c46,0.402952660403923,results\multirep\details\well_id\seed139_lgbm_hybrid_while.json,212.96
well_id,protocol1_random_wells,139,lgbm_hybrid_smooth,closed_set,closed_set,0.34383668382770916,0.7180881899475794,0.307547824399954,0.31594008830209586,0.46553821948292184,0.12814492683331416,0.1451555514677165,1023778,245455,162150,0,0,0,12,Sandstone|Shale|Sandstone/Shale|Limestone|Chalk|Dolomite|Marl|Anhydrite|Halite|Coal|Basement|Tuff,172.9,r3_fullcurve_stats_20260930,hybrid,True,full,full_curve,f4dff61307f0f2e705e9f9716f85c06458eb17f7,False,84a59b18b9d77acfd78337dcc7e6fd2885b5dc948e5061d8377c0b5b28b35914,D:\工作空间\测井\cross_well_dg\configs\paper_r3_multirep.yaml,decf741e89d29914d0691bccb52c280af2fc9d434288180837fc259a957698dd,a9584710f6740238911d842e0e49d5039400bf72c84a40e420357b244e624b41,43041111a78dd4726423d9f43fb9a3cc00d7284ebd9c49071c459697b99c0e87,91c87c5b4f834397daa00b01ae727b059675863211f044645de62d451cfb8c46,0.4147121348870103,results\multirep\details\well_id\seed139_lgbm_hybrid_smooth.json,172.96
well_id,protocol1_random_wells,149,lgbm_global,closed_set,closed_set,0.2897629207842228,0.5350121138560789,0.1472229255756193,0.17669302862522346,0.39050476500913406,0.08030341395033781,0.10918598200452562,994562,224939,211741,0,141,141,11,Sandstone|Shale|Sandstone/Shale|Limestone|Chalk|Dolomite|Marl|Anhydrite|Halite|Coal|Tuff,96.89,r3_fullcurve_stats_20260930,global,False,full,full_curve,f4dff61307f0f2e705e9f9716f85c06458eb17f7,False,84a59b18b9d77acfd78337dcc7e6fd2885b5dc948e5061d8377c0b5b28b35914,D:\工作空间\测井\cross_well_dg\configs\paper_r3_multirep.yaml,7af1f1504f2d7c16fd952d8ca70f95ca9eac5d2147547683c43d95ceecc855d2,9d2c7ad879a80eef284e32d0dadee42e995aeacfcc54dedeef5e09c73767b0b5,43041111a78dd4726423d9f43fb9a3cc00d7284ebd9c49071c459697b99c0e87,91c87c5b4f834397daa00b01ae727b059675863211f044645de62d451cfb8c46,0.2740301639315194,results\multirep\details\well_id\seed149_lgbm_global.json,96.99
well_id,protocol1_random_wells,149,lgbm_wellnorm,closed_set,closed_set,0.2961317364314836,0.6264776306903245,0.17410459797033936,0.1872884303780175,0.4050977532186283,0.1093485069740158,0.1258988617476013,994562,224939,211741,0,141,141,11,Sandstone|Shale|Sandstone/Shale|Limestone|Chalk|Dolomite|Marl|Anhydrite|Halite|Coal|Tuff,135.69,r3_fullcurve_stats_20260930,wellnorm,True,full,full_curve,f4dff61307f0f2e705e9f9716f85c06458eb17f7,False,84a59b18b9d77acfd78337dcc7e6fd2885b5dc948e5061d8377c0b5b28b35914,D:\工作空间\测井\cross_well_dg\configs\paper_r3_multirep.yaml,7af1f1504f2d7c16fd952d8ca70f95ca9eac5d2147547683c43d95ceecc855d2,5bebe90abf4e23ffaf8aaf20db4953bcbf6850267df7c4799e66fe2b05f01ac3,43041111a78dd4726423d9f43fb9a3cc00d7284ebd9c49071c459697b99c0e87,91c87c5b4f834397daa00b01ae727b059675863211f044645de62d451cfb8c46,0.24934044263600832,results\multirep\details\well_id\seed149_lgbm_wellnorm.json,135.75
well_id,protocol1_random_wells,149,lgbm_hybrid_norel,closed_set,closed_set,0.33627011221335895,0.6180097383123722,0.18573872943562694,0.19781747594878063,0.42164201840271714,0.10131203423761469,0.13213576033609578,994562,224939,211741,0,141,141,11,Sandstone|Shale|Sandstone/Shale|Limestone|Chalk|Dolomite|Marl|Anhydrite|Halite|Coal|Tuff,156.98,r3_fullcurve_stats_20260930,hybrid,False,full,full_curve,f4dff61307f0f2e705e9f9716f85c06458eb17f7,False,84a59b18b9d77acfd78337dcc7e6fd2885b5dc948e5061d8377c0b5b28b35914,D:\工作空间\测井\cross_well_dg\configs\paper_r3_multirep.yaml,7af1f1504f2d7c16fd952d8ca70f95ca9eac5d2147547683c43d95ceecc855d2,541d91be3eb41014f35c930411cfd23c85379321ea069333a4b0bf8e44def757,43041111a78dd4726423d9f43fb9a3cc00d7284ebd9c49071c459697b99c0e87,91c87c5b4f834397daa00b01ae727b059675863211f044645de62d451cfb8c46,0.2928092616160731,results\multirep\details\well_id\seed149_lgbm_hybrid_norel.json,157.04
well_id,protocol1_random_wells,149,lgbm_hybrid,closed_set,closed_set,0.35653032894429165,0.6385678730146735,0.22428705665615392,0.2284301215172344,0.4421707475196433,0.12233839453972033,0.15631277351553444,994562,224939,211741,0,141,141,11,Sandstone|Shale|Sandstone/Shale|Limestone|Chalk|Dolomite|Marl|Anhydrite|Halite|Coal|Tuff,167.63,r3_fullcurve_stats_20260930,hybrid,True,full,full_curve,f4dff61307f0f2e705e9f9716f85c06458eb17f7,False,84a59b18b9d77acfd78337dcc7e6fd2885b5dc948e5061d8377c0b5b28b35914,D:\工作空间\测井\cross_well_dg\configs\paper_r3_multirep.yaml,7af1f1504f2d7c16fd952d8ca70f95ca9eac5d2147547683c43d95ceecc855d2,a9584710f6740238911d842e0e49d5039400bf72c84a40e420357b244e624b41,43041111a78dd4726423d9f43fb9a3cc00d7284ebd9c49071c459697b99c0e87,91c87c5b4f834397daa00b01ae727b059675863211f044645de62d451cfb8c46,0.3027822287109348,results\multirep\details\well_id\seed149_lgbm_hybrid.json,167.69
well_id,protocol1_random_wells,149,lgbm_hybrid_while,closed_set,closed_set,0.3422241764155714,0.6190345752593971,0.19939799123806598,0.204758235159237,0.44357501752508854,0.10876254067530872,0.14033882996145763,994562,224939,211741,0,141,141,11,Sandstone|Shale|Sandstone/Shale|Limestone|Chalk|Dolomite|Marl|Anhydrite|Halite|Coal|Tuff,176.98,r3_fullcurve_stats_20260930,hybrid,False,causal,full_curve,f4dff61307f0f2e705e9f9716f85c06458eb17f7,False,84a59b18b9d77acfd78337dcc7e6fd2885b5dc948e5061d8377c0b5b28b35914,D:\工作空间\测井\cross_well_dg\configs\paper_r3_multirep.yaml,7af1f1504f2d7c16fd952d8ca70f95ca9eac5d2147547683c43d95ceecc855d2,80f751dcf6b86b3652b6c19bb1a93794dc1505ee4ff531e017226f9a7d9ef995,43041111a78dd4726423d9f43fb9a3cc00d7284ebd9c49071c459697b99c0e87,91c87c5b4f834397daa00b01ae727b059675863211f044645de62d451cfb8c46,0.3432058887885486,results\multirep\details\well_id\seed149_lgbm_hybrid_while.json,177.07
well_id,protocol1_random_wells,149,lgbm_hybrid_smooth,closed_set,closed_set,0.35791215702173784,0.642586934037338,0.22431680943322863,0.22713828221349713,0.44411557858114636,0.12235462332721561,0.1552517568883301,994562,224939,211741,0,141,141,11,Sandstone|Shale|Sandstone/Shale|Limestone|Chalk|Dolomite|Marl|Anhydrite|Halite|Coal|Tuff,192.16,r3_fullcurve_stats_20260930,hybrid,True,full,full_curve,f4dff61307f0f2e705e9f9716f85c06458eb17f7,False,84a59b18b9d77acfd78337dcc7e6fd2885b5dc948e5061d8377c0b5b28b35914,D:\工作空间\测井\cross_well_dg\configs\paper_r3_multirep.yaml,7af1f1504f2d7c16fd952d8ca70f95ca9eac5d2147547683c43d95ceecc855d2,a9584710f6740238911d842e0e49d5039400bf72c84a40e420357b244e624b41,43041111a78dd4726423d9f43fb9a3cc00d7284ebd9c49071c459697b99c0e87,91c87c5b4f834397daa00b01ae727b059675863211f044645de62d451cfb8c46,0.30142990582585355,results\multirep\details\well_id\seed149_lgbm_hybrid_smooth.json,192.23
well_id,protocol1_random_wells,151,lgbm_global,closed_set,closed_set,0.3256623433574477,0.6332237829701892,0.17653898508452245,0.1963847997074395,0.36760960180304053,0.1029810746326381,0.1055481908989082,954273,227301,249809,0,0,0,12,Sandstone|Shale|Sandstone/Shale|Limestone|Chalk|Dolomite|Marl|Anhydrite|Halite|Coal|Basement|Tuff,128.0,r3_fullcurve_stats_20260930,global,False,full,full_curve,f4dff61307f0f2e705e9f9716f85c06458eb17f7,False,84a59b18b9d77acfd78337dcc7e6fd2885b5dc948e5061d8377c0b5b28b35914,D:\工作空间\测井\cross_well_dg\configs\paper_r3_multirep.yaml,1978e8908b795562f9da3382f027f00598f99f42068e467a8b3623df13064e05,9d2c7ad879a80eef284e32d0dadee42e995aeacfcc54dedeef5e09c73767b0b5,43041111a78dd4726423d9f43fb9a3cc00d7284ebd9c49071c459697b99c0e87,91c87c5b4f834397daa00b01ae727b059675863211f044645de62d451cfb8c46,0.40118952891251214,results\multirep\details\well_id\seed151_lgbm_global.json,128.08
well_id,protocol1_random_wells,151,lgbm_wellnorm,closed_set,closed_set,0.32126672623993063,0.6030927628708334,0.18604567952769993,0.2059995107463337,0.37328714710524,0.07751903313654164,0.10138883752640307,954273,227301,249809,0,0,0,12,Sandstone|Shale|Sandstone/Shale|Limestone|Chalk|Dolomite|Marl|Anhydrite|Halite|Coal|Basement|Tuff,123.49,r3_fullcurve_stats_20260930,wellnorm,True,full,full_curve,f4dff61307f0f2e705e9f9716f85c06458eb17f7,False,84a59b18b9d77acfd78337dcc7e6fd2885b5dc948e5061d8377c0b5b28b35914,D:\工作空间\测井\cross_well_dg\configs\paper_r3_multirep.yaml,1978e8908b795562f9da3382f027f00598f99f42068e467a8b3623df13064e05,5bebe90abf4e23ffaf8aaf20db4953bcbf6850267df7c4799e66fe2b05f01ac3,43041111a78dd4726423d9f43fb9a3cc00d7284ebd9c49071c459697b99c0e87,91c87c5b4f834397daa00b01ae727b059675863211f044645de62d451cfb8c46,0.2910144827803696,results\multirep\details\well_id\seed151_lgbm_wellnorm.json,123.55
well_id,protocol1_random_wells,151,lgbm_hybrid_norel,closed_set,closed_set,0.3347935994299396,0.6235924246124038,0.2515712300789946,0.2572260864663753,0.3861166224741758,0.10482134586624775,0.12879567516606655,954273,227301,249809,0,0,0,12,Sandstone|Shale|Sandstone/Shale|Limestone|Chalk|Dolomite|Marl|Anhydrite|Halite|Coal|Basement|Tuff,186.69,r3_fullcurve_stats_20260930,hybrid,False,full,full_curve,f4dff61307f0f2e705e9f9716f85c06458eb17f7,False,84a59b18b9d77acfd78337dcc7e6fd2885b5dc948e5061d8377c0b5b28b35914,D:\工作空间\测井\cross_well_dg\configs\paper_r3_multirep.yaml,1978e8908b795562f9da3382f027f00598f99f42068e467a8b3623df13064e05,541d91be3eb41014f35c930411cfd23c85379321ea069333a4b0bf8e44def757,43041111a78dd4726423d9f43fb9a3cc00d7284ebd9c49071c459697b99c0e87,91c87c5b4f834397daa00b01ae727b059675863211f044645de62d451cfb8c46,0.42001555047564226,results\multirep\details\well_id\seed151_lgbm_hybrid_norel.json,186.78
well_id,protocol1_random_wells,151,lgbm_hybrid,closed_set,closed_set,0.3504552784602902,0.6367704926563895,0.12141370265320477,0.1792325786406303,0.3916301431431985,0.050589042772168656,0.09443452898593396,954273,227301,249809,0,0,0,12,Sandstone|Shale|Sandstone/Shale|Limestone|Chalk|Dolomite|Marl|Anhydrite|Halite|Coal|Basement|Tuff,214.57,r3_fullcurve_stats_20260930,hybrid,True,full,full_curve,f4dff61307f0f2e705e9f9716f85c06458eb17f7,False,84a59b18b9d77acfd78337dcc7e6fd2885b5dc948e5061d8377c0b5b28b35914,D:\工作空间\测井\cross_well_dg\configs\paper_r3_multirep.yaml,1978e8908b795562f9da3382f027f00598f99f42068e467a8b3623df13064e05,a9584710f6740238911d842e0e49d5039400bf72c84a40e420357b244e624b41,43041111a78dd4726423d9f43fb9a3cc00d7284ebd9c49071c459697b99c0e87,91c87c5b4f834397daa00b01ae727b059675863211f044645de62d451cfb8c46,0.4318660008336096,results\multirep\details\well_id\seed151_lgbm_hybrid.json,214.64
well_id,protocol1_random_wells,151,lgbm_hybrid_while,closed_set,closed_set,0.34395941662818474,0.62744736979052,0.16129313517137464,0.2115823547177138,0.38031184711556715,0.09408766218330189,0.10160040906332865,954273,227301,249809,0,0,0,12,Sandstone|Shale|Sandstone/Shale|Limestone|Chalk|Dolomite|Marl|Anhydrite|Halite|Coal|Basement|Tuff,201.07,r3_fullcurve_stats_20260930,hybrid,False,causal,full_curve,f4dff61307f0f2e705e9f9716f85c06458eb17f7,False,84a59b18b9d77acfd78337dcc7e6fd2885b5dc948e5061d8377c0b5b28b35914,D:\工作空间\测井\cross_well_dg\configs\paper_r3_multirep.yaml,1978e8908b795562f9da3382f027f00598f99f42068e467a8b3623df13064e05,80f751dcf6b86b3652b6c19bb1a93794dc1505ee4ff531e017226f9a7d9ef995,43041111a78dd4726423d9f43fb9a3cc00d7284ebd9c49071c459697b99c0e87,91c87c5b4f834397daa00b01ae727b059675863211f044645de62d451cfb8c46,0.39234062725449853,results\multirep\details\well_id\seed151_lgbm_hybrid_while.json,201.16
well_id,protocol1_random_wells,151,lgbm_hybrid_smooth,closed_set,closed_set,0.3529407969314089,0.6396046579586804,0.11349206349206349,0.1761355384403866,0.3897791219000793,0.04728835978835979,0.09328805879922022,954273,227301,249809,0,0,0,12,Sandstone|Shale|Sandstone/Shale|Limestone|Chalk|Dolomite|Marl|Anhydrite|Halite|Coal|Basement|Tuff,229.25,r3_fullcurve_stats_20260930,hybrid,True,full,full_curve,f4dff61307f0f2e705e9f9716f85c06458eb17f7,False,84a59b18b9d77acfd78337dcc7e6fd2885b5dc948e5061d8377c0b5b28b35914,D:\工作空间\测井\cross_well_dg\configs\paper_r3_multirep.yaml,1978e8908b795562f9da3382f027f00598f99f42068e467a8b3623df13064e05,a9584710f6740238911d842e0e49d5039400bf72c84a40e420357b244e624b41,43041111a78dd4726423d9f43fb9a3cc00d7284ebd9c49071c459697b99c0e87,91c87c5b4f834397daa00b01ae727b059675863211f044645de62d451cfb8c46,0.4363364178647883,results\multirep\details\well_id\seed151_lgbm_hybrid_smooth.json,229.33
well_id,protocol1_random_wells,157,lgbm_global,closed_set,closed_set,0.2940088762122692,0.5928866117573465,0.14549274413558097,0.1613444371683721,0.36228964438777206,0.07274637206779049,0.10282173485933144,1022042,207918,201423,0,0,0,12,Sandstone|Shale|Sandstone/Shale|Limestone|Chalk|Dolomite|Marl|Anhydrite|Halite|Coal|Basement|Tuff,187.71,r3_fullcurve_stats_20260930,global,False,full,full_curve,f4dff61307f0f2e705e9f9716f85c06458eb17f7,False,84a59b18b9d77acfd78337dcc7e6fd2885b5dc948e5061d8377c0b5b28b35914,D:\工作空间\测井\cross_well_dg\configs\paper_r3_multirep.yaml,3c29a4b28efec67b85bfb7686d7736409523d602bb309e810dbea5e46030aa64,9d2c7ad879a80eef284e32d0dadee42e995aeacfcc54dedeef5e09c73767b0b5,43041111a78dd4726423d9f43fb9a3cc00d7284ebd9c49071c459697b99c0e87,91c87c5b4f834397daa00b01ae727b059675863211f044645de62d451cfb8c46,0.3827708302266719,results\multirep\details\well_id\seed157_lgbm_global.json,187.78
well_id,protocol1_random_wells,157,lgbm_wellnorm,closed_set,closed_set,0.27096752057990153,0.6385070225346658,0.14446200796795342,0.14949080459277328,0.35600640499739106,0.07725980060879657,0.09223311281667249,1022042,207918,201423,0,0,0,12,Sandstone|Shale|Sandstone/Shale|Limestone|Chalk|Dolomite|Marl|Anhydrite|Halite|Coal|Basement|Tuff,211.77,r3_fullcurve_stats_20260930,wellnorm,True,full,full_curve,f4dff61307f0f2e705e9f9716f85c06458eb17f7,False,84a59b18b9d77acfd78337dcc7e6fd2885b5dc948e5061d8377c0b5b28b35914,D:\工作空间\测井\cross_well_dg\configs\paper_r3_multirep.yaml,3c29a4b28efec67b85bfb7686d7736409523d602bb309e810dbea5e46030aa64,5bebe90abf4e23ffaf8aaf20db4953bcbf6850267df7c4799e66fe2b05f01ac3,43041111a78dd4726423d9f43fb9a3cc00d7284ebd9c49071c459697b99c0e87,91c87c5b4f834397daa00b01ae727b059675863211f044645de62d451cfb8c46,0.338231797398324,results\multirep\details\well_id\seed157_lgbm_wellnorm.json,211.83
well_id,protocol1_random_wells,157,lgbm_hybrid_norel,closed_set,closed_set,0.4243231126505384,0.6519563307070195,0.2067195182064947,0.2264154340393592,0.3988662163414701,0.10335975910324735,0.1132077170196796,1022042,207918,201423,0,0,0,12,Sandstone|Shale|Sandstone/Shale|Limestone|Chalk|Dolomite|Marl|Anhydrite|Halite|Coal|Basement|Tuff,247.19,r3_fullcurve_stats_20260930,hybrid,False,full,full_curve,f4dff61307f0f2e705e9f9716f85c06458eb17f7,False,84a59b18b9d77acfd78337dcc7e6fd2885b5dc948e5061d8377c0b5b28b35914,D:\工作空间\测井\cross_well_dg\configs\paper_r3_multirep.yaml,3c29a4b28efec67b85bfb7686d7736409523d602bb309e810dbea5e46030aa64,541d91be3eb41014f35c930411cfd23c85379321ea069333a4b0bf8e44def757,43041111a78dd4726423d9f43fb9a3cc00d7284ebd9c49071c459697b99c0e87,91c87c5b4f834397daa00b01ae727b059675863211f044645de62d451cfb8c46,0.37600836718857333,results\multirep\details\well_id\seed157_lgbm_hybrid_norel.json,247.25
well_id,protocol1_random_wells,157,lgbm_hybrid,closed_set,closed_set,0.4183968850073907,0.6769087939311796,0.23755844779922852,0.2636680953008191,0.41055856964995685,0.11877922389961428,0.13374063836887998,1022042,207918,201423,0,0,0,12,Sandstone|Shale|Sandstone/Shale|Limestone|Chalk|Dolomite|Marl|Anhydrite|Halite|Coal|Basement|Tuff,242.61,r3_fullcurve_stats_20260930,hybrid,True,full,full_curve,f4dff61307f0f2e705e9f9716f85c06458eb17f7,False,84a59b18b9d77acfd78337dcc7e6fd2885b5dc948e5061d8377c0b5b28b35914,D:\工作空间\测井\cross_well_dg\configs\paper_r3_multirep.yaml,3c29a4b28efec67b85bfb7686d7736409523d602bb309e810dbea5e46030aa64,a9584710f6740238911d842e0e49d5039400bf72c84a40e420357b244e624b41,43041111a78dd4726423d9f43fb9a3cc00d7284ebd9c49071c459697b99c0e87,91c87c5b4f834397daa00b01ae727b059675863211f044645de62d451cfb8c46,0.3881817967217763,results\multirep\details\well_id\seed157_lgbm_hybrid.json,242.69
well_id,protocol1_random_wells,157,lgbm_hybrid_while,closed_set,closed_set,0.3862957956001191,0.6810642280176544,0.19387940892997943,0.22939366635936892,0.4109185634775318,0.09693970446498973,0.1264872176118632,1022042,207918,201423,0,0,0,12,Sandstone|Shale|Sandstone/Shale|Limestone|Chalk|Dolomite|Marl|Anhydrite|Halite|Coal|Basement|Tuff,264.07,r3_fullcurve_stats_20260930,hybrid,False,causal,full_curve,f4dff61307f0f2e705e9f9716f85c06458eb17f7,False,84a59b18b9d77acfd78337dcc7e6fd2885b5dc948e5061d8377c0b5b28b35914,D:\工作空间\测井\cross_well_dg\configs\paper_r3_multirep.yaml,3c29a4b28efec67b85bfb7686d7736409523d602bb309e810dbea5e46030aa64,80f751dcf6b86b3652b6c19bb1a93794dc1505ee4ff531e017226f9a7d9ef995,43041111a78dd4726423d9f43fb9a3cc00d7284ebd9c49071c459697b99c0e87,91c87c5b4f834397daa00b01ae727b059675863211f044645de62d451cfb8c46,0.3683690428073304,results\multirep\details\well_id\seed157_lgbm_hybrid_while.json,264.14
well_id,protocol1_random_wells,157,lgbm_hybrid_smooth,closed_set,closed_set,0.41766437784041927,0.6813571439210021,0.22244129934616128,0.2551055044814886,0.407854381882863,0.11122064967308064,0.12974692842451704,1022042,207918,201423,0,0,0,12,Sandstone|Shale|Sandstone/Shale|Limestone|Chalk|Dolomite|Marl|Anhydrite|Halite|Coal|Basement|Tuff,237.5,r3_fullcurve_stats_20260930,hybrid,True,full,full_curve,f4dff61307f0f2e705e9f9716f85c06458eb17f7,False,84a59b18b9d77acfd78337dcc7e6fd2885b5dc948e5061d8377c0b5b28b35914,D:\工作空间\测井\cross_well_dg\configs\paper_r3_multirep.yaml,3c29a4b28efec67b85bfb7686d7736409523d602bb309e810dbea5e46030aa64,a9584710f6740238911d842e0e49d5039400bf72c84a40e420357b244e624b41,43041111a78dd4726423d9f43fb9a3cc00d7284ebd9c49071c459697b99c0e87,91c87c5b4f834397daa00b01ae727b059675863211f044645de62d451cfb8c46,0.3917079649193354,results\multirep\details\well_id\seed157_lgbm_hybrid_smooth.json,237.56
well_id,protocol1_random_wells,163,lgbm_global,closed_set,closed_set,0.27164967194616013,0.5480310369573017,0.08947030040767727,0.17051844231052224,0.3608017656579201,0.06710272530575795,0.0995993133947884,964443,243980,222960,0,0,0,12,Sandstone|Shale|Sandstone/Shale|Limestone|Chalk|Dolomite|Marl|Anhydrite|Halite|Coal|Basement|Tuff,173.12,r3_fullcurve_stats_20260930,global,False,full,full_curve,f4dff61307f0f2e705e9f9716f85c06458eb17f7,False,84a59b18b9d77acfd78337dcc7e6fd2885b5dc948e5061d8377c0b5b28b35914,D:\工作空间\测井\cross_well_dg\configs\paper_r3_multirep.yaml,180c11c0b1fd51aea99a0240b65718e9af5a28fd93f097ca4dcd7b4507fa9740,9d2c7ad879a80eef284e32d0dadee42e995aeacfcc54dedeef5e09c73767b0b5,43041111a78dd4726423d9f43fb9a3cc00d7284ebd9c49071c459697b99c0e87,91c87c5b4f834397daa00b01ae727b059675863211f044645de62d451cfb8c46,0.3649897542400053,results\multirep\details\well_id\seed163_lgbm_global.json,173.18
well_id,protocol1_random_wells,163,lgbm_wellnorm,closed_set,closed_set,0.23367846573546058,0.6256593110871905,0.11497373058712437,0.157304269442263,0.34653530695374174,0.08623029794034327,0.1096600850693055,964443,243980,222960,0,0,0,12,Sandstone|Shale|Sandstone/Shale|Limestone|Chalk|Dolomite|Marl|Anhydrite|Halite|Coal|Basement|Tuff,151.56,r3_fullcurve_stats_20260930,wellnorm,True,full,full_curve,f4dff61307f0f2e705e9f9716f85c06458eb17f7,False,84a59b18b9d77acfd78337dcc7e6fd2885b5dc948e5061d8377c0b5b28b35914,D:\工作空间\测井\cross_well_dg\configs\paper_r3_multirep.yaml,180c11c0b1fd51aea99a0240b65718e9af5a28fd93f097ca4dcd7b4507fa9740,5bebe90abf4e23ffaf8aaf20db4953bcbf6850267df7c4799e66fe2b05f01ac3,43041111a78dd4726423d9f43fb9a3cc00d7284ebd9c49071c459697b99c0e87,91c87c5b4f834397daa00b01ae727b059675863211f044645de62d451cfb8c46,0.2561579152721869,results\multirep\details\well_id\seed163_lgbm_wellnorm.json,151.64
well_id,protocol1_random_wells,163,lgbm_hybrid_norel,closed_set,closed_set,0.31354679860174867,0.64577054180122,0.1381525987978496,0.19791530004411895,0.3795618966094758,0.1036144490983872,0.12689810993619766,964443,243980,222960,0,0,0,12,Sandstone|Shale|Sandstone/Shale|Limestone|Chalk|Dolomite|Marl|Anhydrite|Halite|Coal|Basement|Tuff,183.52,r3_fullcurve_stats_20260930,hybrid,False,full,full_curve,f4dff61307f0f2e705e9f9716f85c06458eb17f7,False,84a59b18b9d77acfd78337dcc7e6fd2885b5dc948e5061d8377c0b5b28b35914,D:\工作空间\测井\cross_well_dg\configs\paper_r3_multirep.yaml,180c11c0b1fd51aea99a0240b65718e9af5a28fd93f097ca4dcd7b4507fa9740,541d91be3eb41014f35c930411cfd23c85379321ea069333a4b0bf8e44def757,43041111a78dd4726423d9f43fb9a3cc00d7284ebd9c49071c459697b99c0e87,91c87c5b4f834397daa00b01ae727b059675863211f044645de62d451cfb8c46,0.35653476570292203,results\multirep\details\well_id\seed163_lgbm_hybrid_norel.json,183.63
well_id,protocol1_random_wells,163,lgbm_hybrid,closed_set,closed_set,0.3687937832939701,0.6817994259059921,0.23352957661726562,0.24106004691537974,0.4147350675677696,0.1486498248835334,0.157188418179598,964443,243980,222960,0,0,0,12,Sandstone|Shale|Sandstone/Shale|Limestone|Chalk|Dolomite|Marl|Anhydrite|Halite|Coal|Basement|Tuff,167.82,r3_fullcurve_stats_20260930,hybrid,True,full,full_curve,f4dff61307f0f2e705e9f9716f85c06458eb17f7,False,84a59b18b9d77acfd78337dcc7e6fd2885b5dc948e5061d8377c0b5b28b35914,D:\工作空间\测井\cross_well_dg\configs\paper_r3_multirep.yaml,180c11c0b1fd51aea99a0240b65718e9af5a28fd93f097ca4dcd7b4507fa9740,a9584710f6740238911d842e0e49d5039400bf72c84a40e420357b244e624b41,43041111a78dd4726423d9f43fb9a3cc00d7284ebd9c49071c459697b99c0e87,91c87c5b4f834397daa00b01ae727b059675863211f044645de62d451cfb8c46,0.34143892557539735,results\multirep\details\well_id\seed163_lgbm_hybrid.json,167.9
well_id,protocol1_random_wells,163,lgbm_hybrid_while,closed_set,closed_set,0.35433569561972705,0.632561894510226,0.21191973406041203,0.23899533146789415,0.3996565260326611,0.14527438931004646,0.14918048531215541,964443,243980,222960,0,0,0,12,Sandstone|Shale|Sandstone/Shale|Limestone|Chalk|Dolomite|Marl|Anhydrite|Halite|Coal|Basement|Tuff,180.0,r3_fullcurve_stats_20260930,hybrid,False,causal,full_curve,f4dff61307f0f2e705e9f9716f85c06458eb17f7,False,84a59b18b9d77acfd78337dcc7e6fd2885b5dc948e5061d8377c0b5b28b35914,D:\工作空间\测井\cross_well_dg\configs\paper_r3_multirep.yaml,180c11c0b1fd51aea99a0240b65718e9af5a28fd93f097ca4dcd7b4507fa9740,80f751dcf6b86b3652b6c19bb1a93794dc1505ee4ff531e017226f9a7d9ef995,43041111a78dd4726423d9f43fb9a3cc00d7284ebd9c49071c459697b99c0e87,91c87c5b4f834397daa00b01ae727b059675863211f044645de62d451cfb8c46,0.37690581860918226,results\multirep\details\well_id\seed163_lgbm_hybrid_while.json,180.06
well_id,protocol1_random_wells,163,lgbm_hybrid_smooth,closed_set,closed_set,0.3747016183787709,0.6909894151417295,0.23403060848510238,0.24345341199957665,0.417013065637082,0.1510168346299963,0.15980048915301512,964443,243980,222960,0,0,0,12,Sandstone|Shale|Sandstone/Shale|Limestone|Chalk|Dolomite|Marl|Anhydrite|Halite|Coal|Basement|Tuff,178.43,r3_fullcurve_stats_20260930,hybrid,True,full,full_curve,f4dff61307f0f2e705e9f9716f85c06458eb17f7,False,84a59b18b9d77acfd78337dcc7e6fd2885b5dc948e5061d8377c0b5b28b35914,D:\工作空间\测井\cross_well_dg\configs\paper_r3_multirep.yaml,180c11c0b1fd51aea99a0240b65718e9af5a28fd93f097ca4dcd7b4507fa9740,a9584710f6740238911d842e0e49d5039400bf72c84a40e420357b244e624b41,43041111a78dd4726423d9f43fb9a3cc00d7284ebd9c49071c459697b99c0e87,91c87c5b4f834397daa00b01ae727b059675863211f044645de62d451cfb8c46,0.3433209159259605,results\multirep\details\well_id\seed163_lgbm_hybrid_smooth.json,178.51
well_id,protocol1_random_wells,167,lgbm_global,closed_set,closed_set,0.36495131176734996,0.5864461339016941,0.19575004473245305,0.23121356025972037,0.41155407158125745,0.11341422094168534,0.13011337724551256,967527,281812,182044,0,0,0,12,Sandstone|Shale|Sandstone/Shale|Limestone|Chalk|Dolomite|Marl|Anhydrite|Halite|Coal|Basement|Tuff,199.87,r3_fullcurve_stats_20260930,global,False,full,full_curve,f4dff61307f0f2e705e9f9716f85c06458eb17f7,False,84a59b18b9d77acfd78337dcc7e6fd2885b5dc948e5061d8377c0b5b28b35914,D:\工作空间\测井\cross_well_dg\configs\paper_r3_multirep.yaml,7d31f78692d8b2bef43266e63fb40c6f0cc42d56d6e054adf324c7970b3cc82b,9d2c7ad879a80eef284e32d0dadee42e995aeacfcc54dedeef5e09c73767b0b5,43041111a78dd4726423d9f43fb9a3cc00d7284ebd9c49071c459697b99c0e87,91c87c5b4f834397daa00b01ae727b059675863211f044645de62d451cfb8c46,0.334759487638838,results\multirep\details\well_id\seed167_lgbm_global.json,199.95
well_id,protocol1_random_wells,167,lgbm_wellnorm,closed_set,closed_set,0.2799556790663971,0.5993056623673397,0.14604302966915103,0.14712857424240072,0.3693627857629144,0.09444370956623704,0.096626561055002,967527,281812,182044,0,0,0,12,Sandstone|Shale|Sandstone/Shale|Limestone|Chalk|Dolomite|Marl|Anhydrite|Halite|Coal|Basement|Tuff,225.02,r3_fullcurve_stats_20260930,wellnorm,True,full,full_curve,f4dff61307f0f2e705e9f9716f85c06458eb17f7,False,84a59b18b9d77acfd78337dcc7e6fd2885b5dc948e5061d8377c0b5b28b35914,D:\工作空间\测井\cross_well_dg\configs\paper_r3_multirep.yaml,7d31f78692d8b2bef43266e63fb40c6f0cc42d56d6e054adf324c7970b3cc82b,5bebe90abf4e23ffaf8aaf20db4953bcbf6850267df7c4799e66fe2b05f01ac3,43041111a78dd4726423d9f43fb9a3cc00d7284ebd9c49071c459697b99c0e87,91c87c5b4f834397daa00b01ae727b059675863211f044645de62d451cfb8c46,0.3246735060712282,results\multirep\details\well_id\seed167_lgbm_wellnorm.json,225.08
well_id,protocol1_random_wells,167,lgbm_hybrid_norel,closed_set,closed_set,0.4546072971124993,0.6610270044604601,0.18445666996762325,0.22779160944961319,0.42659641945858107,0.09222833498381162,0.10259886518598979,967527,281812,182044,0,0,0,12,Sandstone|Shale|Sandstone/Shale|Limestone|Chalk|Dolomite|Marl|Anhydrite|Halite|Coal|Basement|Tuff,259.39,r3_fullcurve_stats_20260930,hybrid,False,full,full_curve,f4dff61307f0f2e705e9f9716f85c06458eb17f7,False,84a59b18b9d77acfd78337dcc7e6fd2885b5dc948e5061d8377c0b5b28b35914,D:\工作空间\测井\cross_well_dg\configs\paper_r3_multirep.yaml,7d31f78692d8b2bef43266e63fb40c6f0cc42d56d6e054adf324c7970b3cc82b,541d91be3eb41014f35c930411cfd23c85379321ea069333a4b0bf8e44def757,43041111a78dd4726423d9f43fb9a3cc00d7284ebd9c49071c459697b99c0e87,91c87c5b4f834397daa00b01ae727b059675863211f044645de62d451cfb8c46,0.3267802366725041,results\multirep\details\well_id\seed167_lgbm_hybrid_norel.json,259.47
well_id,protocol1_random_wells,167,lgbm_hybrid,closed_set,closed_set,0.4317585902643977,0.6664322910944607,0.24201229375606598,0.2535902860961004,0.42671771969291566,0.10083845573169416,0.11671129747488079,967527,281812,182044,0,0,0,12,Sandstone|Shale|Sandstone/Shale|Limestone|Chalk|Dolomite|Marl|Anhydrite|Halite|Coal|Basement|Tuff,256.14,r3_fullcurve_stats_20260930,hybrid,True,full,full_curve,f4dff61307f0f2e705e9f9716f85c06458eb17f7,False,84a59b18b9d77acfd78337dcc7e6fd2885b5dc948e5061d8377c0b5b28b35914,D:\工作空间\测井\cross_well_dg\configs\paper_r3_multirep.yaml,7d31f78692d8b2bef43266e63fb40c6f0cc42d56d6e054adf324c7970b3cc82b,a9584710f6740238911d842e0e49d5039400bf72c84a40e420357b244e624b41,43041111a78dd4726423d9f43fb9a3cc00d7284ebd9c49071c459697b99c0e87,91c87c5b4f834397daa00b01ae727b059675863211f044645de62d451cfb8c46,0.35053559046938676,results\multirep\details\well_id\seed167_lgbm_hybrid.json,256.22
well_id,protocol1_random_wells,167,lgbm_hybrid_while,closed_set,closed_set,0.4126869378969926,0.6498044428819406,0.17348574723093813,0.21861656053356274,0.4185047797307475,0.07228572801289089,0.10207970746549228,967527,281812,182044,0,0,0,12,Sandstone|Shale|Sandstone/Shale|Limestone|Chalk|Dolomite|Marl|Anhydrite|Halite|Coal|Basement|Tuff,264.64,r3_fullcurve_stats_20260930,hybrid,False,causal,full_curve,f4dff61307f0f2e705e9f9716f85c06458eb17f7,False,84a59b18b9d77acfd78337dcc7e6fd2885b5dc948e5061d8377c0b5b28b35914,D:\工作空间\测井\cross_well_dg\configs\paper_r3_multirep.yaml,7d31f78692d8b2bef43266e63fb40c6f0cc42d56d6e054adf324c7970b3cc82b,80f751dcf6b86b3652b6c19bb1a93794dc1505ee4ff531e017226f9a7d9ef995,43041111a78dd4726423d9f43fb9a3cc00d7284ebd9c49071c459697b99c0e87,91c87c5b4f834397daa00b01ae727b059675863211f044645de62d451cfb8c46,0.3466104446462031,results\multirep\details\well_id\seed167_lgbm_hybrid_while.json,264.71
well_id,protocol1_random_wells,167,lgbm_hybrid_smooth,closed_set,closed_set,0.43113413019121166,0.668706466568522,0.24762090140439477,0.25465587964315833,0.4231225190105002,0.10317537558516449,0.11701040226306271,967527,281812,182044,0,0,0,12,Sandstone|Shale|Sandstone/Shale|Limestone|Chalk|Dolomite|Marl|Anhydrite|Halite|Coal|Basement|Tuff,269.29,r3_fullcurve_stats_20260930,hybrid,True,full,full_curve,f4dff61307f0f2e705e9f9716f85c06458eb17f7,False,84a59b18b9d77acfd78337dcc7e6fd2885b5dc948e5061d8377c0b5b28b35914,D:\工作空间\测井\cross_well_dg\configs\paper_r3_multirep.yaml,7d31f78692d8b2bef43266e63fb40c6f0cc42d56d6e054adf324c7970b3cc82b,a9584710f6740238911d842e0e49d5039400bf72c84a40e420357b244e624b41,43041111a78dd4726423d9f43fb9a3cc00d7284ebd9c49071c459697b99c0e87,91c87c5b4f834397daa00b01ae727b059675863211f044645de62d451cfb8c46,0.3550417653399893,results\multirep\details\well_id\seed167_lgbm_hybrid_smooth.json,269.35
well_id,protocol1_random_wells,173,lgbm_global,closed_set,closed_set,0.32578778683493403,0.5785033398274423,0.27855394418289275,0.28365423514825683,0.39854712857650504,0.14437726305681045,0.14772772747660362,955562,245869,229952,0,0,0,12,Sandstone|Shale|Sandstone/Shale|Limestone|Chalk|Dolomite|Marl|Anhydrite|Halite|Coal|Basement|Tuff,187.01,r3_fullcurve_stats_20260930,global,False,full,full_curve,f4dff61307f0f2e705e9f9716f85c06458eb17f7,False,84a59b18b9d77acfd78337dcc7e6fd2885b5dc948e5061d8377c0b5b28b35914,D:\工作空间\测井\cross_well_dg\configs\paper_r3_multirep.yaml,d7271cacae2d1ad1fc7c232b52366eea22215fa176a309475d2bd850bb0067b7,9d2c7ad879a80eef284e32d0dadee42e995aeacfcc54dedeef5e09c73767b0b5,43041111a78dd4726423d9f43fb9a3cc00d7284ebd9c49071c459697b99c0e87,91c87c5b4f834397daa00b01ae727b059675863211f044645de62d451cfb8c46,0.34868084290601736,results\multirep\details\well_id\seed173_lgbm_global.json,187.07
well_id,protocol1_random_wells,173,lgbm_wellnorm,closed_set,closed_set,0.26048540698823686,0.6262002504870582,0.21349917632868737,0.2156226391792953,0.3811947684430405,0.0907275425124597,0.10913389016974623,955562,245869,229952,0,0,0,12,Sandstone|Shale|Sandstone/Shale|Limestone|Chalk|Dolomite|Marl|Anhydrite|Halite|Coal|Basement|Tuff,137.54,r3_fullcurve_stats_20260930,wellnorm,True,full,full_curve,f4dff61307f0f2e705e9f9716f85c06458eb17f7,False,84a59b18b9d77acfd78337dcc7e6fd2885b5dc948e5061d8377c0b5b28b35914,D:\工作空间\测井\cross_well_dg\configs\paper_r3_multirep.yaml,d7271cacae2d1ad1fc7c232b52366eea22215fa176a309475d2bd850bb0067b7,5bebe90abf4e23ffaf8aaf20db4953bcbf6850267df7c4799e66fe2b05f01ac3,43041111a78dd4726423d9f43fb9a3cc00d7284ebd9c49071c459697b99c0e87,91c87c5b4f834397daa00b01ae727b059675863211f044645de62d451cfb8c46,0.29508606838932255,results\multirep\details\well_id\seed173_lgbm_wellnorm.json,137.62
well_id,protocol1_random_wells,173,lgbm_hybrid_norel,closed_set,closed_set,0.32237773518399127,0.6603030197606456,0.27655503792753544,0.30270376493037243,0.41751347401918226,0.14616077765538657,0.15434817737337617,955562,245869,229952,0,0,0,12,Sandstone|Shale|Sandstone/Shale|Limestone|Chalk|Dolomite|Marl|Anhydrite|Halite|Coal|Basement|Tuff,241.06,r3_fullcurve_stats_20260930,hybrid,False,full,full_curve,f4dff61307f0f2e705e9f9716f85c06458eb17f7,False,84a59b18b9d77acfd78337dcc7e6fd2885b5dc948e5061d8377c0b5b28b35914,D:\工作空间\测井\cross_well_dg\configs\paper_r3_multirep.yaml,d7271cacae2d1ad1fc7c232b52366eea22215fa176a309475d2bd850bb0067b7,541d91be3eb41014f35c930411cfd23c85379321ea069333a4b0bf8e44def757,43041111a78dd4726423d9f43fb9a3cc00d7284ebd9c49071c459697b99c0e87,91c87c5b4f834397daa00b01ae727b059675863211f044645de62d451cfb8c46,0.439885000968199,results\multirep\details\well_id\seed173_lgbm_hybrid_norel.json,241.13
well_id,protocol1_random_wells,173,lgbm_hybrid,closed_set,closed_set,0.3161532568952047,0.6671914138602839,0.2670779133969269,0.2871184781233399,0.4266122080024757,0.12798293452073042,0.1454759476993019,955562,245869,229952,0,0,0,12,Sandstone|Shale|Sandstone/Shale|Limestone|Chalk|Dolomite|Marl|Anhydrite|Halite|Coal|Basement|Tuff,234.58,r3_fullcurve_stats_20260930,hybrid,True,full,full_curve,f4dff61307f0f2e705e9f9716f85c06458eb17f7,False,84a59b18b9d77acfd78337dcc7e6fd2885b5dc948e5061d8377c0b5b28b35914,D:\工作空间\测井\cross_well_dg\configs\paper_r3_multirep.yaml,d7271cacae2d1ad1fc7c232b52366eea22215fa176a309475d2bd850bb0067b7,a9584710f6740238911d842e0e49d5039400bf72c84a40e420357b244e624b41,43041111a78dd4726423d9f43fb9a3cc00d7284ebd9c49071c459697b99c0e87,91c87c5b4f834397daa00b01ae727b059675863211f044645de62d451cfb8c46,0.44461787254522417,results\multirep\details\well_id\seed173_lgbm_hybrid.json,234.65
well_id,protocol1_random_wells,173,lgbm_hybrid_while,closed_set,closed_set,0.38858662519502796,0.6697441205121069,0.2680417248161895,0.2991833188016184,0.42170501987724207,0.14756823485362078,0.15292896371131026,955562,245869,229952,0,0,0,12,Sandstone|Shale|Sandstone/Shale|Limestone|Chalk|Dolomite|Marl|Anhydrite|Halite|Coal|Basement|Tuff,269.65,r3_fullcurve_stats_20260930,hybrid,False,causal,full_curve,f4dff61307f0f2e705e9f9716f85c06458eb17f7,False,84a59b18b9d77acfd78337dcc7e6fd2885b5dc948e5061d8377c0b5b28b35914,D:\工作空间\测井\cross_well_dg\configs\paper_r3_multirep.yaml,d7271cacae2d1ad1fc7c232b52366eea22215fa176a309475d2bd850bb0067b7,80f751dcf6b86b3652b6c19bb1a93794dc1505ee4ff531e017226f9a7d9ef995,43041111a78dd4726423d9f43fb9a3cc00d7284ebd9c49071c459697b99c0e87,91c87c5b4f834397daa00b01ae727b059675863211f044645de62d451cfb8c46,0.44209105032677465,results\multirep\details\well_id\seed173_lgbm_hybrid_while.json,269.73
well_id,protocol1_random_wells,173,lgbm_hybrid_smooth,closed_set,closed_set,0.31406370360919195,0.6748625800166992,0.27146688315608375,0.2913414229305795,0.4260902673322992,0.12967331779378136,0.1432799896367989,955562,245869,229952,0,0,0,12,Sandstone|Shale|Sandstone/Shale|Limestone|Chalk|Dolomite|Marl|Anhydrite|Halite|Coal|Basement|Tuff,241.75,r3_fullcurve_stats_20260930,hybrid,True,full,full_curve,f4dff61307f0f2e705e9f9716f85c06458eb17f7,False,84a59b18b9d77acfd78337dcc7e6fd2885b5dc948e5061d8377c0b5b28b35914,D:\工作空间\测井\cross_well_dg\configs\paper_r3_multirep.yaml,d7271cacae2d1ad1fc7c232b52366eea22215fa176a309475d2bd850bb0067b7,a9584710f6740238911d842e0e49d5039400bf72c84a40e420357b244e624b41,43041111a78dd4726423d9f43fb9a3cc00d7284ebd9c49071c459697b99c0e87,91c87c5b4f834397daa00b01ae727b059675863211f044645de62d451cfb8c46,0.4462439473214333,results\multirep\details\well_id\seed173_lgbm_hybrid_smooth.json,241.81
well_id,protocol1_random_wells,179,lgbm_global,closed_set,closed_set,0.3589400822466732,0.5705896057426447,0.15588258617746625,0.16097544832151572,0.3837615594254679,0.11071220697704347,0.12030718106246599,982300,221592,227491,0,0,0,12,Sandstone|Shale|Sandstone/Shale|Limestone|Chalk|Dolomite|Marl|Anhydrite|Halite|Coal|Basement|Tuff,200.73,r3_fullcurve_stats_20260930,global,False,full,full_curve,f4dff61307f0f2e705e9f9716f85c06458eb17f7,False,84a59b18b9d77acfd78337dcc7e6fd2885b5dc948e5061d8377c0b5b28b35914,D:\工作空间\测井\cross_well_dg\configs\paper_r3_multirep.yaml,af1e3a1ac6fd93f1fd7a04206a6cfdc383ef1fb9fe0221176b9ff02d09407f1a,9d2c7ad879a80eef284e32d0dadee42e995aeacfcc54dedeef5e09c73767b0b5,43041111a78dd4726423d9f43fb9a3cc00d7284ebd9c49071c459697b99c0e87,91c87c5b4f834397daa00b01ae727b059675863211f044645de62d451cfb8c46,0.3389126989691971,results\multirep\details\well_id\seed179_lgbm_global.json,200.78
well_id,protocol1_random_wells,179,lgbm_wellnorm,closed_set,closed_set,0.3274769575670508,0.617822243517326,0.13950508615225046,0.163642858898506,0.3531116125540918,0.11625423846020871,0.12072066311169154,982300,221592,227491,0,0,0,12,Sandstone|Shale|Sandstone/Shale|Limestone|Chalk|Dolomite|Marl|Anhydrite|Halite|Coal|Basement|Tuff,207.98,r3_fullcurve_stats_20260930,wellnorm,True,full,full_curve,f4dff61307f0f2e705e9f9716f85c06458eb17f7,False,84a59b18b9d77acfd78337dcc7e6fd2885b5dc948e5061d8377c0b5b28b35914,D:\工作空间\测井\cross_well_dg\configs\paper_r3_multirep.yaml,af1e3a1ac6fd93f1fd7a04206a6cfdc383ef1fb9fe0221176b9ff02d09407f1a,5bebe90abf4e23ffaf8aaf20db4953bcbf6850267df7c4799e66fe2b05f01ac3,43041111a78dd4726423d9f43fb9a3cc00d7284ebd9c49071c459697b99c0e87,91c87c5b4f834397daa00b01ae727b059675863211f044645de62d451cfb8c46,0.3118389010017696,results\multirep\details\well_id\seed179_lgbm_wellnorm.json,208.02
well_id,protocol1_random_wells,179,lgbm_hybrid_norel,closed_set,closed_set,0.3671763643362777,0.6176376208289559,0.12189765612992505,0.1262610876094472,0.3923849149797908,0.0812651040866167,0.0950594349970456,982300,221592,227491,0,0,0,12,Sandstone|Shale|Sandstone/Shale|Limestone|Chalk|Dolomite|Marl|Anhydrite|Halite|Coal|Basement|Tuff,247.29,r3_fullcurve_stats_20260930,hybrid,False,full,full_curve,f4dff61307f0f2e705e9f9716f85c06458eb17f7,False,84a59b18b9d77acfd78337dcc7e6fd2885b5dc948e5061d8377c0b5b28b35914,D:\工作空间\测井\cross_well_dg\configs\paper_r3_multirep.yaml,af1e3a1ac6fd93f1fd7a04206a6cfdc383ef1fb9fe0221176b9ff02d09407f1a,541d91be3eb41014f35c930411cfd23c85379321ea069333a4b0bf8e44def757,43041111a78dd4726423d9f43fb9a3cc00d7284ebd9c49071c459697b99c0e87,91c87c5b4f834397daa00b01ae727b059675863211f044645de62d451cfb8c46,0.3210877799519188,results\multirep\details\well_id\seed179_lgbm_hybrid_norel.json,247.35
well_id,protocol1_random_wells,179,lgbm_hybrid,closed_set,closed_set,0.37424355077949306,0.6358141640768207,0.1068746255383179,0.13605159907271322,0.3924831448913064,0.08906218794859826,0.09960728484333531,982300,221592,227491,0,0,0,12,Sandstone|Shale|Sandstone/Shale|Limestone|Chalk|Dolomite|Marl|Anhydrite|Halite|Coal|Basement|Tuff,241.97,r3_fullcurve_stats_20260930,hybrid,True,full,full_curve,f4dff61307f0f2e705e9f9716f85c06458eb17f7,False,84a59b18b9d77acfd78337dcc7e6fd2885b5dc948e5061d8377c0b5b28b35914,D:\工作空间\测井\cross_well_dg\configs\paper_r3_multirep.yaml,af1e3a1ac6fd93f1fd7a04206a6cfdc383ef1fb9fe0221176b9ff02d09407f1a,a9584710f6740238911d842e0e49d5039400bf72c84a40e420357b244e624b41,43041111a78dd4726423d9f43fb9a3cc00d7284ebd9c49071c459697b99c0e87,91c87c5b4f834397daa00b01ae727b059675863211f044645de62d451cfb8c46,0.34006686795051505,results\multirep\details\well_id\seed179_lgbm_hybrid.json,242.04
well_id,protocol1_random_wells,179,lgbm_hybrid_while,closed_set,closed_set,0.35564165262236513,0.622736723650606,0.11752354386330252,0.1464242826448089,0.4099486212693912,0.0979362865527521,0.1074098170851478,982300,221592,227491,0,0,0,12,Sandstone|Shale|Sandstone/Shale|Limestone|Chalk|Dolomite|Marl|Anhydrite|Halite|Coal|Basement|Tuff,266.53,r3_fullcurve_stats_20260930,hybrid,False,causal,full_curve,f4dff61307f0f2e705e9f9716f85c06458eb17f7,False,84a59b18b9d77acfd78337dcc7e6fd2885b5dc948e5061d8377c0b5b28b35914,D:\工作空间\测井\cross_well_dg\configs\paper_r3_multirep.yaml,af1e3a1ac6fd93f1fd7a04206a6cfdc383ef1fb9fe0221176b9ff02d09407f1a,80f751dcf6b86b3652b6c19bb1a93794dc1505ee4ff531e017226f9a7d9ef995,43041111a78dd4726423d9f43fb9a3cc00d7284ebd9c49071c459697b99c0e87,91c87c5b4f834397daa00b01ae727b059675863211f044645de62d451cfb8c46,0.3619386509512,results\multirep\details\well_id\seed179_lgbm_hybrid_while.json,266.58
well_id,protocol1_random_wells,179,lgbm_hybrid_smooth,closed_set,closed_set,0.37500233989779014,0.6393483698256195,0.10535182123506615,0.13474542542674428,0.3932263369565483,0.08779318436255512,0.09860960205408503,982300,221592,227491,0,0,0,12,Sandstone|Shale|Sandstone/Shale|Limestone|Chalk|Dolomite|Marl|Anhydrite|Halite|Coal|Basement|Tuff,265.95,r3_fullcurve_stats_20260930,hybrid,True,full,full_curve,f4dff61307f0f2e705e9f9716f85c06458eb17f7,False,84a59b18b9d77acfd78337dcc7e6fd2885b5dc948e5061d8377c0b5b28b35914,D:\工作空间\测井\cross_well_dg\configs\paper_r3_multirep.yaml,af1e3a1ac6fd93f1fd7a04206a6cfdc383ef1fb9fe0221176b9ff02d09407f1a,a9584710f6740238911d842e0e49d5039400bf72c84a40e420357b244e624b41,43041111a78dd4726423d9f43fb9a3cc00d7284ebd9c49071c459697b99c0e87,91c87c5b4f834397daa00b01ae727b059675863211f044645de62d451cfb8c46,0.3396552672477128,results\multirep\details\well_id\seed179_lgbm_hybrid_smooth.json,266.01
well_id,protocol1_random_wells,181,lgbm_global,closed_set,closed_set,0.3922130740144593,0.6321337405415262,0.19970154905512075,0.22020901215559446,0.3614822429134974,0.14362031788078475,0.1444289040513454,992797,175189,263256,0,141,141,11,Sandstone|Shale|Sandstone/Shale|Limestone|Chalk|Dolomite|Marl|Anhydrite|Halite|Coal|Tuff,196.64,r3_fullcurve_stats_20260930,global,False,full,full_curve,f4dff61307f0f2e705e9f9716f85c06458eb17f7,False,84a59b18b9d77acfd78337dcc7e6fd2885b5dc948e5061d8377c0b5b28b35914,D:\工作空间\测井\cross_well_dg\configs\paper_r3_multirep.yaml,6cb3e4ee95f3beda10a5fccc8618f7ad8b74804e3cc2a0226e0df4131599ccfc,9d2c7ad879a80eef284e32d0dadee42e995aeacfcc54dedeef5e09c73767b0b5,43041111a78dd4726423d9f43fb9a3cc00d7284ebd9c49071c459697b99c0e87,91c87c5b4f834397daa00b01ae727b059675863211f044645de62d451cfb8c46,0.36677834816606486,results\multirep\details\well_id\seed181_lgbm_global.json,196.7
well_id,protocol1_random_wells,181,lgbm_wellnorm,closed_set,closed_set,0.3759998521391378,0.6355448688728842,0.24832067357701376,0.2520195728171938,0.36152933615621746,0.11287303344409717,0.13591378538290697,992797,175189,263256,0,141,141,11,Sandstone|Shale|Sandstone/Shale|Limestone|Chalk|Dolomite|Marl|Anhydrite|Halite|Coal|Tuff,211.72,r3_fullcurve_stats_20260930,wellnorm,True,full,full_curve,f4dff61307f0f2e705e9f9716f85c06458eb17f7,False,84a59b18b9d77acfd78337dcc7e6fd2885b5dc948e5061d8377c0b5b28b35914,D:\工作空间\测井\cross_well_dg\configs\paper_r3_multirep.yaml,6cb3e4ee95f3beda10a5fccc8618f7ad8b74804e3cc2a0226e0df4131599ccfc,5bebe90abf4e23ffaf8aaf20db4953bcbf6850267df7c4799e66fe2b05f01ac3,43041111a78dd4726423d9f43fb9a3cc00d7284ebd9c49071c459697b99c0e87,91c87c5b4f834397daa00b01ae727b059675863211f044645de62d451cfb8c46,0.27958947879156576,results\multirep\details\well_id\seed181_lgbm_wellnorm.json,211.77
well_id,protocol1_random_wells,181,lgbm_hybrid_norel,closed_set,closed_set,0.4129838503845315,0.672292369404686,0.26218165860348674,0.2795447759221882,0.3780696327253131,0.11917348118340305,0.1549339613081692,992797,175189,263256,0,141,141,11,Sandstone|Shale|Sandstone/Shale|Limestone|Chalk|Dolomite|Marl|Anhydrite|Halite|Coal|Tuff,302.89,r3_fullcurve_stats_20260930,hybrid,False,full,full_curve,f4dff61307f0f2e705e9f9716f85c06458eb17f7,False,84a59b18b9d77acfd78337dcc7e6fd2885b5dc948e5061d8377c0b5b28b35914,D:\工作空间\测井\cross_well_dg\configs\paper_r3_multirep.yaml,6cb3e4ee95f3beda10a5fccc8618f7ad8b74804e3cc2a0226e0df4131599ccfc,541d91be3eb41014f35c930411cfd23c85379321ea069333a4b0bf8e44def757,43041111a78dd4726423d9f43fb9a3cc00d7284ebd9c49071c459697b99c0e87,91c87c5b4f834397daa00b01ae727b059675863211f044645de62d451cfb8c46,0.3399391573953593,results\multirep\details\well_id\seed181_lgbm_hybrid_norel.json,302.97
well_id,protocol1_random_wells,181,lgbm_hybrid,closed_set,closed_set,0.40509116009186497,0.6791526119062813,0.27848288433338525,0.2846023128072633,0.3908740059001178,0.14345608758670358,0.16714154574863777,992797,175189,263256,0,141,141,11,Sandstone|Shale|Sandstone/Shale|Limestone|Chalk|Dolomite|Marl|Anhydrite|Halite|Coal|Tuff,262.22,r3_fullcurve_stats_20260930,hybrid,True,full,full_curve,f4dff61307f0f2e705e9f9716f85c06458eb17f7,False,84a59b18b9d77acfd78337dcc7e6fd2885b5dc948e5061d8377c0b5b28b35914,D:\工作空间\测井\cross_well_dg\configs\paper_r3_multirep.yaml,6cb3e4ee95f3beda10a5fccc8618f7ad8b74804e3cc2a0226e0df4131599ccfc,a9584710f6740238911d842e0e49d5039400bf72c84a40e420357b244e624b41,43041111a78dd4726423d9f43fb9a3cc00d7284ebd9c49071c459697b99c0e87,91c87c5b4f834397daa00b01ae727b059675863211f044645de62d451cfb8c46,0.3351140167108434,results\multirep\details\well_id\seed181_lgbm_hybrid.json,262.3
well_id,protocol1_random_wells,181,lgbm_hybrid_while,closed_set,closed_set,0.41456773456794005,0.6515634971282706,0.24396560223470878,0.25588356803937634,0.37354441071453587,0.12172796992911089,0.14957874941354046,992797,175189,263256,0,141,141,11,Sandstone|Shale|Sandstone/Shale|Limestone|Chalk|Dolomite|Marl|Anhydrite|Halite|Coal|Tuff,267.64,r3_fullcurve_stats_20260930,hybrid,False,causal,full_curve,f4dff61307f0f2e705e9f9716f85c06458eb17f7,False,84a59b18b9d77acfd78337dcc7e6fd2885b5dc948e5061d8377c0b5b28b35914,D:\工作空间\测井\cross_well_dg\configs\paper_r3_multirep.yaml,6cb3e4ee95f3beda10a5fccc8618f7ad8b74804e3cc2a0226e0df4131599ccfc,80f751dcf6b86b3652b6c19bb1a93794dc1505ee4ff531e017226f9a7d9ef995,43041111a78dd4726423d9f43fb9a3cc00d7284ebd9c49071c459697b99c0e87,91c87c5b4f834397daa00b01ae727b059675863211f044645de62d451cfb8c46,0.36848501821634677,results\multirep\details\well_id\seed181_lgbm_hybrid_while.json,267.73
well_id,protocol1_random_wells,181,lgbm_hybrid_smooth,closed_set,closed_set,0.40751201751793414,0.6835475734646124,0.2731367122896268,0.2763791677872721,0.38129380902318327,0.1271185340870082,0.15757029824444918,992797,175189,263256,0,141,141,11,Sandstone|Shale|Sandstone/Shale|Limestone|Chalk|Dolomite|Marl|Anhydrite|Halite|Coal|Tuff,257.57,r3_fullcurve_stats_20260930,hybrid,True,full,full_curve,f4dff61307f0f2e705e9f9716f85c06458eb17f7,False,84a59b18b9d77acfd78337dcc7e6fd2885b5dc948e5061d8377c0b5b28b35914,D:\工作空间\测井\cross_well_dg\configs\paper_r3_multirep.yaml,6cb3e4ee95f3beda10a5fccc8618f7ad8b74804e3cc2a0226e0df4131599ccfc,a9584710f6740238911d842e0e49d5039400bf72c84a40e420357b244e624b41,43041111a78dd4726423d9f43fb9a3cc00d7284ebd9c49071c459697b99c0e87,91c87c5b4f834397daa00b01ae727b059675863211f044645de62d451cfb8c46,0.3336397579815232,results\multirep\details\well_id\seed181_lgbm_hybrid_smooth.json,257.64
well_id,protocol1_random_wells,191,lgbm_global,closed_set,closed_set,0.3597284579662824,0.5586320176776188,0.11778326361021925,0.14788827079343278,0.3922494009290563,0.06870690377262789,0.07885177138047553,1002407,242073,186903,0,0,0,12,Sandstone|Shale|Sandstone/Shale|Limestone|Chalk|Dolomite|Marl|Anhydrite|Halite|Coal|Basement|Tuff,199.29,r3_fullcurve_stats_20260930,global,False,full,full_curve,f4dff61307f0f2e705e9f9716f85c06458eb17f7,False,84a59b18b9d77acfd78337dcc7e6fd2885b5dc948e5061d8377c0b5b28b35914,D:\工作空间\测井\cross_well_dg\configs\paper_r3_multirep.yaml,3cda78813ea30a6fb2902761a2cefd5edfe157671aec7d5a08e7a404bb214734,9d2c7ad879a80eef284e32d0dadee42e995aeacfcc54dedeef5e09c73767b0b5,43041111a78dd4726423d9f43fb9a3cc00d7284ebd9c49071c459697b99c0e87,91c87c5b4f834397daa00b01ae727b059675863211f044645de62d451cfb8c46,0.37279335305849676,results\multirep\details\well_id\seed191_lgbm_global.json,199.34
well_id,protocol1_random_wells,191,lgbm_wellnorm,closed_set,closed_set,0.3406509254738328,0.5885138280284425,0.2024202988798045,0.20586184884986727,0.3469480433147418,0.08720974950830418,0.09420994947410322,1002407,242073,186903,0,0,0,12,Sandstone|Shale|Sandstone/Shale|Limestone|Chalk|Dolomite|Marl|Anhydrite|Halite|Coal|Basement|Tuff,210.69,r3_fullcurve_stats_20260930,wellnorm,True,full,full_curve,f4dff61307f0f2e705e9f9716f85c06458eb17f7,False,84a59b18b9d77acfd78337dcc7e6fd2885b5dc948e5061d8377c0b5b28b35914,D:\工作空间\测井\cross_well_dg\configs\paper_r3_multirep.yaml,3cda78813ea30a6fb2902761a2cefd5edfe157671aec7d5a08e7a404bb214734,5bebe90abf4e23ffaf8aaf20db4953bcbf6850267df7c4799e66fe2b05f01ac3,43041111a78dd4726423d9f43fb9a3cc00d7284ebd9c49071c459697b99c0e87,91c87c5b4f834397daa00b01ae727b059675863211f044645de62d451cfb8c46,0.32355741766643115,results\multirep\details\well_id\seed191_lgbm_wellnorm.json,210.74
well_id,protocol1_random_wells,191,lgbm_hybrid_norel,closed_set,closed_set,0.3679602160797471,0.5926603639320931,0.20959197964036602,0.21150274926947438,0.3911384034601564,0.10441795888309076,0.10556235916619106,1002407,242073,186903,0,0,0,12,Sandstone|Shale|Sandstone/Shale|Limestone|Chalk|Dolomite|Marl|Anhydrite|Halite|Coal|Basement|Tuff,222.23,r3_fullcurve_stats_20260930,hybrid,False,full,full_curve,f4dff61307f0f2e705e9f9716f85c06458eb17f7,False,84a59b18b9d77acfd78337dcc7e6fd2885b5dc948e5061d8377c0b5b28b35914,D:\工作空间\测井\cross_well_dg\configs\paper_r3_multirep.yaml,3cda78813ea30a6fb2902761a2cefd5edfe157671aec7d5a08e7a404bb214734,541d91be3eb41014f35c930411cfd23c85379321ea069333a4b0bf8e44def757,43041111a78dd4726423d9f43fb9a3cc00d7284ebd9c49071c459697b99c0e87,91c87c5b4f834397daa00b01ae727b059675863211f044645de62d451cfb8c46,0.3397449649102755,results\multirep\details\well_id\seed191_lgbm_hybrid_norel.json,222.32
well_id,protocol1_random_wells,191,lgbm_hybrid,closed_set,closed_set,0.37886249037697134,0.6165444107371203,0.17622853635394958,0.2019402920234547,0.3834397892592724,0.09351922880133169,0.09685151354971291,1002407,242073,186903,0,0,0,12,Sandstone|Shale|Sandstone/Shale|Limestone|Chalk|Dolomite|Marl|Anhydrite|Halite|Coal|Basement|Tuff,245.19,r3_fullcurve_stats_20260930,hybrid,True,full,full_curve,f4dff61307f0f2e705e9f9716f85c06458eb17f7,False,84a59b18b9d77acfd78337dcc7e6fd2885b5dc948e5061d8377c0b5b28b35914,D:\工作空间\测井\cross_well_dg\configs\paper_r3_multirep.yaml,3cda78813ea30a6fb2902761a2cefd5edfe157671aec7d5a08e7a404bb214734,a9584710f6740238911d842e0e49d5039400bf72c84a40e420357b244e624b41,43041111a78dd4726423d9f43fb9a3cc00d7284ebd9c49071c459697b99c0e87,91c87c5b4f834397daa00b01ae727b059675863211f044645de62d451cfb8c46,0.3708335225648127,results\multirep\details\well_id\seed191_lgbm_hybrid.json,245.27
well_id,protocol1_random_wells,191,lgbm_hybrid_while,closed_set,closed_set,0.3554896848806541,0.5893752374226203,0.16621804712423197,0.17499083799110907,0.39587515548327434,0.09188181442899308,0.09442117095906419,1002407,242073,186903,0,0,0,12,Sandstone|Shale|Sandstone/Shale|Limestone|Chalk|Dolomite|Marl|Anhydrite|Halite|Coal|Basement|Tuff,215.31,r3_fullcurve_stats_20260930,hybrid,False,causal,full_curve,f4dff61307f0f2e705e9f9716f85c06458eb17f7,False,84a59b18b9d77acfd78337dcc7e6fd2885b5dc948e5061d8377c0b5b28b35914,D:\工作空间\测井\cross_well_dg\configs\paper_r3_multirep.yaml,3cda78813ea30a6fb2902761a2cefd5edfe157671aec7d5a08e7a404bb214734,80f751dcf6b86b3652b6c19bb1a93794dc1505ee4ff531e017226f9a7d9ef995,43041111a78dd4726423d9f43fb9a3cc00d7284ebd9c49071c459697b99c0e87,91c87c5b4f834397daa00b01ae727b059675863211f044645de62d451cfb8c46,0.3501929877047015,results\multirep\details\well_id\seed191_lgbm_hybrid_while.json,215.38
well_id,protocol1_random_wells,191,lgbm_hybrid_smooth,closed_set,closed_set,0.38122738076562124,0.6217770715290819,0.16726386449990185,0.19021011572661445,0.37828528486734453,0.0888151528972196,0.09087083721419728,1002407,242073,186903,0,0,0,12,Sandstone|Shale|Sandstone/Shale|Limestone|Chalk|Dolomite|Marl|Anhydrite|Halite|Coal|Basement|Tuff,255.37,r3_fullcurve_stats_20260930,hybrid,True,full,full_curve,f4dff61307f0f2e705e9f9716f85c06458eb17f7,False,84a59b18b9d77acfd78337dcc7e6fd2885b5dc948e5061d8377c0b5b28b35914,D:\工作空间\测井\cross_well_dg\configs\paper_r3_multirep.yaml,3cda78813ea30a6fb2902761a2cefd5edfe157671aec7d5a08e7a404bb214734,a9584710f6740238911d842e0e49d5039400bf72c84a40e420357b244e624b41,43041111a78dd4726423d9f43fb9a3cc00d7284ebd9c49071c459697b99c0e87,91c87c5b4f834397daa00b01ae727b059675863211f044645de62d451cfb8c46,0.37365663873767224,results\multirep\details\well_id\seed191_lgbm_hybrid_smooth.json,255.44
well_id,protocol1_random_wells,193,lgbm_global,closed_set,closed_set,0.34641551260875475,0.6150420225541827,0.2412366962012813,0.24204737821125866,0.3836863194155619,0.07788895119354329,0.1006190989583564,1008826,174000,248557,0,0,0,12,Sandstone|Shale|Sandstone/Shale|Limestone|Chalk|Dolomite|Marl|Anhydrite|Halite|Coal|Basement|Tuff,152.8,r3_fullcurve_stats_20260930,global,False,full,full_curve,f4dff61307f0f2e705e9f9716f85c06458eb17f7,False,84a59b18b9d77acfd78337dcc7e6fd2885b5dc948e5061d8377c0b5b28b35914,D:\工作空间\测井\cross_well_dg\configs\paper_r3_multirep.yaml,88be2042f48dbce9f349290e001b2781d2a86bd0f5cad7245908fcac34a1323a,9d2c7ad879a80eef284e32d0dadee42e995aeacfcc54dedeef5e09c73767b0b5,43041111a78dd4726423d9f43fb9a3cc00d7284ebd9c49071c459697b99c0e87,91c87c5b4f834397daa00b01ae727b059675863211f044645de62d451cfb8c46,0.45424781684076226,results\multirep\details\well_id\seed193_lgbm_global.json,152.85
well_id,protocol1_random_wells,193,lgbm_wellnorm,closed_set,closed_set,0.2793270806534897,0.6265605072478345,0.11494928708871018,0.1735783887399047,0.36596113783917433,0.09579107257392515,0.10094672467723409,1008826,174000,248557,0,0,0,12,Sandstone|Shale|Sandstone/Shale|Limestone|Chalk|Dolomite|Marl|Anhydrite|Halite|Coal|Basement|Tuff,144.64,r3_fullcurve_stats_20260930,wellnorm,True,full,full_curve,f4dff61307f0f2e705e9f9716f85c06458eb17f7,False,84a59b18b9d77acfd78337dcc7e6fd2885b5dc948e5061d8377c0b5b28b35914,D:\工作空间\测井\cross_well_dg\configs\paper_r3_multirep.yaml,88be2042f48dbce9f349290e001b2781d2a86bd0f5cad7245908fcac34a1323a,5bebe90abf4e23ffaf8aaf20db4953bcbf6850267df7c4799e66fe2b05f01ac3,43041111a78dd4726423d9f43fb9a3cc00d7284ebd9c49071c459697b99c0e87,91c87c5b4f834397daa00b01ae727b059675863211f044645de62d451cfb8c46,0.3865640069888936,results\multirep\details\well_id\seed193_lgbm_wellnorm.json,144.69
well_id,protocol1_random_wells,193,lgbm_hybrid_norel,closed_set,closed_set,0.3493075738246006,0.672075218159215,0.15646393276821985,0.22182018033671277,0.4089626035747498,0.11354474814453276,0.12196567939235797,1008826,174000,248557,0,0,0,12,Sandstone|Shale|Sandstone/Shale|Limestone|Chalk|Dolomite|Marl|Anhydrite|Halite|Coal|Basement|Tuff,173.91,r3_fullcurve_stats_20260930,hybrid,False,full,full_curve,f4dff61307f0f2e705e9f9716f85c06458eb17f7,False,84a59b18b9d77acfd78337dcc7e6fd2885b5dc948e5061d8377c0b5b28b35914,D:\工作空间\测井\cross_well_dg\configs\paper_r3_multirep.yaml,88be2042f48dbce9f349290e001b2781d2a86bd0f5cad7245908fcac34a1323a,541d91be3eb41014f35c930411cfd23c85379321ea069333a4b0bf8e44def757,43041111a78dd4726423d9f43fb9a3cc00d7284ebd9c49071c459697b99c0e87,91c87c5b4f834397daa00b01ae727b059675863211f044645de62d451cfb8c46,0.4263555627694979,results\multirep\details\well_id\seed193_lgbm_hybrid_norel.json,174.0
well_id,protocol1_random_wells,193,lgbm_hybrid,closed_set,closed_set,0.396323659227271,0.6783433980937974,0.1808753687527646,0.23322559004015878,0.4119279594138432,0.10508276704768237,0.12393533635572943,1008826,174000,248557,0,0,0,12,Sandstone|Shale|Sandstone/Shale|Limestone|Chalk|Dolomite|Marl|Anhydrite|Halite|Coal|Basement|Tuff,162.55,r3_fullcurve_stats_20260930,hybrid,True,full,full_curve,f4dff61307f0f2e705e9f9716f85c06458eb17f7,False,84a59b18b9d77acfd78337dcc7e6fd2885b5dc948e5061d8377c0b5b28b35914,D:\工作空间\测井\cross_well_dg\configs\paper_r3_multirep.yaml,88be2042f48dbce9f349290e001b2781d2a86bd0f5cad7245908fcac34a1323a,a9584710f6740238911d842e0e49d5039400bf72c84a40e420357b244e624b41,43041111a78dd4726423d9f43fb9a3cc00d7284ebd9c49071c459697b99c0e87,91c87c5b4f834397daa00b01ae727b059675863211f044645de62d451cfb8c46,0.44766853497925463,results\multirep\details\well_id\seed193_lgbm_hybrid.json,162.62
well_id,protocol1_random_wells,193,lgbm_hybrid_while,closed_set,closed_set,0.3544477044792547,0.6582634969041307,0.2353196510747751,0.2558895604696032,0.39696499925361495,0.09463944308659607,0.11887855943552439,1008826,174000,248557,0,0,0,12,Sandstone|Shale|Sandstone/Shale|Limestone|Chalk|Dolomite|Marl|Anhydrite|Halite|Coal|Basement|Tuff,208.58,r3_fullcurve_stats_20260930,hybrid,False,causal,full_curve,f4dff61307f0f2e705e9f9716f85c06458eb17f7,False,84a59b18b9d77acfd78337dcc7e6fd2885b5dc948e5061d8377c0b5b28b35914,D:\工作空间\测井\cross_well_dg\configs\paper_r3_multirep.yaml,88be2042f48dbce9f349290e001b2781d2a86bd0f5cad7245908fcac34a1323a,80f751dcf6b86b3652b6c19bb1a93794dc1505ee4ff531e017226f9a7d9ef995,43041111a78dd4726423d9f43fb9a3cc00d7284ebd9c49071c459697b99c0e87,91c87c5b4f834397daa00b01ae727b059675863211f044645de62d451cfb8c46,0.45532587816030096,results\multirep\details\well_id\seed193_lgbm_hybrid_while.json,208.65
well_id,protocol1_random_wells,193,lgbm_hybrid_smooth,closed_set,closed_set,0.3990762804396567,0.6816384169425926,0.17962540953441097,0.2303901200703739,0.4097280857847089,0.10445934558843263,0.12251838044580052,1008826,174000,248557,0,0,0,12,Sandstone|Shale|Sandstone/Shale|Limestone|Chalk|Dolomite|Marl|Anhydrite|Halite|Coal|Basement|Tuff,181.79,r3_fullcurve_stats_20260930,hybrid,True,full,full_curve,f4dff61307f0f2e705e9f9716f85c06458eb17f7,False,84a59b18b9d77acfd78337dcc7e6fd2885b5dc948e5061d8377c0b5b28b35914,D:\工作空间\测井\cross_well_dg\configs\paper_r3_multirep.yaml,88be2042f48dbce9f349290e001b2781d2a86bd0f5cad7245908fcac34a1323a,a9584710f6740238911d842e0e49d5039400bf72c84a40e420357b244e624b41,43041111a78dd4726423d9f43fb9a3cc00d7284ebd9c49071c459697b99c0e87,91c87c5b4f834397daa00b01ae727b059675863211f044645de62d451cfb8c46,0.4460009963974437,results\multirep\details\well_id\seed193_lgbm_hybrid_smooth.json,181.86
