protocol,method,accuracy,macro_f1,weighted_f1,well_macro_f1_mean,well_macro_f1_median,well_macro_f1_std,worst10pct_well_f1,worst_well_f1,seconds,seed,holdout_blocks,target_well,n_train,n_test,n_test_unseen_label_kept,n_val_dropped_unseen_label,uda_target_mode,smoothing_scope,early_stopping_metric,n_estimators_budget,pipeline_version,feature_mode,use_relative_depth,well_z_mode,n_features,git_commit,git_dirty,config_hash,split_hash,hash_curves_all_parquet,hash_labeled_parquet,hash_dataset_meta_json,feature_param_hash,row_index_hash,test_frac,val_frac,worst_well_f1_fixed,fixed_label_mode,holdout_quadrants,stats_support,n_fixed_labels,known_macro_f1,known_worst_well_f1,known_worst10pct_well_f1,worst10pct_well_f1_fixed
naive_depth_split,naive_depth_split_lgbm,0.8194702548123722,0.7373282141309324,0.8350277414989885,0.6459033080133849,0.6479793440911571,0.1030291885857777,0.4680622827282242,0.3866908952395841,178.74,42,,,1001969,214707,0,0,none,none,multi_logloss,180,r3_fullcurve_stats_20260930,global,False,full,32,e895dda14c7c869f28ef3f655cc354c02e3fb2d5,False,8602348e06353cc9206350443624798d5847f2b7c61da21aef3aff0e7652942c,3986e17c2a11073860a5d9a1aec007bb7c67831a6f415ea08c7501e0130ab1a1,91c87c5b4f834397daa00b01ae727b059675863211f044645de62d451cfb8c46,43041111a78dd4726423d9f43fb9a3cc00d7284ebd9c49071c459697b99c0e87,0fdd6fae08175da5c6c16d621fd8688db07a6a053167ade9f8be1b855e126209,9d2c7ad879a80eef284e32d0dadee42e995aeacfcc54dedeef5e09c73767b0b5,f46661226172a66d0e9cffadb3ca716bc6a4beadd9811cac8e076c289b848a68,0.15,0.15,0.1611212063498267,train_learnable,,,,,,,
protocol1_random_wells,lgbm_global,0.6118167533814227,0.4039949436263344,0.6310601683714099,0.378048487171704,0.3594571167105483,0.1294755235320751,0.1706660250567604,0.1441001574019401,126.93,42,,,986098,220839,0,141,none,none,multi_logloss,180,r3_fullcurve_stats_20260930,global,False,full,32,b7bcce325332f767e6a78fcf1b6c7b2c20a77edc,False,8602348e06353cc9206350443624798d5847f2b7c61da21aef3aff0e7652942c,20a007d2d2e79d3cb193f475be289849617c632cb3960648ef754dba8e16d680,91c87c5b4f834397daa00b01ae727b059675863211f044645de62d451cfb8c46,43041111a78dd4726423d9f43fb9a3cc00d7284ebd9c49071c459697b99c0e87,0fdd6fae08175da5c6c16d621fd8688db07a6a053167ade9f8be1b855e126209,9d2c7ad879a80eef284e32d0dadee42e995aeacfcc54dedeef5e09c73767b0b5,,,,0.0786000858556037,train_learnable,,full_curve,11.0,,,,0.0893302707899538
protocol1_random_wells,lgbm_global_eq120k,0.6242783204053631,0.402964745368442,0.6407718808127011,0.3828629774756618,0.3977934179419666,0.1303433098533617,0.1576406462370162,0.1518306688575249,83.96,42,,,986098,220839,0,141,none,none,multi_logloss,180,r3_fullcurve_stats_20260930,global,False,full,32,b7bcce325332f767e6a78fcf1b6c7b2c20a77edc,False,8602348e06353cc9206350443624798d5847f2b7c61da21aef3aff0e7652942c,20a007d2d2e79d3cb193f475be289849617c632cb3960648ef754dba8e16d680,91c87c5b4f834397daa00b01ae727b059675863211f044645de62d451cfb8c46,43041111a78dd4726423d9f43fb9a3cc00d7284ebd9c49071c459697b99c0e87,0fdd6fae08175da5c6c16d621fd8688db07a6a053167ade9f8be1b855e126209,baad36fa6622469175d61c36872b36913e66ce8f375c1a907ce0cd3f010dd42e,,,,0.0828167284677408,train_learnable,,full_curve,11.0,,,,0.0859858070383725
protocol1_random_wells,rf_global,0.5975574966378221,0.4234712069361496,0.6237674722040873,0.3845450540553144,0.3775889794214994,0.1125102529254464,0.1717827595000485,0.1690575666318853,38.94,42,,,986098,220839,0,141,none,none,multi_logloss,200,r3_fullcurve_stats_20260930,global,False,full,32,b7bcce325332f767e6a78fcf1b6c7b2c20a77edc,False,8602348e06353cc9206350443624798d5847f2b7c61da21aef3aff0e7652942c,20a007d2d2e79d3cb193f475be289849617c632cb3960648ef754dba8e16d680,91c87c5b4f834397daa00b01ae727b059675863211f044645de62d451cfb8c46,43041111a78dd4726423d9f43fb9a3cc00d7284ebd9c49071c459697b99c0e87,0fdd6fae08175da5c6c16d621fd8688db07a6a053167ade9f8be1b855e126209,9749b7606f66549a6595b55fcd5d7c470887ad2f92c84bebdb02d33df3cfdd06,,,,0.0922132181628465,train_learnable,,full_curve,11.0,,,,0.0936996870000265
protocol1_random_wells,rf_global_full,0.587192479589203,0.448540323690335,0.6197907066405245,0.3919529763249604,0.4023981274263661,0.1247014919692113,0.1628384699816301,0.145242196451958,142.11,42,,,986098,220839,0,141,none,none,multi_logloss,100,r3_fullcurve_stats_20260930,global,False,full,32,b7bcce325332f767e6a78fcf1b6c7b2c20a77edc,False,8602348e06353cc9206350443624798d5847f2b7c61da21aef3aff0e7652942c,20a007d2d2e79d3cb193f475be289849617c632cb3960648ef754dba8e16d680,91c87c5b4f834397daa00b01ae727b059675863211f044645de62d451cfb8c46,43041111a78dd4726423d9f43fb9a3cc00d7284ebd9c49071c459697b99c0e87,0fdd6fae08175da5c6c16d621fd8688db07a6a053167ade9f8be1b855e126209,7d38084cacacbb3eda88c22f42771fc597b5e04390c0988bc83f953f256c651b,,,,0.0792230162465225,train_learnable,,full_curve,11.0,,,,0.0888209836263436
protocol1_random_wells,xgb_global,0.6058259637111199,0.4114559127230993,0.636270697068546,0.3799371025088939,0.3792272845638276,0.1224675176138884,0.1861998372364834,0.1702316388064954,182.35,42,,,986098,220839,0,141,none,none,multi_logloss,180,r3_fullcurve_stats_20260930,global,False,full,32,b7bcce325332f767e6a78fcf1b6c7b2c20a77edc,False,8602348e06353cc9206350443624798d5847f2b7c61da21aef3aff0e7652942c,20a007d2d2e79d3cb193f475be289849617c632cb3960648ef754dba8e16d680,91c87c5b4f834397daa00b01ae727b059675863211f044645de62d451cfb8c46,43041111a78dd4726423d9f43fb9a3cc00d7284ebd9c49071c459697b99c0e87,0fdd6fae08175da5c6c16d621fd8688db07a6a053167ade9f8be1b855e126209,5cf34cb449a2c8ddc7e405773be1453be0850273da8fc9a22f1a97cd36f2fc80,,,,0.0887174384395994,train_learnable,,full_curve,11.0,,,,0.0907855298033894
protocol1_random_wells,lgbm_wellnorm,0.632066799795326,0.2927505331469944,0.6562809408085555,0.3937957909437981,0.3996355770169938,0.133589533735379,0.1781784784033926,0.1647388634831492,139.65,42,,,986098,220839,0,141,none,none,multi_logloss,180,r3_fullcurve_stats_20260930,wellnorm,True,full,33,b7bcce325332f767e6a78fcf1b6c7b2c20a77edc,False,8602348e06353cc9206350443624798d5847f2b7c61da21aef3aff0e7652942c,20a007d2d2e79d3cb193f475be289849617c632cb3960648ef754dba8e16d680,91c87c5b4f834397daa00b01ae727b059675863211f044645de62d451cfb8c46,43041111a78dd4726423d9f43fb9a3cc00d7284ebd9c49071c459697b99c0e87,0fdd6fae08175da5c6c16d621fd8688db07a6a053167ade9f8be1b855e126209,5bebe90abf4e23ffaf8aaf20db4953bcbf6850267df7c4799e66fe2b05f01ac3,,,,0.1045189599947105,train_learnable,,full_curve,11.0,,,,0.1196526514222799
protocol1_random_wells,lgbm_wellnorm_norel,0.6162136216881982,0.3321592330014122,0.6527013041344102,0.3793785728603037,0.3898666950186576,0.1203923517446429,0.1959253886477195,0.167496930635394,151.26,42,,,986098,220839,0,141,none,none,multi_logloss,180,r3_fullcurve_stats_20260930,wellnorm,False,full,32,b7bcce325332f767e6a78fcf1b6c7b2c20a77edc,False,8602348e06353cc9206350443624798d5847f2b7c61da21aef3aff0e7652942c,20a007d2d2e79d3cb193f475be289849617c632cb3960648ef754dba8e16d680,91c87c5b4f834397daa00b01ae727b059675863211f044645de62d451cfb8c46,43041111a78dd4726423d9f43fb9a3cc00d7284ebd9c49071c459697b99c0e87,0fdd6fae08175da5c6c16d621fd8688db07a6a053167ade9f8be1b855e126209,c0458e7deef251243de7d69f6f9bd7fefd7c9f93fe59f1f8611ce52e6212018c,,,,0.0913619621647603,train_learnable,,full_curve,11.0,,,,0.1103468038542503
protocol1_random_wells,lgbm_hybrid,0.6571257794139622,0.4113254620635748,0.6788025166936394,0.4324617728753123,0.4327793663349574,0.123943298660859,0.2616862472958661,0.2168839013953324,168.6,42,,,986098,220839,0,141,none,none,multi_logloss,180,r3_fullcurve_stats_20260930,hybrid,True,full,49,b7bcce325332f767e6a78fcf1b6c7b2c20a77edc,False,8602348e06353cc9206350443624798d5847f2b7c61da21aef3aff0e7652942c,20a007d2d2e79d3cb193f475be289849617c632cb3960648ef754dba8e16d680,91c87c5b4f834397daa00b01ae727b059675863211f044645de62d451cfb8c46,43041111a78dd4726423d9f43fb9a3cc00d7284ebd9c49071c459697b99c0e87,0fdd6fae08175da5c6c16d621fd8688db07a6a053167ade9f8be1b855e126209,a9584710f6740238911d842e0e49d5039400bf72c84a40e420357b244e624b41,,,,0.1183003098519995,train_learnable,,full_curve,11.0,,,,0.1427379530704723
protocol1_random_wells,lgbm_hybrid_norel,0.6417480608044774,0.4037101565931573,0.6708471114902523,0.4217246585592777,0.4274036125041321,0.1173687325360109,0.2588455962250867,0.2379581194044933,142.51,42,,,986098,220839,0,141,none,none,multi_logloss,180,r3_fullcurve_stats_20260930,hybrid,False,full,48,b7bcce325332f767e6a78fcf1b6c7b2c20a77edc,False,8602348e06353cc9206350443624798d5847f2b7c61da21aef3aff0e7652942c,20a007d2d2e79d3cb193f475be289849617c632cb3960648ef754dba8e16d680,91c87c5b4f834397daa00b01ae727b059675863211f044645de62d451cfb8c46,43041111a78dd4726423d9f43fb9a3cc00d7284ebd9c49071c459697b99c0e87,0fdd6fae08175da5c6c16d621fd8688db07a6a053167ade9f8be1b855e126209,541d91be3eb41014f35c930411cfd23c85379321ea069333a4b0bf8e44def757,,,,0.1297953378569963,train_learnable,,full_curve,11.0,,,,0.1411885070318654
protocol1_random_wells,lgbm_hybrid_while,0.6493599409524585,0.4333508881567133,0.6705993818593248,0.4145981288743224,0.4511220575271306,0.1082304529379333,0.2137064421649786,0.2047619295738527,208.77,42,,,986098,220839,0,141,none,none,multi_logloss,180,r3_fullcurve_stats_20260930,hybrid,False,causal,48,b7bcce325332f767e6a78fcf1b6c7b2c20a77edc,False,8602348e06353cc9206350443624798d5847f2b7c61da21aef3aff0e7652942c,20a007d2d2e79d3cb193f475be289849617c632cb3960648ef754dba8e16d680,91c87c5b4f834397daa00b01ae727b059675863211f044645de62d451cfb8c46,43041111a78dd4726423d9f43fb9a3cc00d7284ebd9c49071c459697b99c0e87,0fdd6fae08175da5c6c16d621fd8688db07a6a053167ade9f8be1b855e126209,80f751dcf6b86b3652b6c19bb1a93794dc1505ee4ff531e017226f9a7d9ef995,,,,0.1116883252221015,train_learnable,,full_curve,11.0,,,,0.1165671502718065
protocol1_random_wells,lgbm_hybrid_smooth,0.6605264468685332,0.4147117988436682,0.6805892462719668,0.4323110527514088,0.4102046514721009,0.1252931872296523,0.2640712708314362,0.2210795334152703,191.07,42,,,986098,220839,0,141,none,labeled_score_support,multi_logloss,180,r3_fullcurve_stats_20260930,hybrid,True,full,49,b7bcce325332f767e6a78fcf1b6c7b2c20a77edc,False,8602348e06353cc9206350443624798d5847f2b7c61da21aef3aff0e7652942c,20a007d2d2e79d3cb193f475be289849617c632cb3960648ef754dba8e16d680,91c87c5b4f834397daa00b01ae727b059675863211f044645de62d451cfb8c46,43041111a78dd4726423d9f43fb9a3cc00d7284ebd9c49071c459697b99c0e87,0fdd6fae08175da5c6c16d621fd8688db07a6a053167ade9f8be1b855e126209,a9584710f6740238911d842e0e49d5039400bf72c84a40e420357b244e624b41,,,,0.1205888364083292,train_learnable,,full_curve,11.0,,,,0.1440388749989651
protocol1_random_wells,lgbm_hybrid_sim,0.6717518191986017,0.4086867217748114,0.6891885676481855,0.4408689707899139,0.4490106913891223,0.1257203218288992,0.2629923246819856,0.2169020446026517,191.01,42,,,986098,220839,0,141,batch_target,none,multi_logloss,180,r3_fullcurve_stats_20260930,hybrid,True,full,49,b7bcce325332f767e6a78fcf1b6c7b2c20a77edc,False,8602348e06353cc9206350443624798d5847f2b7c61da21aef3aff0e7652942c,20a007d2d2e79d3cb193f475be289849617c632cb3960648ef754dba8e16d680,91c87c5b4f834397daa00b01ae727b059675863211f044645de62d451cfb8c46,43041111a78dd4726423d9f43fb9a3cc00d7284ebd9c49071c459697b99c0e87,0fdd6fae08175da5c6c16d621fd8688db07a6a053167ade9f8be1b855e126209,a9584710f6740238911d842e0e49d5039400bf72c84a40e420357b244e624b41,,,,0.1183102061469009,train_learnable,,full_curve,11.0,,,,0.1445353867545484
protocol1_random_wells,lgbm_hybrid_sim_perwell,0.6774256358704758,0.4201464937831426,0.6935206229788976,0.4453302987109113,0.4533345971673882,0.1235622416954096,0.2672988228329319,0.2317993185400283,1752.95,42,,,986098,220839,0,141,per_well,none,multi_logloss,180,r3_fullcurve_stats_20260930,hybrid,True,full,49,b7bcce325332f767e6a78fcf1b6c7b2c20a77edc,False,8602348e06353cc9206350443624798d5847f2b7c61da21aef3aff0e7652942c,20a007d2d2e79d3cb193f475be289849617c632cb3960648ef754dba8e16d680,91c87c5b4f834397daa00b01ae727b059675863211f044645de62d451cfb8c46,43041111a78dd4726423d9f43fb9a3cc00d7284ebd9c49071c459697b99c0e87,0fdd6fae08175da5c6c16d621fd8688db07a6a053167ade9f8be1b855e126209,f0035c0b7027447eb93af1f08fa93f86636eddefd4ef058ba1ba909e1d1db83c,,,,0.1264359919309245,train_learnable,,full_curve,11.0,,,,0.145799357908872
protocol1_random_wells,lgbm_hybrid_plus,0.6706650546325603,0.4015913886914804,0.6860252258339102,0.4340400158865622,0.4607306847454956,0.1265238084459254,0.2658371003111346,0.2257397013630161,202.39,42,,,986098,220839,0,141,batch_target,labeled_score_support,multi_logloss,180,r3_fullcurve_stats_20260930,hybrid,True,full,49,b7bcce325332f767e6a78fcf1b6c7b2c20a77edc,False,8602348e06353cc9206350443624798d5847f2b7c61da21aef3aff0e7652942c,20a007d2d2e79d3cb193f475be289849617c632cb3960648ef754dba8e16d680,91c87c5b4f834397daa00b01ae727b059675863211f044645de62d451cfb8c46,43041111a78dd4726423d9f43fb9a3cc00d7284ebd9c49071c459697b99c0e87,0fdd6fae08175da5c6c16d621fd8688db07a6a053167ade9f8be1b855e126209,a9584710f6740238911d842e0e49d5039400bf72c84a40e420357b244e624b41,,,,0.1231307461980088,train_learnable,,full_curve,11.0,,,,0.1450020547151643
protocol1_random_wells,mlp_source_only,0.634819936695964,0.3652091105358804,0.6470276628147009,0.3522335575116774,0.3509423299931219,0.131656017194901,0.1610968985604229,0.1112369453986464,67.79,42,,,986098,220839,0,141,none,none,multi_logloss,180,r3_fullcurve_stats_20260930,global,False,full,32,b7bcce325332f767e6a78fcf1b6c7b2c20a77edc,False,8602348e06353cc9206350443624798d5847f2b7c61da21aef3aff0e7652942c,20a007d2d2e79d3cb193f475be289849617c632cb3960648ef754dba8e16d680,91c87c5b4f834397daa00b01ae727b059675863211f044645de62d451cfb8c46,43041111a78dd4726423d9f43fb9a3cc00d7284ebd9c49071c459697b99c0e87,0fdd6fae08175da5c6c16d621fd8688db07a6a053167ade9f8be1b855e126209,644a4883ecf827b2fafe573ebcfa22e39f9f6800f51984cf68672e7634828e8c,,,,0.0606746974901707,train_learnable,,full_curve,11.0,,,,0.0716840589069614
protocol1_random_wells,mlp_coral_uda,0.5878128410289849,0.3118078937572976,0.6049949527217766,0.3244952668207308,0.3425778289708618,0.1081647170340652,0.103815530195514,0.06128376911544,87.04,42,,,986098,220839,0,141,transductive_score_support,none,multi_logloss,180,r3_fullcurve_stats_20260930,global,False,full,32,b7bcce325332f767e6a78fcf1b6c7b2c20a77edc,False,8602348e06353cc9206350443624798d5847f2b7c61da21aef3aff0e7652942c,20a007d2d2e79d3cb193f475be289849617c632cb3960648ef754dba8e16d680,91c87c5b4f834397daa00b01ae727b059675863211f044645de62d451cfb8c46,43041111a78dd4726423d9f43fb9a3cc00d7284ebd9c49071c459697b99c0e87,0fdd6fae08175da5c6c16d621fd8688db07a6a053167ade9f8be1b855e126209,937c65efcb96aa4cb25c3a865aad86b00f0076ec042891cf650bfa5113df54bd,,,,0.0334275104266036,train_learnable,,full_curve,11.0,,,,0.0566266528339167
protocol1_random_wells,lgbm_global,0.567523963177375,0.4164229636676805,0.617995444252626,0.4154724700096239,0.4070334649980109,0.0816500281570625,0.2792703135279571,0.2518157593207054,102.45,43,,,987070,200203,0,0,none,none,multi_logloss,180,r3_fullcurve_stats_20260930,global,False,full,32,b7bcce325332f767e6a78fcf1b6c7b2c20a77edc,False,8602348e06353cc9206350443624798d5847f2b7c61da21aef3aff0e7652942c,fe9eb3ea720bc6ed24b88d121f06c9e5b26c43400ebd558750fed29a62314cff,91c87c5b4f834397daa00b01ae727b059675863211f044645de62d451cfb8c46,43041111a78dd4726423d9f43fb9a3cc00d7284ebd9c49071c459697b99c0e87,0fdd6fae08175da5c6c16d621fd8688db07a6a053167ade9f8be1b855e126209,9d2c7ad879a80eef284e32d0dadee42e995aeacfcc54dedeef5e09c73767b0b5,,,,0.1265706496043495,train_learnable,,full_curve,12.0,,,,0.1382194320261717
protocol1_random_wells,lgbm_global_eq120k,0.5948762006563338,0.4473018095567846,0.6399808508558087,0.4288832247699696,0.4287680744953389,0.0895524380450949,0.2640780210172669,0.2542597107229227,87.22,43,,,987070,200203,0,0,none,none,multi_logloss,180,r3_fullcurve_stats_20260930,global,False,full,32,b7bcce325332f767e6a78fcf1b6c7b2c20a77edc,False,8602348e06353cc9206350443624798d5847f2b7c61da21aef3aff0e7652942c,fe9eb3ea720bc6ed24b88d121f06c9e5b26c43400ebd558750fed29a62314cff,91c87c5b4f834397daa00b01ae727b059675863211f044645de62d451cfb8c46,43041111a78dd4726423d9f43fb9a3cc00d7284ebd9c49071c459697b99c0e87,0fdd6fae08175da5c6c16d621fd8688db07a6a053167ade9f8be1b855e126209,baad36fa6622469175d61c36872b36913e66ce8f375c1a907ce0cd3f010dd42e,,,,0.1369481656558056,train_learnable,,full_curve,12.0,,,,0.1495213666835533
protocol1_random_wells,rf_global,0.5867544442390973,0.4373826093491693,0.6357744094466531,0.4318447778956894,0.4267707044220348,0.0946086289875312,0.2869496197296437,0.2529350846783104,34.22,43,,,987070,200203,0,0,none,none,multi_logloss,200,r3_fullcurve_stats_20260930,global,False,full,32,b7bcce325332f767e6a78fcf1b6c7b2c20a77edc,False,8602348e06353cc9206350443624798d5847f2b7c61da21aef3aff0e7652942c,fe9eb3ea720bc6ed24b88d121f06c9e5b26c43400ebd558750fed29a62314cff,91c87c5b4f834397daa00b01ae727b059675863211f044645de62d451cfb8c46,43041111a78dd4726423d9f43fb9a3cc00d7284ebd9c49071c459697b99c0e87,0fdd6fae08175da5c6c16d621fd8688db07a6a053167ade9f8be1b855e126209,9749b7606f66549a6595b55fcd5d7c470887ad2f92c84bebdb02d33df3cfdd06,,,,0.1491578397660544,train_learnable,,full_curve,12.0,,,,0.1507950758788291
protocol1_random_wells,rf_global_full,0.5526140966918578,0.4220315683328521,0.6084371929162453,0.4243501438838748,0.406176647764087,0.0996467755003445,0.2730606179645221,0.2377586310252592,147.76,43,,,987070,200203,0,0,none,none,multi_logloss,100,r3_fullcurve_stats_20260930,global,False,full,32,b7bcce325332f767e6a78fcf1b6c7b2c20a77edc,False,8602348e06353cc9206350443624798d5847f2b7c61da21aef3aff0e7652942c,fe9eb3ea720bc6ed24b88d121f06c9e5b26c43400ebd558750fed29a62314cff,91c87c5b4f834397daa00b01ae727b059675863211f044645de62d451cfb8c46,43041111a78dd4726423d9f43fb9a3cc00d7284ebd9c49071c459697b99c0e87,0fdd6fae08175da5c6c16d621fd8688db07a6a053167ade9f8be1b855e126209,7d38084cacacbb3eda88c22f42771fc597b5e04390c0988bc83f953f256c651b,,,,0.1353922159213623,train_learnable,,full_curve,12.0,,,,0.1433620617758867
protocol1_random_wells,xgb_global,0.5363206345559257,0.4187079538498366,0.5957683017550094,0.4129847690014562,0.4270670625107374,0.0785262433269456,0.2853831040178366,0.2497490730738539,165.62,43,,,987070,200203,0,0,none,none,multi_logloss,180,r3_fullcurve_stats_20260930,global,False,full,32,b7bcce325332f767e6a78fcf1b6c7b2c20a77edc,False,8602348e06353cc9206350443624798d5847f2b7c61da21aef3aff0e7652942c,fe9eb3ea720bc6ed24b88d121f06c9e5b26c43400ebd558750fed29a62314cff,91c87c5b4f834397daa00b01ae727b059675863211f044645de62d451cfb8c46,43041111a78dd4726423d9f43fb9a3cc00d7284ebd9c49071c459697b99c0e87,0fdd6fae08175da5c6c16d621fd8688db07a6a053167ade9f8be1b855e126209,5cf34cb449a2c8ddc7e405773be1453be0850273da8fc9a22f1a97cd36f2fc80,,,,0.1339105093849903,train_learnable,,full_curve,12.0,,,,0.140155123062781
protocol1_random_wells,lgbm_wellnorm,0.6063595450617623,0.318233322157166,0.6552253207351326,0.3658806138334541,0.374135172445398,0.0731049604329183,0.2394482087693339,0.1860888016748502,161.92,43,,,987070,200203,0,0,none,none,multi_logloss,180,r3_fullcurve_stats_20260930,wellnorm,True,full,33,b7bcce325332f767e6a78fcf1b6c7b2c20a77edc,False,8602348e06353cc9206350443624798d5847f2b7c61da21aef3aff0e7652942c,fe9eb3ea720bc6ed24b88d121f06c9e5b26c43400ebd558750fed29a62314cff,91c87c5b4f834397daa00b01ae727b059675863211f044645de62d451cfb8c46,43041111a78dd4726423d9f43fb9a3cc00d7284ebd9c49071c459697b99c0e87,0fdd6fae08175da5c6c16d621fd8688db07a6a053167ade9f8be1b855e126209,5bebe90abf4e23ffaf8aaf20db4953bcbf6850267df7c4799e66fe2b05f01ac3,,,,0.0930444008374251,train_learnable,,full_curve,12.0,,,,0.1053680616457429
protocol1_random_wells,lgbm_wellnorm_norel,0.5766197309730623,0.3020957770077286,0.6314637566186218,0.3495191200081704,0.3464040188011654,0.07741934279563,0.2089215251034702,0.1787166817187389,137.29,43,,,987070,200203,0,0,none,none,multi_logloss,180,r3_fullcurve_stats_20260930,wellnorm,False,full,32,b7bcce325332f767e6a78fcf1b6c7b2c20a77edc,False,8602348e06353cc9206350443624798d5847f2b7c61da21aef3aff0e7652942c,fe9eb3ea720bc6ed24b88d121f06c9e5b26c43400ebd558750fed29a62314cff,91c87c5b4f834397daa00b01ae727b059675863211f044645de62d451cfb8c46,43041111a78dd4726423d9f43fb9a3cc00d7284ebd9c49071c459697b99c0e87,0fdd6fae08175da5c6c16d621fd8688db07a6a053167ade9f8be1b855e126209,c0458e7deef251243de7d69f6f9bd7fefd7c9f93fe59f1f8611ce52e6212018c,,,,0.0893583408593694,train_learnable,,full_curve,12.0,,,,0.1024131735632122
protocol1_random_wells,lgbm_hybrid,0.6497505032392122,0.4670251461016934,0.6885871032857422,0.4310381590442558,0.4313833121927989,0.0817898039125439,0.2949248097582655,0.2518929488230738,151.14,43,,,987070,200203,0,0,none,none,multi_logloss,180,r3_fullcurve_stats_20260930,hybrid,True,full,49,b7bcce325332f767e6a78fcf1b6c7b2c20a77edc,False,8602348e06353cc9206350443624798d5847f2b7c61da21aef3aff0e7652942c,fe9eb3ea720bc6ed24b88d121f06c9e5b26c43400ebd558750fed29a62314cff,91c87c5b4f834397daa00b01ae727b059675863211f044645de62d451cfb8c46,43041111a78dd4726423d9f43fb9a3cc00d7284ebd9c49071c459697b99c0e87,0fdd6fae08175da5c6c16d621fd8688db07a6a053167ade9f8be1b855e126209,a9584710f6740238911d842e0e49d5039400bf72c84a40e420357b244e624b41,,,,0.1259464744115369,train_learnable,,full_curve,12.0,,,,0.1348704559045683
protocol1_random_wells,lgbm_hybrid_norel,0.6304351083650095,0.4605834108347088,0.6755324259035155,0.4262278283316112,0.44494449834527,0.083678024609257,0.2734078927807375,0.268973606802427,156.97,43,,,987070,200203,0,0,none,none,multi_logloss,180,r3_fullcurve_stats_20260930,hybrid,False,full,48,b7bcce325332f767e6a78fcf1b6c7b2c20a77edc,False,8602348e06353cc9206350443624798d5847f2b7c61da21aef3aff0e7652942c,fe9eb3ea720bc6ed24b88d121f06c9e5b26c43400ebd558750fed29a62314cff,91c87c5b4f834397daa00b01ae727b059675863211f044645de62d451cfb8c46,43041111a78dd4726423d9f43fb9a3cc00d7284ebd9c49071c459697b99c0e87,0fdd6fae08175da5c6c16d621fd8688db07a6a053167ade9f8be1b855e126209,541d91be3eb41014f35c930411cfd23c85379321ea069333a4b0bf8e44def757,,,,0.1344868034012135,train_learnable,,full_curve,12.0,,,,0.1415051632909538
protocol1_random_wells,lgbm_hybrid_while,0.6314740538353572,0.4607801309197046,0.6748842105139095,0.4328459582291519,0.435854707045883,0.1031693441756004,0.2852069305904574,0.2588093444362162,163.88,43,,,987070,200203,0,0,none,none,multi_logloss,180,r3_fullcurve_stats_20260930,hybrid,False,causal,48,b7bcce325332f767e6a78fcf1b6c7b2c20a77edc,False,8602348e06353cc9206350443624798d5847f2b7c61da21aef3aff0e7652942c,fe9eb3ea720bc6ed24b88d121f06c9e5b26c43400ebd558750fed29a62314cff,91c87c5b4f834397daa00b01ae727b059675863211f044645de62d451cfb8c46,43041111a78dd4726423d9f43fb9a3cc00d7284ebd9c49071c459697b99c0e87,0fdd6fae08175da5c6c16d621fd8688db07a6a053167ade9f8be1b855e126209,80f751dcf6b86b3652b6c19bb1a93794dc1505ee4ff531e017226f9a7d9ef995,,,,0.1294046722181081,train_learnable,,full_curve,12.0,,,,0.1414569767947361
protocol1_random_wells,lgbm_hybrid_smooth,0.653831361168414,0.4723211528397024,0.6911397828712518,0.4288621520871311,0.4331417651397891,0.0831097068507128,0.2938186922812519,0.2479995207373949,152.34,43,,,987070,200203,0,0,none,labeled_score_support,multi_logloss,180,r3_fullcurve_stats_20260930,hybrid,True,full,49,b7bcce325332f767e6a78fcf1b6c7b2c20a77edc,False,8602348e06353cc9206350443624798d5847f2b7c61da21aef3aff0e7652942c,fe9eb3ea720bc6ed24b88d121f06c9e5b26c43400ebd558750fed29a62314cff,91c87c5b4f834397daa00b01ae727b059675863211f044645de62d451cfb8c46,43041111a78dd4726423d9f43fb9a3cc00d7284ebd9c49071c459697b99c0e87,0fdd6fae08175da5c6c16d621fd8688db07a6a053167ade9f8be1b855e126209,a9584710f6740238911d842e0e49d5039400bf72c84a40e420357b244e624b41,,,,0.1239997603686974,train_learnable,,full_curve,12.0,,,,0.1330752804620789
protocol1_random_wells,lgbm_hybrid_sim,0.6341213668126852,0.4062943454964307,0.6780926648615878,0.4266960992950462,0.4332504823353433,0.0716182290215918,0.3073892964370468,0.265303145595331,208.21,43,,,987070,200203,0,0,batch_target,none,multi_logloss,180,r3_fullcurve_stats_20260930,hybrid,True,full,49,b7bcce325332f767e6a78fcf1b6c7b2c20a77edc,False,8602348e06353cc9206350443624798d5847f2b7c61da21aef3aff0e7652942c,fe9eb3ea720bc6ed24b88d121f06c9e5b26c43400ebd558750fed29a62314cff,91c87c5b4f834397daa00b01ae727b059675863211f044645de62d451cfb8c46,43041111a78dd4726423d9f43fb9a3cc00d7284ebd9c49071c459697b99c0e87,0fdd6fae08175da5c6c16d621fd8688db07a6a053167ade9f8be1b855e126209,a9584710f6740238911d842e0e49d5039400bf72c84a40e420357b244e624b41,,,,0.1326515727976655,train_learnable,,full_curve,12.0,,,,0.13853420012139
protocol1_random_wells,lgbm_hybrid_sim_perwell,0.6451701522954202,0.4382402344729347,0.6850579125099492,0.437517621662628,0.4543789337762642,0.0791758404114475,0.306961789583757,0.2905834363450272,1891.4,43,,,987070,200203,0,0,per_well,none,multi_logloss,180,r3_fullcurve_stats_20260930,hybrid,True,full,49,b7bcce325332f767e6a78fcf1b6c7b2c20a77edc,False,8602348e06353cc9206350443624798d5847f2b7c61da21aef3aff0e7652942c,fe9eb3ea720bc6ed24b88d121f06c9e5b26c43400ebd558750fed29a62314cff,91c87c5b4f834397daa00b01ae727b059675863211f044645de62d451cfb8c46,43041111a78dd4726423d9f43fb9a3cc00d7284ebd9c49071c459697b99c0e87,0fdd6fae08175da5c6c16d621fd8688db07a6a053167ade9f8be1b855e126209,f0035c0b7027447eb93af1f08fa93f86636eddefd4ef058ba1ba909e1d1db83c,,,,0.1452917181725136,train_learnable,,full_curve,12.0,,,,0.1484988370338302
protocol1_random_wells,lgbm_hybrid_plus,0.6494607972907499,0.3621281940399591,0.6873424808953464,0.4093361926892929,0.4131376103080808,0.0778936159274199,0.2837429464422739,0.2362780897770286,220.55,43,,,987070,200203,0,0,batch_target,labeled_score_support,multi_logloss,180,r3_fullcurve_stats_20260930,hybrid,True,full,49,b7bcce325332f767e6a78fcf1b6c7b2c20a77edc,False,8602348e06353cc9206350443624798d5847f2b7c61da21aef3aff0e7652942c,fe9eb3ea720bc6ed24b88d121f06c9e5b26c43400ebd558750fed29a62314cff,91c87c5b4f834397daa00b01ae727b059675863211f044645de62d451cfb8c46,43041111a78dd4726423d9f43fb9a3cc00d7284ebd9c49071c459697b99c0e87,0fdd6fae08175da5c6c16d621fd8688db07a6a053167ade9f8be1b855e126209,a9584710f6740238911d842e0e49d5039400bf72c84a40e420357b244e624b41,,,,0.1181390448885143,train_learnable,,full_curve,12.0,,,,0.1280711480916569
protocol1_random_wells,mlp_source_only,0.5911899422086582,0.4187801555513983,0.6255183553256302,0.3692893962980517,0.3973721799893515,0.1222372962574118,0.1645126607623726,0.1371052559271919,79.33,43,,,987070,200203,0,0,none,none,multi_logloss,180,r3_fullcurve_stats_20260930,global,False,full,32,b7bcce325332f767e6a78fcf1b6c7b2c20a77edc,False,8602348e06353cc9206350443624798d5847f2b7c61da21aef3aff0e7652942c,fe9eb3ea720bc6ed24b88d121f06c9e5b26c43400ebd558750fed29a62314cff,91c87c5b4f834397daa00b01ae727b059675863211f044645de62d451cfb8c46,43041111a78dd4726423d9f43fb9a3cc00d7284ebd9c49071c459697b99c0e87,0fdd6fae08175da5c6c16d621fd8688db07a6a053167ade9f8be1b855e126209,644a4883ecf827b2fafe573ebcfa22e39f9f6800f51984cf68672e7634828e8c,,,,0.0571271899696632,train_learnable,,full_curve,12.0,,,,0.0765436113842199
protocol1_random_wells,mlp_coral_uda,0.5702961494083505,0.3357438115421598,0.6128963516623994,0.3372643687903301,0.3684689137301508,0.1225542913520277,0.122417136942041,0.1001694843305002,90.59,43,,,987070,200203,0,0,transductive_score_support,none,multi_logloss,180,r3_fullcurve_stats_20260930,global,False,full,32,b7bcce325332f767e6a78fcf1b6c7b2c20a77edc,False,8602348e06353cc9206350443624798d5847f2b7c61da21aef3aff0e7652942c,fe9eb3ea720bc6ed24b88d121f06c9e5b26c43400ebd558750fed29a62314cff,91c87c5b4f834397daa00b01ae727b059675863211f044645de62d451cfb8c46,43041111a78dd4726423d9f43fb9a3cc00d7284ebd9c49071c459697b99c0e87,0fdd6fae08175da5c6c16d621fd8688db07a6a053167ade9f8be1b855e126209,937c65efcb96aa4cb25c3a865aad86b00f0076ec042891cf650bfa5113df54bd,,,,0.0417372851377084,train_learnable,,full_curve,12.0,,,,0.0690902390867148
protocol1_random_wells,lgbm_global,0.6343099649065534,0.3256379521415229,0.6653556693601531,0.3803943864981576,0.3538039378904209,0.1291359024940614,0.1699518542351821,0.0818603711314325,122.62,44,,,966740,245060,10813,3899,none,none,multi_logloss,180,r3_fullcurve_stats_20260930,global,False,full,32,b7bcce325332f767e6a78fcf1b6c7b2c20a77edc,False,8602348e06353cc9206350443624798d5847f2b7c61da21aef3aff0e7652942c,e255e007218cc26e09518a6713650c90129148e74b0c60a760476e68c39a0cfe,91c87c5b4f834397daa00b01ae727b059675863211f044645de62d451cfb8c46,43041111a78dd4726423d9f43fb9a3cc00d7284ebd9c49071c459697b99c0e87,0fdd6fae08175da5c6c16d621fd8688db07a6a053167ade9f8be1b855e126209,9d2c7ad879a80eef284e32d0dadee42e995aeacfcc54dedeef5e09c73767b0b5,,,,0.0669766672893539,train_learnable,,full_curve,11.0,0.3701952047675094,0.1044039163053273,0.1812236268221295,0.1050016842857907
protocol1_random_wells,lgbm_global_eq120k,0.6522280257896026,0.3548205281696245,0.6751136170008283,0.3968580821798974,0.3849388433323286,0.1316425610115679,0.1803951410389229,0.113222496082065,76.57,44,,,966740,245060,10813,3899,none,none,multi_logloss,180,r3_fullcurve_stats_20260930,global,False,full,32,b7bcce325332f767e6a78fcf1b6c7b2c20a77edc,False,8602348e06353cc9206350443624798d5847f2b7c61da21aef3aff0e7652942c,e255e007218cc26e09518a6713650c90129148e74b0c60a760476e68c39a0cfe,91c87c5b4f834397daa00b01ae727b059675863211f044645de62d451cfb8c46,43041111a78dd4726423d9f43fb9a3cc00d7284ebd9c49071c459697b99c0e87,0fdd6fae08175da5c6c16d621fd8688db07a6a053167ade9f8be1b855e126209,baad36fa6622469175d61c36872b36913e66ce8f375c1a907ce0cd3f010dd42e,,,,0.0926365877035077,train_learnable,,full_curve,11.0,0.4040699577990166,0.1417386967801143,0.1946532413879476,0.1285604835598829
protocol1_random_wells,rf_global,0.6660083244919611,0.3663017913461201,0.6771893667805586,0.3763040804246013,0.3721574012414392,0.115406525464713,0.170197359437649,0.1346448090423094,52.7,44,,,966740,245060,10813,3899,none,none,multi_logloss,200,r3_fullcurve_stats_20260930,global,False,full,32,b7bcce325332f767e6a78fcf1b6c7b2c20a77edc,False,8602348e06353cc9206350443624798d5847f2b7c61da21aef3aff0e7652942c,e255e007218cc26e09518a6713650c90129148e74b0c60a760476e68c39a0cfe,91c87c5b4f834397daa00b01ae727b059675863211f044645de62d451cfb8c46,43041111a78dd4726423d9f43fb9a3cc00d7284ebd9c49071c459697b99c0e87,0fdd6fae08175da5c6c16d621fd8688db07a6a053167ade9f8be1b855e126209,9749b7606f66549a6595b55fcd5d7c470887ad2f92c84bebdb02d33df3cfdd06,,,,0.1101639346709804,train_learnable,,full_curve,11.0,0.419124264416693,0.1633512029859665,0.1845505564094776,0.1111955791081235
protocol1_random_wells,rf_global_full,0.6454133681547376,0.347373522510774,0.6673044813749304,0.3713123060321613,0.3529944758118967,0.1129940635832316,0.1628599867053327,0.1218144737308181,174.6,44,,,966740,245060,10813,3899,none,none,multi_logloss,100,r3_fullcurve_stats_20260930,global,False,full,32,b7bcce325332f767e6a78fcf1b6c7b2c20a77edc,False,8602348e06353cc9206350443624798d5847f2b7c61da21aef3aff0e7652942c,e255e007218cc26e09518a6713650c90129148e74b0c60a760476e68c39a0cfe,91c87c5b4f834397daa00b01ae727b059675863211f044645de62d451cfb8c46,43041111a78dd4726423d9f43fb9a3cc00d7284ebd9c49071c459697b99c0e87,0fdd6fae08175da5c6c16d621fd8688db07a6a053167ade9f8be1b855e126209,7d38084cacacbb3eda88c22f42771fc597b5e04390c0988bc83f953f256c651b,,,,0.0996663875979421,train_learnable,,full_curve,11.0,0.3984025857267985,0.1494594928208289,0.1766824962503381,0.1054437846207476
protocol1_random_wells,xgb_global,0.61498000489676,0.2904954486995427,0.6531351826202303,0.3676837609636633,0.3401558586590343,0.1368415903652521,0.1405280103843362,0.0542376879439204,188.54,44,,,966740,245060,10813,3899,none,none,multi_logloss,180,r3_fullcurve_stats_20260930,global,False,full,32,b7bcce325332f767e6a78fcf1b6c7b2c20a77edc,False,8602348e06353cc9206350443624798d5847f2b7c61da21aef3aff0e7652942c,e255e007218cc26e09518a6713650c90129148e74b0c60a760476e68c39a0cfe,91c87c5b4f834397daa00b01ae727b059675863211f044645de62d451cfb8c46,43041111a78dd4726423d9f43fb9a3cc00d7284ebd9c49071c459697b99c0e87,0fdd6fae08175da5c6c16d621fd8688db07a6a053167ade9f8be1b855e126209,5cf34cb449a2c8ddc7e405773be1453be0850273da8fc9a22f1a97cd36f2fc80,,,,0.0443762901359349,train_learnable,,full_curve,11.0,0.3315444600853937,0.0743261644202159,0.160905361691339,0.0956437577826781
protocol1_random_wells,lgbm_wellnorm,0.640949155308904,0.2406091123850459,0.6521119986494552,0.3430109743798087,0.357456564593325,0.1278925854936188,0.1028918075398545,0.1009354561470493,147.63,44,,,966740,245060,10813,3899,none,none,multi_logloss,180,r3_fullcurve_stats_20260930,wellnorm,True,full,33,b7bcce325332f767e6a78fcf1b6c7b2c20a77edc,False,8602348e06353cc9206350443624798d5847f2b7c61da21aef3aff0e7652942c,e255e007218cc26e09518a6713650c90129148e74b0c60a760476e68c39a0cfe,91c87c5b4f834397daa00b01ae727b059675863211f044645de62d451cfb8c46,43041111a78dd4726423d9f43fb9a3cc00d7284ebd9c49071c459697b99c0e87,0fdd6fae08175da5c6c16d621fd8688db07a6a053167ade9f8be1b855e126209,5bebe90abf4e23ffaf8aaf20db4953bcbf6850267df7c4799e66fe2b05f01ac3,,,,0.0857848573085396,train_learnable,,full_curve,11.0,0.2771107349584328,0.1242444461045728,0.1298236284234724,0.0887721814483832
protocol1_random_wells,lgbm_wellnorm_norel,0.6109524198155554,0.2239149556317021,0.6311655586257237,0.3185633955330895,0.3397478957103275,0.1170104296872985,0.1053185275153754,0.1033868284618528,144.29,44,,,966740,245060,10813,3899,none,none,multi_logloss,180,r3_fullcurve_stats_20260930,wellnorm,False,full,32,b7bcce325332f767e6a78fcf1b6c7b2c20a77edc,False,8602348e06353cc9206350443624798d5847f2b7c61da21aef3aff0e7652942c,e255e007218cc26e09518a6713650c90129148e74b0c60a760476e68c39a0cfe,91c87c5b4f834397daa00b01ae727b059675863211f044645de62d451cfb8c46,43041111a78dd4726423d9f43fb9a3cc00d7284ebd9c49071c459697b99c0e87,0fdd6fae08175da5c6c16d621fd8688db07a6a053167ade9f8be1b855e126209,c0458e7deef251243de7d69f6f9bd7fefd7c9f93fe59f1f8611ce52e6212018c,,,,0.0845892232869705,train_learnable,,full_curve,11.0,0.2591775088998227,0.1196875348231124,0.1223819524355127,0.091044714629348
protocol1_random_wells,lgbm_hybrid,0.6864604586631845,0.2995032981321128,0.6925168676337818,0.4019763078846755,0.4086667668368335,0.1369223939920722,0.1265728078642377,0.1190591598138949,194.6,44,,,966740,245060,10813,3899,none,none,multi_logloss,180,r3_fullcurve_stats_20260930,hybrid,True,full,49,b7bcce325332f767e6a78fcf1b6c7b2c20a77edc,False,8602348e06353cc9206350443624798d5847f2b7c61da21aef3aff0e7652942c,e255e007218cc26e09518a6713650c90129148e74b0c60a760476e68c39a0cfe,91c87c5b4f834397daa00b01ae727b059675863211f044645de62d451cfb8c46,43041111a78dd4726423d9f43fb9a3cc00d7284ebd9c49071c459697b99c0e87,0fdd6fae08175da5c6c16d621fd8688db07a6a053167ade9f8be1b855e126209,a9584710f6740238911d842e0e49d5039400bf72c84a40e420357b244e624b41,,,,0.0974120398477322,train_learnable,,full_curve,11.0,0.3426706959630966,0.1493532347728056,0.1524200591481252,0.1096544089759481
protocol1_random_wells,lgbm_hybrid_norel,0.6710479066351097,0.2703309993495324,0.6788252744258035,0.3728700299101987,0.3732038544308801,0.118904780639026,0.1388397025841585,0.1257174117345213,215.6,44,,,966740,245060,10813,3899,none,none,multi_logloss,180,r3_fullcurve_stats_20260930,hybrid,False,full,48,b7bcce325332f767e6a78fcf1b6c7b2c20a77edc,False,8602348e06353cc9206350443624798d5847f2b7c61da21aef3aff0e7652942c,e255e007218cc26e09518a6713650c90129148e74b0c60a760476e68c39a0cfe,91c87c5b4f834397daa00b01ae727b059675863211f044645de62d451cfb8c46,43041111a78dd4726423d9f43fb9a3cc00d7284ebd9c49071c459697b99c0e87,0fdd6fae08175da5c6c16d621fd8688db07a6a053167ade9f8be1b855e126209,541d91be3eb41014f35c930411cfd23c85379321ea069333a4b0bf8e44def757,,,,0.1028597005100629,train_learnable,,full_curve,11.0,0.3091120071641997,0.1615675361874899,0.1654606022841463,0.1205034836340295
protocol1_random_wells,lgbm_hybrid_while,0.6527748306537174,0.2796460644065666,0.6683290163269914,0.3781740203773194,0.3752172919653053,0.1200333603550917,0.1865057518319977,0.1731431944349492,209.68,44,,,966740,245060,10813,3899,none,none,multi_logloss,180,r3_fullcurve_stats_20260930,hybrid,False,causal,48,b7bcce325332f767e6a78fcf1b6c7b2c20a77edc,False,8602348e06353cc9206350443624798d5847f2b7c61da21aef3aff0e7652942c,e255e007218cc26e09518a6713650c90129148e74b0c60a760476e68c39a0cfe,91c87c5b4f834397daa00b01ae727b059675863211f044645de62d451cfb8c46,43041111a78dd4726423d9f43fb9a3cc00d7284ebd9c49071c459697b99c0e87,0fdd6fae08175da5c6c16d621fd8688db07a6a053167ade9f8be1b855e126209,80f751dcf6b86b3652b6c19bb1a93794dc1505ee4ff531e017226f9a7d9ef995,,,,0.136241915344544,train_learnable,,full_curve,11.0,0.3250708259244685,0.1930323542921984,0.220869380432496,0.146822409688158
protocol1_random_wells,lgbm_hybrid_smooth,0.690949155308904,0.3010426171619476,0.694928698925466,0.402481052358449,0.4062803063198772,0.1389456367446723,0.1261567555745356,0.1174013908236863,204.08,44,,,966740,245060,10813,3899,none,labeled_score_support,multi_logloss,180,r3_fullcurve_stats_20260930,hybrid,True,full,49,b7bcce325332f767e6a78fcf1b6c7b2c20a77edc,False,8602348e06353cc9206350443624798d5847f2b7c61da21aef3aff0e7652942c,e255e007218cc26e09518a6713650c90129148e74b0c60a760476e68c39a0cfe,91c87c5b4f834397daa00b01ae727b059675863211f044645de62d451cfb8c46,43041111a78dd4726423d9f43fb9a3cc00d7284ebd9c49071c459697b99c0e87,0fdd6fae08175da5c6c16d621fd8688db07a6a053167ade9f8be1b855e126209,a9584710f6740238911d842e0e49d5039400bf72c84a40e420357b244e624b41,,,,0.0960556834011978,train_learnable,,full_curve,11.0,0.3447141202232884,0.1503117659231663,0.1517609379730535,0.109351532757592
protocol1_random_wells,lgbm_hybrid_sim,0.678654207132947,0.2864050172028227,0.6841241399937927,0.3941950543869797,0.407067079243865,0.1304803003166705,0.1232185564403273,0.1146865451311367,231.44,44,,,966740,245060,10813,3899,batch_target,none,multi_logloss,180,r3_fullcurve_stats_20260930,hybrid,True,full,49,b7bcce325332f767e6a78fcf1b6c7b2c20a77edc,False,8602348e06353cc9206350443624798d5847f2b7c61da21aef3aff0e7652942c,e255e007218cc26e09518a6713650c90129148e74b0c60a760476e68c39a0cfe,91c87c5b4f834397daa00b01ae727b059675863211f044645de62d451cfb8c46,43041111a78dd4726423d9f43fb9a3cc00d7284ebd9c49071c459697b99c0e87,0fdd6fae08175da5c6c16d621fd8688db07a6a053167ade9f8be1b855e126209,a9584710f6740238911d842e0e49d5039400bf72c84a40e420357b244e624b41,,,,0.0938344460163845,train_learnable,,full_curve,11.0,0.3287271982140393,0.1467675988236099,0.1488695213019048,0.1068038447125186
protocol1_random_wells,lgbm_hybrid_sim_perwell,0.6801273157594059,0.2803689020569442,0.6857342387801361,0.3893450873409506,0.4009491825659941,0.1270982196156478,0.1298323518220279,0.1145746564675952,2168.36,44,,,966740,245060,10813,3899,per_well,none,multi_logloss,180,r3_fullcurve_stats_20260930,hybrid,True,full,49,b7bcce325332f767e6a78fcf1b6c7b2c20a77edc,False,8602348e06353cc9206350443624798d5847f2b7c61da21aef3aff0e7652942c,e255e007218cc26e09518a6713650c90129148e74b0c60a760476e68c39a0cfe,91c87c5b4f834397daa00b01ae727b059675863211f044645de62d451cfb8c46,43041111a78dd4726423d9f43fb9a3cc00d7284ebd9c49071c459697b99c0e87,0fdd6fae08175da5c6c16d621fd8688db07a6a053167ade9f8be1b855e126209,f0035c0b7027447eb93af1f08fa93f86636eddefd4ef058ba1ba909e1d1db83c,,,,0.0937429007462142,train_learnable,,full_curve,11.0,0.3264319246696839,0.1486245065756409,0.1551027593981136,0.1128214718169529
protocol1_random_wells,lgbm_hybrid_plus,0.692818085366849,0.2985961989600634,0.695338268254029,0.4027408859463575,0.3993732377761899,0.1375363470790909,0.1232670372007183,0.1075123654154773,241.91,44,,,966740,245060,10813,3899,batch_target,labeled_score_support,multi_logloss,180,r3_fullcurve_stats_20260930,hybrid,True,full,49,b7bcce325332f767e6a78fcf1b6c7b2c20a77edc,False,8602348e06353cc9206350443624798d5847f2b7c61da21aef3aff0e7652942c,e255e007218cc26e09518a6713650c90129148e74b0c60a760476e68c39a0cfe,91c87c5b4f834397daa00b01ae727b059675863211f044645de62d451cfb8c46,43041111a78dd4726423d9f43fb9a3cc00d7284ebd9c49071c459697b99c0e87,0fdd6fae08175da5c6c16d621fd8688db07a6a053167ade9f8be1b855e126209,a9584710f6740238911d842e0e49d5039400bf72c84a40e420357b244e624b41,,,,0.0879646626126633,train_learnable,,full_curve,11.0,0.3424485312764291,0.1340586275290347,0.1445708430527075,0.1071740172090404
protocol1_random_wells,mlp_source_only,0.615739002693218,0.2346497132663418,0.6276896482169785,0.2866535362741972,0.2429071171850579,0.1220677522719639,0.1392135034718365,0.1216721620635122,75.55,44,,,966740,245060,10813,3899,none,none,multi_logloss,180,r3_fullcurve_stats_20260930,global,False,full,32,b7bcce325332f767e6a78fcf1b6c7b2c20a77edc,False,8602348e06353cc9206350443624798d5847f2b7c61da21aef3aff0e7652942c,e255e007218cc26e09518a6713650c90129148e74b0c60a760476e68c39a0cfe,91c87c5b4f834397daa00b01ae727b059675863211f044645de62d451cfb8c46,43041111a78dd4726423d9f43fb9a3cc00d7284ebd9c49071c459697b99c0e87,0fdd6fae08175da5c6c16d621fd8688db07a6a053167ade9f8be1b855e126209,644a4883ecf827b2fafe573ebcfa22e39f9f6800f51984cf68672e7634828e8c,,,,0.0621919037145993,train_learnable,,full_curve,11.0,0.2697174122889894,0.1458718411420118,0.15844978817858,0.0700999142242035
protocol1_random_wells,mlp_coral_uda,0.6188117195788786,0.2141658295058997,0.615393298094128,0.2782656507795758,0.2536926861999552,0.1368516496590092,0.0719847647458871,0.0552353498367844,82.94,44,,,966740,245060,10813,3899,transductive_score_support,none,multi_logloss,180,r3_fullcurve_stats_20260930,global,False,full,32,b7bcce325332f767e6a78fcf1b6c7b2c20a77edc,False,8602348e06353cc9206350443624798d5847f2b7c61da21aef3aff0e7652942c,e255e007218cc26e09518a6713650c90129148e74b0c60a760476e68c39a0cfe,91c87c5b4f834397daa00b01ae727b059675863211f044645de62d451cfb8c46,43041111a78dd4726423d9f43fb9a3cc00d7284ebd9c49071c459697b99c0e87,0fdd6fae08175da5c6c16d621fd8688db07a6a053167ade9f8be1b855e126209,937c65efcb96aa4cb25c3a865aad86b00f0076ec042891cf650bfa5113df54bd,,,,0.0502139543970767,train_learnable,,full_curve,11.0,0.2511256910333737,0.0634006216085931,0.0836269698147585,0.0614073234210342
protocol1_random_wells,lgbm_global,0.5891259503398141,0.2911563174137287,0.6331100223249,0.3899108614702684,0.3606984376226966,0.1049002943880411,0.246507329286314,0.2317798513274125,158.77,45,,,1016597,171123,0,141,none,none,multi_logloss,180,r3_fullcurve_stats_20260930,global,False,full,32,b7bcce325332f767e6a78fcf1b6c7b2c20a77edc,False,8602348e06353cc9206350443624798d5847f2b7c61da21aef3aff0e7652942c,94b1ca50103913fa3cc6b57ed2c97512ac879d8eb16a8c50812c5dba1929340b,91c87c5b4f834397daa00b01ae727b059675863211f044645de62d451cfb8c46,43041111a78dd4726423d9f43fb9a3cc00d7284ebd9c49071c459697b99c0e87,0fdd6fae08175da5c6c16d621fd8688db07a6a053167ade9f8be1b855e126209,9d2c7ad879a80eef284e32d0dadee42e995aeacfcc54dedeef5e09c73767b0b5,,,,0.1053544778760966,train_learnable,,full_curve,11.0,,,,0.1182587730512658
protocol1_random_wells,lgbm_global_eq120k,0.6158961682532448,0.3282625484521659,0.6512967651961517,0.4214891191659486,0.4106751753498335,0.0966513505142447,0.2869501407471277,0.273659785944018,77.59,45,,,1016597,171123,0,141,none,none,multi_logloss,180,r3_fullcurve_stats_20260930,global,False,full,32,b7bcce325332f767e6a78fcf1b6c7b2c20a77edc,False,8602348e06353cc9206350443624798d5847f2b7c61da21aef3aff0e7652942c,94b1ca50103913fa3cc6b57ed2c97512ac879d8eb16a8c50812c5dba1929340b,91c87c5b4f834397daa00b01ae727b059675863211f044645de62d451cfb8c46,43041111a78dd4726423d9f43fb9a3cc00d7284ebd9c49071c459697b99c0e87,0fdd6fae08175da5c6c16d621fd8688db07a6a053167ade9f8be1b855e126209,baad36fa6622469175d61c36872b36913e66ce8f375c1a907ce0cd3f010dd42e,,,,0.1409134527165035,train_learnable,,full_curve,11.0,,,,0.1627838672373619
protocol1_random_wells,rf_global,0.65902304190553,0.3846961016210155,0.6844639506161482,0.4298775862763327,0.4249884135790231,0.1126366820457865,0.2414972056923099,0.1896220365284733,52.76,45,,,1016597,171123,0,141,none,none,multi_logloss,200,r3_fullcurve_stats_20260930,global,False,full,32,b7bcce325332f767e6a78fcf1b6c7b2c20a77edc,False,8602348e06353cc9206350443624798d5847f2b7c61da21aef3aff0e7652942c,94b1ca50103913fa3cc6b57ed2c97512ac879d8eb16a8c50812c5dba1929340b,91c87c5b4f834397daa00b01ae727b059675863211f044645de62d451cfb8c46,43041111a78dd4726423d9f43fb9a3cc00d7284ebd9c49071c459697b99c0e87,0fdd6fae08175da5c6c16d621fd8688db07a6a053167ade9f8be1b855e126209,9749b7606f66549a6595b55fcd5d7c470887ad2f92c84bebdb02d33df3cfdd06,,,,0.0861918347856696,train_learnable,,full_curve,11.0,,,,0.1203665380435663
protocol1_random_wells,rf_global_full,0.617976543188233,0.3353515565962642,0.6569155837014178,0.4042825086982316,0.4036878716430165,0.114186987733473,0.2198425220771516,0.1733888445868553,189.54,45,,,1016597,171123,0,141,none,none,multi_logloss,100,r3_fullcurve_stats_20260930,global,False,full,32,b7bcce325332f767e6a78fcf1b6c7b2c20a77edc,False,8602348e06353cc9206350443624798d5847f2b7c61da21aef3aff0e7652942c,94b1ca50103913fa3cc6b57ed2c97512ac879d8eb16a8c50812c5dba1929340b,91c87c5b4f834397daa00b01ae727b059675863211f044645de62d451cfb8c46,43041111a78dd4726423d9f43fb9a3cc00d7284ebd9c49071c459697b99c0e87,0fdd6fae08175da5c6c16d621fd8688db07a6a053167ade9f8be1b855e126209,7d38084cacacbb3eda88c22f42771fc597b5e04390c0988bc83f953f256c651b,,,,0.0788131111758433,train_learnable,,full_curve,11.0,,,,0.1120327918335892
protocol1_random_wells,xgb_global,0.5694734197039556,0.3011387207473145,0.6198797389193403,0.3980905680517455,0.3951711087064123,0.1084647046968415,0.2152534055803561,0.1765051587875648,207.83,45,,,1016597,171123,0,141,none,none,multi_logloss,180,r3_fullcurve_stats_20260930,global,False,full,32,b7bcce325332f767e6a78fcf1b6c7b2c20a77edc,False,8602348e06353cc9206350443624798d5847f2b7c61da21aef3aff0e7652942c,94b1ca50103913fa3cc6b57ed2c97512ac879d8eb16a8c50812c5dba1929340b,91c87c5b4f834397daa00b01ae727b059675863211f044645de62d451cfb8c46,43041111a78dd4726423d9f43fb9a3cc00d7284ebd9c49071c459697b99c0e87,0fdd6fae08175da5c6c16d621fd8688db07a6a053167ade9f8be1b855e126209,5cf34cb449a2c8ddc7e405773be1453be0850273da8fc9a22f1a97cd36f2fc80,,,,0.0802296176307113,train_learnable,,full_curve,11.0,,,,0.1221380752837361
protocol1_random_wells,lgbm_wellnorm,0.6367700426009362,0.305230884641913,0.6636183206884313,0.371846028867535,0.3779459108577414,0.1121440194195477,0.1880486358943792,0.158213525550448,167.85,45,,,1016597,171123,0,141,none,none,multi_logloss,180,r3_fullcurve_stats_20260930,wellnorm,True,full,33,b7bcce325332f767e6a78fcf1b6c7b2c20a77edc,False,8602348e06353cc9206350443624798d5847f2b7c61da21aef3aff0e7652942c,94b1ca50103913fa3cc6b57ed2c97512ac879d8eb16a8c50812c5dba1929340b,91c87c5b4f834397daa00b01ae727b059675863211f044645de62d451cfb8c46,43041111a78dd4726423d9f43fb9a3cc00d7284ebd9c49071c459697b99c0e87,0fdd6fae08175da5c6c16d621fd8688db07a6a053167ade9f8be1b855e126209,5bebe90abf4e23ffaf8aaf20db4953bcbf6850267df7c4799e66fe2b05f01ac3,,,,0.0719152388865673,train_learnable,,full_curve,11.0,,,,0.0953804593264592
protocol1_random_wells,lgbm_wellnorm_norel,0.6283901053628093,0.291465293172811,0.6557069658344027,0.3460144562581698,0.3393084869208271,0.0876313205535104,0.2168339141269697,0.1839034766633579,183.61,45,,,1016597,171123,0,141,none,none,multi_logloss,180,r3_fullcurve_stats_20260930,wellnorm,False,full,32,b7bcce325332f767e6a78fcf1b6c7b2c20a77edc,False,8602348e06353cc9206350443624798d5847f2b7c61da21aef3aff0e7652942c,94b1ca50103913fa3cc6b57ed2c97512ac879d8eb16a8c50812c5dba1929340b,91c87c5b4f834397daa00b01ae727b059675863211f044645de62d451cfb8c46,43041111a78dd4726423d9f43fb9a3cc00d7284ebd9c49071c459697b99c0e87,0fdd6fae08175da5c6c16d621fd8688db07a6a053167ade9f8be1b855e126209,c0458e7deef251243de7d69f6f9bd7fefd7c9f93fe59f1f8611ce52e6212018c,,,,0.1003109872709225,train_learnable,,full_curve,11.0,,,,0.1059330211949169
protocol1_random_wells,lgbm_hybrid,0.6921045096217341,0.3484736327880248,0.7092663469959497,0.418254455626578,0.4578457030573756,0.1222138561314083,0.195269056434689,0.132074890380952,197.33,45,,,1016597,171123,0,141,none,none,multi_logloss,180,r3_fullcurve_stats_20260930,hybrid,True,full,49,b7bcce325332f767e6a78fcf1b6c7b2c20a77edc,False,8602348e06353cc9206350443624798d5847f2b7c61da21aef3aff0e7652942c,94b1ca50103913fa3cc6b57ed2c97512ac879d8eb16a8c50812c5dba1929340b,91c87c5b4f834397daa00b01ae727b059675863211f044645de62d451cfb8c46,43041111a78dd4726423d9f43fb9a3cc00d7284ebd9c49071c459697b99c0e87,0fdd6fae08175da5c6c16d621fd8688db07a6a053167ade9f8be1b855e126209,a9584710f6740238911d842e0e49d5039400bf72c84a40e420357b244e624b41,,,,0.0600340410822509,train_learnable,,full_curve,11.0,,,,0.1005069903106961
protocol1_random_wells,lgbm_hybrid_norel,0.6804403849862379,0.3394073046866593,0.7032207259109793,0.4081167818793254,0.4410026927876362,0.1094567274747078,0.2144531550345464,0.1961938592420394,205.07,45,,,1016597,171123,0,141,none,none,multi_logloss,180,r3_fullcurve_stats_20260930,hybrid,False,full,48,b7bcce325332f767e6a78fcf1b6c7b2c20a77edc,False,8602348e06353cc9206350443624798d5847f2b7c61da21aef3aff0e7652942c,94b1ca50103913fa3cc6b57ed2c97512ac879d8eb16a8c50812c5dba1929340b,91c87c5b4f834397daa00b01ae727b059675863211f044645de62d451cfb8c46,43041111a78dd4726423d9f43fb9a3cc00d7284ebd9c49071c459697b99c0e87,0fdd6fae08175da5c6c16d621fd8688db07a6a053167ade9f8be1b855e126209,541d91be3eb41014f35c930411cfd23c85379321ea069333a4b0bf8e44def757,,,,0.1057783867395697,train_learnable,,full_curve,11.0,,,,0.1063966095267047
protocol1_random_wells,lgbm_hybrid_while,0.6660472291860241,0.3423161976419491,0.6916569720302955,0.423915960865689,0.4515104737914817,0.1184448314068949,0.2173145298639393,0.20391400958339,164.31,45,,,1016597,171123,0,141,none,none,multi_logloss,180,r3_fullcurve_stats_20260930,hybrid,False,causal,48,b7bcce325332f767e6a78fcf1b6c7b2c20a77edc,False,8602348e06353cc9206350443624798d5847f2b7c61da21aef3aff0e7652942c,94b1ca50103913fa3cc6b57ed2c97512ac879d8eb16a8c50812c5dba1929340b,91c87c5b4f834397daa00b01ae727b059675863211f044645de62d451cfb8c46,43041111a78dd4726423d9f43fb9a3cc00d7284ebd9c49071c459697b99c0e87,0fdd6fae08175da5c6c16d621fd8688db07a6a053167ade9f8be1b855e126209,80f751dcf6b86b3652b6c19bb1a93794dc1505ee4ff531e017226f9a7d9ef995,,,,0.0926881861742682,train_learnable,,full_curve,11.0,,,,0.1092663794901764
protocol1_random_wells,lgbm_hybrid_smooth,0.6991111656527761,0.3510292466944009,0.7136874285399448,0.4186006093438338,0.4527235252450652,0.123812719816081,0.1920716673732409,0.1207667324715022,152.11,45,,,1016597,171123,0,141,none,labeled_score_support,multi_logloss,180,r3_fullcurve_stats_20260930,hybrid,True,full,49,b7bcce325332f767e6a78fcf1b6c7b2c20a77edc,False,8602348e06353cc9206350443624798d5847f2b7c61da21aef3aff0e7652942c,94b1ca50103913fa3cc6b57ed2c97512ac879d8eb16a8c50812c5dba1929340b,91c87c5b4f834397daa00b01ae727b059675863211f044645de62d451cfb8c46,43041111a78dd4726423d9f43fb9a3cc00d7284ebd9c49071c459697b99c0e87,0fdd6fae08175da5c6c16d621fd8688db07a6a053167ade9f8be1b855e126209,a9584710f6740238911d842e0e49d5039400bf72c84a40e420357b244e624b41,,,,0.0548939693052283,train_learnable,,full_curve,11.0,,,,0.0992769670912449
protocol1_random_wells,lgbm_hybrid_sim,0.6797625100074216,0.3319543714954663,0.697510994138326,0.4171538753742052,0.4537087263890307,0.1319755410495185,0.1813030938904713,0.1209452112253275,199.01,45,,,1016597,171123,0,141,batch_target,none,multi_logloss,180,r3_fullcurve_stats_20260930,hybrid,True,full,49,b7bcce325332f767e6a78fcf1b6c7b2c20a77edc,False,8602348e06353cc9206350443624798d5847f2b7c61da21aef3aff0e7652942c,94b1ca50103913fa3cc6b57ed2c97512ac879d8eb16a8c50812c5dba1929340b,91c87c5b4f834397daa00b01ae727b059675863211f044645de62d451cfb8c46,43041111a78dd4726423d9f43fb9a3cc00d7284ebd9c49071c459697b99c0e87,0fdd6fae08175da5c6c16d621fd8688db07a6a053167ade9f8be1b855e126209,a9584710f6740238911d842e0e49d5039400bf72c84a40e420357b244e624b41,,,,0.0549750960115125,train_learnable,,full_curve,11.0,,,,0.0933950870663785
protocol1_random_wells,lgbm_hybrid_sim_perwell,0.6868451347860896,0.3417723800564107,0.7034272849422739,0.4130794428158051,0.444805157768223,0.1171439576262105,0.2107602454614153,0.1743236745207113,1632.15,45,,,1016597,171123,0,141,per_well,none,multi_logloss,180,r3_fullcurve_stats_20260930,hybrid,True,full,49,e895dda14c7c869f28ef3f655cc354c02e3fb2d5,False,8602348e06353cc9206350443624798d5847f2b7c61da21aef3aff0e7652942c,94b1ca50103913fa3cc6b57ed2c97512ac879d8eb16a8c50812c5dba1929340b,91c87c5b4f834397daa00b01ae727b059675863211f044645de62d451cfb8c46,43041111a78dd4726423d9f43fb9a3cc00d7284ebd9c49071c459697b99c0e87,0fdd6fae08175da5c6c16d621fd8688db07a6a053167ade9f8be1b855e126209,f0035c0b7027447eb93af1f08fa93f86636eddefd4ef058ba1ba909e1d1db83c,,,,0.0792380338730506,train_learnable,,full_curve,11.0,,,,0.1070363305007396
protocol1_random_wells,lgbm_hybrid_plus,0.6951081970278689,0.329913132886001,0.7087211571975354,0.4136698004043037,0.4456736606069291,0.1189295241421967,0.1991990592756395,0.1285999287476436,169.91,45,,,1016597,171123,0,141,batch_target,labeled_score_support,multi_logloss,180,r3_fullcurve_stats_20260930,hybrid,True,full,49,e895dda14c7c869f28ef3f655cc354c02e3fb2d5,False,8602348e06353cc9206350443624798d5847f2b7c61da21aef3aff0e7652942c,94b1ca50103913fa3cc6b57ed2c97512ac879d8eb16a8c50812c5dba1929340b,91c87c5b4f834397daa00b01ae727b059675863211f044645de62d451cfb8c46,43041111a78dd4726423d9f43fb9a3cc00d7284ebd9c49071c459697b99c0e87,0fdd6fae08175da5c6c16d621fd8688db07a6a053167ade9f8be1b855e126209,a9584710f6740238911d842e0e49d5039400bf72c84a40e420357b244e624b41,,,,0.0584545130671107,train_learnable,,full_curve,11.0,,,,0.1049950606041227
protocol1_random_wells,mlp_source_only,0.5789052319092115,0.2712435265364684,0.5920473664384299,0.3205318051674079,0.2763150217895754,0.1165473949707471,0.1725888115296416,0.1663271420011983,92.12,45,,,1016597,171123,0,141,none,none,multi_logloss,180,r3_fullcurve_stats_20260930,global,False,full,32,e895dda14c7c869f28ef3f655cc354c02e3fb2d5,False,8602348e06353cc9206350443624798d5847f2b7c61da21aef3aff0e7652942c,94b1ca50103913fa3cc6b57ed2c97512ac879d8eb16a8c50812c5dba1929340b,91c87c5b4f834397daa00b01ae727b059675863211f044645de62d451cfb8c46,43041111a78dd4726423d9f43fb9a3cc00d7284ebd9c49071c459697b99c0e87,0fdd6fae08175da5c6c16d621fd8688db07a6a053167ade9f8be1b855e126209,644a4883ecf827b2fafe573ebcfa22e39f9f6800f51984cf68672e7634828e8c,,,,0.075603246364181,train_learnable,,full_curve,11.0,,,,0.0905563559270648
protocol1_random_wells,mlp_coral_uda,0.6588886356597301,0.3016847629949952,0.6506816913630007,0.3472141091110002,0.3653394176723524,0.0980048594760062,0.1604434129219756,0.1331515903225049,32.72,45,,,1016597,171123,0,141,transductive_score_support,none,multi_logloss,180,r3_fullcurve_stats_20260930,global,False,full,32,e895dda14c7c869f28ef3f655cc354c02e3fb2d5,False,8602348e06353cc9206350443624798d5847f2b7c61da21aef3aff0e7652942c,94b1ca50103913fa3cc6b57ed2c97512ac879d8eb16a8c50812c5dba1929340b,91c87c5b4f834397daa00b01ae727b059675863211f044645de62d451cfb8c46,43041111a78dd4726423d9f43fb9a3cc00d7284ebd9c49071c459697b99c0e87,0fdd6fae08175da5c6c16d621fd8688db07a6a053167ade9f8be1b855e126209,937c65efcb96aa4cb25c3a865aad86b00f0076ec042891cf650bfa5113df54bd,,,,0.0605234501465931,train_learnable,,full_curve,11.0,,,,0.0912492635190454
protocol2_block_holdout,lgbm_global,0.7324309333585093,0.3082478466193877,0.6899870837124104,0.3817393802324632,0.3690933849891815,0.0433527451116334,0.3394107677157288,0.3394107677157288,163.53,42,15.0,,1140643,84737,0,0,none,none,multi_logloss,180,r3_fullcurve_stats_20260930,global,False,full,32,e895dda14c7c869f28ef3f655cc354c02e3fb2d5,False,8602348e06353cc9206350443624798d5847f2b7c61da21aef3aff0e7652942c,6eceee224737a625c32bc037a983d1419a7a50239b2ea9759ec8c876850f698c,91c87c5b4f834397daa00b01ae727b059675863211f044645de62d451cfb8c46,43041111a78dd4726423d9f43fb9a3cc00d7284ebd9c49071c459697b99c0e87,0fdd6fae08175da5c6c16d621fd8688db07a6a053167ade9f8be1b855e126209,9d2c7ad879a80eef284e32d0dadee42e995aeacfcc54dedeef5e09c73767b0b5,,,,0.2014715092043165,train_learnable,15.0,full_curve,12.0,,,,0.2014715092043165
protocol2_block_holdout,lgbm_global_eq120k,0.7487874246197057,0.3811563822972246,0.7000270397623598,0.4102631721027282,0.4147447738914814,0.0276241173527588,0.3634027454656492,0.3634027454656492,66.0,42,15.0,,1140643,84737,0,0,none,none,multi_logloss,180,r3_fullcurve_stats_20260930,global,False,full,32,e895dda14c7c869f28ef3f655cc354c02e3fb2d5,False,8602348e06353cc9206350443624798d5847f2b7c61da21aef3aff0e7652942c,6eceee224737a625c32bc037a983d1419a7a50239b2ea9759ec8c876850f698c,91c87c5b4f834397daa00b01ae727b059675863211f044645de62d451cfb8c46,43041111a78dd4726423d9f43fb9a3cc00d7284ebd9c49071c459697b99c0e87,0fdd6fae08175da5c6c16d621fd8688db07a6a053167ade9f8be1b855e126209,baad36fa6622469175d61c36872b36913e66ce8f375c1a907ce0cd3f010dd42e,,,,0.2402304678636768,train_learnable,15.0,full_curve,12.0,,,,0.2402304678636768
protocol2_block_holdout,rf_global,0.7241346755254493,0.375450752370594,0.6661809209548608,0.394524363219404,0.421919965445951,0.0767149964250651,0.2917309101516077,0.2917309101516077,43.11,42,15.0,,1140643,84737,0,0,none,none,multi_logloss,200,r3_fullcurve_stats_20260930,global,False,full,32,e895dda14c7c869f28ef3f655cc354c02e3fb2d5,False,8602348e06353cc9206350443624798d5847f2b7c61da21aef3aff0e7652942c,6eceee224737a625c32bc037a983d1419a7a50239b2ea9759ec8c876850f698c,91c87c5b4f834397daa00b01ae727b059675863211f044645de62d451cfb8c46,43041111a78dd4726423d9f43fb9a3cc00d7284ebd9c49071c459697b99c0e87,0fdd6fae08175da5c6c16d621fd8688db07a6a053167ade9f8be1b855e126209,9749b7606f66549a6595b55fcd5d7c470887ad2f92c84bebdb02d33df3cfdd06,,,,0.1701763642551045,train_learnable,15.0,full_curve,12.0,,,,0.1701763642551045
protocol2_block_holdout,rf_global_full,0.7239340547812644,0.3655399948227402,0.6715896062779152,0.3946563965185364,0.4240079866146655,0.0858696850916555,0.2819991548872057,0.2819991548872057,218.1,42,15.0,,1140643,84737,0,0,none,none,multi_logloss,100,r3_fullcurve_stats_20260930,global,False,full,32,e895dda14c7c869f28ef3f655cc354c02e3fb2d5,False,8602348e06353cc9206350443624798d5847f2b7c61da21aef3aff0e7652942c,6eceee224737a625c32bc037a983d1419a7a50239b2ea9759ec8c876850f698c,91c87c5b4f834397daa00b01ae727b059675863211f044645de62d451cfb8c46,43041111a78dd4726423d9f43fb9a3cc00d7284ebd9c49071c459697b99c0e87,0fdd6fae08175da5c6c16d621fd8688db07a6a053167ade9f8be1b855e126209,7d38084cacacbb3eda88c22f42771fc597b5e04390c0988bc83f953f256c651b,,,,0.1644995070175366,train_learnable,15.0,full_curve,12.0,,,,0.1644995070175366
protocol2_block_holdout,xgb_global,0.7062086219715119,0.2964838315742435,0.6782318950410603,0.3818541761315134,0.3866975448113164,0.0322653058716529,0.3343539863032266,0.3343539863032266,203.63,42,15.0,,1140643,84737,0,0,none,none,multi_logloss,180,r3_fullcurve_stats_20260930,global,False,full,32,e895dda14c7c869f28ef3f655cc354c02e3fb2d5,False,8602348e06353cc9206350443624798d5847f2b7c61da21aef3aff0e7652942c,6eceee224737a625c32bc037a983d1419a7a50239b2ea9759ec8c876850f698c,91c87c5b4f834397daa00b01ae727b059675863211f044645de62d451cfb8c46,43041111a78dd4726423d9f43fb9a3cc00d7284ebd9c49071c459697b99c0e87,0fdd6fae08175da5c6c16d621fd8688db07a6a053167ade9f8be1b855e126209,5cf34cb449a2c8ddc7e405773be1453be0850273da8fc9a22f1a97cd36f2fc80,,,,0.2229026575354844,train_learnable,15.0,full_curve,12.0,,,,0.2229026575354844
protocol2_block_holdout,lgbm_wellnorm,0.7340949054132198,0.3439423798953838,0.711984161345037,0.3986303466924212,0.385061936564582,0.0556323442190213,0.3477889075509324,0.3477889075509324,183.97,42,15.0,,1140643,84737,0,0,none,none,multi_logloss,180,r3_fullcurve_stats_20260930,wellnorm,True,full,33,e895dda14c7c869f28ef3f655cc354c02e3fb2d5,False,8602348e06353cc9206350443624798d5847f2b7c61da21aef3aff0e7652942c,6eceee224737a625c32bc037a983d1419a7a50239b2ea9759ec8c876850f698c,91c87c5b4f834397daa00b01ae727b059675863211f044645de62d451cfb8c46,43041111a78dd4726423d9f43fb9a3cc00d7284ebd9c49071c459697b99c0e87,0fdd6fae08175da5c6c16d621fd8688db07a6a053167ade9f8be1b855e126209,5bebe90abf4e23ffaf8aaf20db4953bcbf6850267df7c4799e66fe2b05f01ac3,,,,0.2246194629960062,train_learnable,15.0,full_curve,12.0,,,,0.2246194629960062
protocol2_block_holdout,lgbm_wellnorm_norel,0.7275216257361011,0.342175961875278,0.701564156303867,0.3875016320612674,0.358732005043989,0.0801958941904942,0.3362070315377268,0.3362070315377268,205.58,42,15.0,,1140643,84737,0,0,none,none,multi_logloss,180,r3_fullcurve_stats_20260930,wellnorm,False,full,32,e895dda14c7c869f28ef3f655cc354c02e3fb2d5,False,8602348e06353cc9206350443624798d5847f2b7c61da21aef3aff0e7652942c,6eceee224737a625c32bc037a983d1419a7a50239b2ea9759ec8c876850f698c,91c87c5b4f834397daa00b01ae727b059675863211f044645de62d451cfb8c46,43041111a78dd4726423d9f43fb9a3cc00d7284ebd9c49071c459697b99c0e87,0fdd6fae08175da5c6c16d621fd8688db07a6a053167ade9f8be1b855e126209,c0458e7deef251243de7d69f6f9bd7fefd7c9f93fe59f1f8611ce52e6212018c,,,,0.2092603362756603,train_learnable,15.0,full_curve,12.0,,,,0.2092603362756603
protocol2_block_holdout,lgbm_hybrid,0.7521979772708498,0.3455588095253401,0.7236888448220097,0.4126742448879509,0.3875062950712306,0.0901324938227117,0.3323738366798433,0.3323738366798433,251.36,42,15.0,,1140643,84737,0,0,none,none,multi_logloss,180,r3_fullcurve_stats_20260930,hybrid,True,full,49,e895dda14c7c869f28ef3f655cc354c02e3fb2d5,False,8602348e06353cc9206350443624798d5847f2b7c61da21aef3aff0e7652942c,6eceee224737a625c32bc037a983d1419a7a50239b2ea9759ec8c876850f698c,91c87c5b4f834397daa00b01ae727b059675863211f044645de62d451cfb8c46,43041111a78dd4726423d9f43fb9a3cc00d7284ebd9c49071c459697b99c0e87,0fdd6fae08175da5c6c16d621fd8688db07a6a053167ade9f8be1b855e126209,a9584710f6740238911d842e0e49d5039400bf72c84a40e420357b244e624b41,,,,0.2215825577865622,train_learnable,15.0,full_curve,12.0,,,,0.2215825577865622
protocol2_block_holdout,lgbm_hybrid_norel,0.7660290073993651,0.3480788990669952,0.7203632129611914,0.4092276911178436,0.3918312661900848,0.0697940350198095,0.3543045535294598,0.3543045535294598,207.36,42,15.0,,1140643,84737,0,0,none,none,multi_logloss,180,r3_fullcurve_stats_20260930,hybrid,False,full,48,e895dda14c7c869f28ef3f655cc354c02e3fb2d5,False,8602348e06353cc9206350443624798d5847f2b7c61da21aef3aff0e7652942c,6eceee224737a625c32bc037a983d1419a7a50239b2ea9759ec8c876850f698c,91c87c5b4f834397daa00b01ae727b059675863211f044645de62d451cfb8c46,43041111a78dd4726423d9f43fb9a3cc00d7284ebd9c49071c459697b99c0e87,0fdd6fae08175da5c6c16d621fd8688db07a6a053167ade9f8be1b855e126209,541d91be3eb41014f35c930411cfd23c85379321ea069333a4b0bf8e44def757,,,,0.2285682386108828,train_learnable,15.0,full_curve,12.0,,,,0.2285682386108828
protocol2_block_holdout,lgbm_hybrid_while,0.7518911455444492,0.3998119175217537,0.7122823110219004,0.4113441227029387,0.4192077595038831,0.0291706455043823,0.3666317043989049,0.3666317043989049,205.42,42,15.0,,1140643,84737,0,0,none,none,multi_logloss,180,r3_fullcurve_stats_20260930,hybrid,False,causal,48,e895dda14c7c869f28ef3f655cc354c02e3fb2d5,False,8602348e06353cc9206350443624798d5847f2b7c61da21aef3aff0e7652942c,6eceee224737a625c32bc037a983d1419a7a50239b2ea9759ec8c876850f698c,91c87c5b4f834397daa00b01ae727b059675863211f044645de62d451cfb8c46,43041111a78dd4726423d9f43fb9a3cc00d7284ebd9c49071c459697b99c0e87,0fdd6fae08175da5c6c16d621fd8688db07a6a053167ade9f8be1b855e126209,80f751dcf6b86b3652b6c19bb1a93794dc1505ee4ff531e017226f9a7d9ef995,,,,0.2138684942326945,train_learnable,15.0,full_curve,12.0,,,,0.2138684942326945
protocol2_block_holdout,lgbm_hybrid_smooth,0.7542041847126993,0.3455027183875787,0.7238604278390707,0.4094667654371803,0.3783506902741925,0.0858713617969329,0.3324636023978964,0.3324636023978964,195.96,42,15.0,,1140643,84737,0,0,none,labeled_score_support,multi_logloss,180,r3_fullcurve_stats_20260930,hybrid,True,full,49,e895dda14c7c869f28ef3f655cc354c02e3fb2d5,False,8602348e06353cc9206350443624798d5847f2b7c61da21aef3aff0e7652942c,6eceee224737a625c32bc037a983d1419a7a50239b2ea9759ec8c876850f698c,91c87c5b4f834397daa00b01ae727b059675863211f044645de62d451cfb8c46,43041111a78dd4726423d9f43fb9a3cc00d7284ebd9c49071c459697b99c0e87,0fdd6fae08175da5c6c16d621fd8688db07a6a053167ade9f8be1b855e126209,a9584710f6740238911d842e0e49d5039400bf72c84a40e420357b244e624b41,,,,0.2207045693266122,train_learnable,15.0,full_curve,12.0,,,,0.2207045693266122
protocol2_block_holdout,lgbm_hybrid_sim,0.7501917698290003,0.383021738156209,0.7169131395456558,0.4190694042430907,0.3893220566236867,0.0871139424354928,0.356808045272701,0.356808045272701,249.44,42,15.0,,1140643,84737,0,0,batch_target,none,multi_logloss,180,r3_fullcurve_stats_20260930,hybrid,True,full,49,e895dda14c7c869f28ef3f655cc354c02e3fb2d5,False,8602348e06353cc9206350443624798d5847f2b7c61da21aef3aff0e7652942c,6eceee224737a625c32bc037a983d1419a7a50239b2ea9759ec8c876850f698c,91c87c5b4f834397daa00b01ae727b059675863211f044645de62d451cfb8c46,43041111a78dd4726423d9f43fb9a3cc00d7284ebd9c49071c459697b99c0e87,0fdd6fae08175da5c6c16d621fd8688db07a6a053167ade9f8be1b855e126209,a9584710f6740238911d842e0e49d5039400bf72c84a40e420357b244e624b41,,,,0.2081380264090755,train_learnable,15.0,full_curve,12.0,,,,0.2081380264090755
protocol2_block_holdout,lgbm_hybrid_sim_perwell,0.7477843208987809,0.3928370244945979,0.715382900086223,0.4302152143445213,0.4108789885416372,0.0744576594029204,0.3658800167101944,0.3658800167101944,700.45,42,15.0,,1140643,84737,0,0,per_well,none,multi_logloss,180,r3_fullcurve_stats_20260930,hybrid,True,full,49,e895dda14c7c869f28ef3f655cc354c02e3fb2d5,False,8602348e06353cc9206350443624798d5847f2b7c61da21aef3aff0e7652942c,6eceee224737a625c32bc037a983d1419a7a50239b2ea9759ec8c876850f698c,91c87c5b4f834397daa00b01ae727b059675863211f044645de62d451cfb8c46,43041111a78dd4726423d9f43fb9a3cc00d7284ebd9c49071c459697b99c0e87,0fdd6fae08175da5c6c16d621fd8688db07a6a053167ade9f8be1b855e126209,f0035c0b7027447eb93af1f08fa93f86636eddefd4ef058ba1ba909e1d1db83c,,,,0.2230484167889126,train_learnable,15.0,full_curve,12.0,,,,0.2230484167889126
protocol2_block_holdout,lgbm_hybrid_plus,0.76758676847186,0.414921205198937,0.7292923275009622,0.4348852091888074,0.4162739936448701,0.0670401684573274,0.3775266056754872,0.3775266056754872,184.54,42,15.0,,1140643,84737,0,0,batch_target,labeled_score_support,multi_logloss,180,r3_fullcurve_stats_20260930,hybrid,True,full,49,e895dda14c7c869f28ef3f655cc354c02e3fb2d5,False,8602348e06353cc9206350443624798d5847f2b7c61da21aef3aff0e7652942c,6eceee224737a625c32bc037a983d1419a7a50239b2ea9759ec8c876850f698c,91c87c5b4f834397daa00b01ae727b059675863211f044645de62d451cfb8c46,43041111a78dd4726423d9f43fb9a3cc00d7284ebd9c49071c459697b99c0e87,0fdd6fae08175da5c6c16d621fd8688db07a6a053167ade9f8be1b855e126209,a9584710f6740238911d842e0e49d5039400bf72c84a40e420357b244e624b41,,,,0.2278653619496515,train_learnable,15.0,full_curve,12.0,,,,0.2278653619496515
protocol2_block_holdout,mlp_source_only,0.7372576324391942,0.3201742745028189,0.6874617754877814,0.3548937858254516,0.3576161532469022,0.0252007822875514,0.3234571283339183,0.3234571283339183,27.51,42,15.0,,1140643,84737,0,0,none,none,multi_logloss,180,r3_fullcurve_stats_20260930,global,False,full,32,e895dda14c7c869f28ef3f655cc354c02e3fb2d5,False,8602348e06353cc9206350443624798d5847f2b7c61da21aef3aff0e7652942c,6eceee224737a625c32bc037a983d1419a7a50239b2ea9759ec8c876850f698c,91c87c5b4f834397daa00b01ae727b059675863211f044645de62d451cfb8c46,43041111a78dd4726423d9f43fb9a3cc00d7284ebd9c49071c459697b99c0e87,0fdd6fae08175da5c6c16d621fd8688db07a6a053167ade9f8be1b855e126209,644a4883ecf827b2fafe573ebcfa22e39f9f6800f51984cf68672e7634828e8c,,,,0.1886833248614523,train_learnable,15.0,full_curve,12.0,,,,0.1886833248614523
protocol2_block_holdout,mlp_coral_uda,0.5635082667547825,0.2163916333640429,0.5623961165820757,0.2227854688929415,0.2181506229167426,0.0562473527609114,0.1597326817605119,0.1597326817605119,25.87,42,15.0,,1140643,84737,0,0,transductive_score_support,none,multi_logloss,180,r3_fullcurve_stats_20260930,global,False,full,32,e895dda14c7c869f28ef3f655cc354c02e3fb2d5,False,8602348e06353cc9206350443624798d5847f2b7c61da21aef3aff0e7652942c,6eceee224737a625c32bc037a983d1419a7a50239b2ea9759ec8c876850f698c,91c87c5b4f834397daa00b01ae727b059675863211f044645de62d451cfb8c46,43041111a78dd4726423d9f43fb9a3cc00d7284ebd9c49071c459697b99c0e87,0fdd6fae08175da5c6c16d621fd8688db07a6a053167ade9f8be1b855e126209,937c65efcb96aa4cb25c3a865aad86b00f0076ec042891cf650bfa5113df54bd,,,,0.0931773976936319,train_learnable,15.0,full_curve,12.0,,,,0.0931773976936319
protocol2_block_holdout,lgbm_global,0.5644810914070292,0.2722527719571024,0.6132277123665751,0.3501214594747077,0.3543844004622533,0.0945868199829201,0.2034375202430219,0.1885776685641993,120.79,42,35.0,,1010943,236612,0,0,none,none,multi_logloss,180,r3_fullcurve_stats_20260930,global,False,full,32,e895dda14c7c869f28ef3f655cc354c02e3fb2d5,False,8602348e06353cc9206350443624798d5847f2b7c61da21aef3aff0e7652942c,233f0a101ee5c5a114e69ea860362ee52196ed7811ee370b54e14b30e706a45b,91c87c5b4f834397daa00b01ae727b059675863211f044645de62d451cfb8c46,43041111a78dd4726423d9f43fb9a3cc00d7284ebd9c49071c459697b99c0e87,0fdd6fae08175da5c6c16d621fd8688db07a6a053167ade9f8be1b855e126209,9d2c7ad879a80eef284e32d0dadee42e995aeacfcc54dedeef5e09c73767b0b5,,,,0.0815414789069689,train_learnable,35.0,full_curve,12.0,,,,0.0917984095078655
protocol2_block_holdout,lgbm_global_eq120k,0.576543032475107,0.3115773235003924,0.6160988810252863,0.3670116698501544,0.39136750557826,0.0966894455106257,0.2136636094729569,0.1708456435971973,59.37,42,35.0,,1010943,236612,0,0,none,none,multi_logloss,180,r3_fullcurve_stats_20260930,global,False,full,32,e895dda14c7c869f28ef3f655cc354c02e3fb2d5,False,8602348e06353cc9206350443624798d5847f2b7c61da21aef3aff0e7652942c,233f0a101ee5c5a114e69ea860362ee52196ed7811ee370b54e14b30e706a45b,91c87c5b4f834397daa00b01ae727b059675863211f044645de62d451cfb8c46,43041111a78dd4726423d9f43fb9a3cc00d7284ebd9c49071c459697b99c0e87,0fdd6fae08175da5c6c16d621fd8688db07a6a053167ade9f8be1b855e126209,baad36fa6622469175d61c36872b36913e66ce8f375c1a907ce0cd3f010dd42e,,,,0.0778544996609512,train_learnable,35.0,full_curve,12.0,,,,0.0908166644518838
protocol2_block_holdout,rf_global,0.5957601474143324,0.2832384109114955,0.6293107470939875,0.3661557880359707,0.3979040238333706,0.1034478574215152,0.2222110706951275,0.2072241718666038,28.42,42,35.0,,1010943,236612,0,0,none,none,multi_logloss,200,r3_fullcurve_stats_20260930,global,False,full,32,e895dda14c7c869f28ef3f655cc354c02e3fb2d5,False,8602348e06353cc9206350443624798d5847f2b7c61da21aef3aff0e7652942c,233f0a101ee5c5a114e69ea860362ee52196ed7811ee370b54e14b30e706a45b,91c87c5b4f834397daa00b01ae727b059675863211f044645de62d451cfb8c46,43041111a78dd4726423d9f43fb9a3cc00d7284ebd9c49071c459697b99c0e87,0fdd6fae08175da5c6c16d621fd8688db07a6a053167ade9f8be1b855e126209,9749b7606f66549a6595b55fcd5d7c470887ad2f92c84bebdb02d33df3cfdd06,,,,0.0560352172938616,train_learnable,35.0,full_curve,12.0,,,,0.0793566756360914
protocol2_block_holdout,rf_global_full,0.5465403276249725,0.2706776794782434,0.5973099197146481,0.3464552812204123,0.3581780549055361,0.0966681899167562,0.2106027317142954,0.2013641920765082,123.33,42,35.0,,1010943,236612,0,0,none,none,multi_logloss,100,r3_fullcurve_stats_20260930,global,False,full,32,e895dda14c7c869f28ef3f655cc354c02e3fb2d5,False,8602348e06353cc9206350443624798d5847f2b7c61da21aef3aff0e7652942c,233f0a101ee5c5a114e69ea860362ee52196ed7811ee370b54e14b30e706a45b,91c87c5b4f834397daa00b01ae727b059675863211f044645de62d451cfb8c46,43041111a78dd4726423d9f43fb9a3cc00d7284ebd9c49071c459697b99c0e87,0fdd6fae08175da5c6c16d621fd8688db07a6a053167ade9f8be1b855e126209,7d38084cacacbb3eda88c22f42771fc597b5e04390c0988bc83f953f256c651b,,,,0.052418177639839,train_learnable,35.0,full_curve,12.0,,,,0.0772317160637783
protocol2_block_holdout,xgb_global,0.5468192652950823,0.2740873209070152,0.6030937530294306,0.3494627235995045,0.3530441900466529,0.0952592215509378,0.2141663672104561,0.1846096071940499,167.41,42,35.0,,1010943,236612,0,0,none,none,multi_logloss,180,r3_fullcurve_stats_20260930,global,False,full,32,e895dda14c7c869f28ef3f655cc354c02e3fb2d5,False,8602348e06353cc9206350443624798d5847f2b7c61da21aef3aff0e7652942c,233f0a101ee5c5a114e69ea860362ee52196ed7811ee370b54e14b30e706a45b,91c87c5b4f834397daa00b01ae727b059675863211f044645de62d451cfb8c46,43041111a78dd4726423d9f43fb9a3cc00d7284ebd9c49071c459697b99c0e87,0fdd6fae08175da5c6c16d621fd8688db07a6a053167ade9f8be1b855e126209,5cf34cb449a2c8ddc7e405773be1453be0850273da8fc9a22f1a97cd36f2fc80,,,,0.0847626166348052,train_learnable,35.0,full_curve,12.0,,,,0.0885432077864036
protocol2_block_holdout,lgbm_wellnorm,0.6418736158774703,0.2854944246634174,0.6631545355518376,0.3845655029464039,0.3507109566688811,0.1124546343108262,0.2204670960298052,0.185359249965149,141.45,42,35.0,,1010943,236612,0,0,none,none,multi_logloss,180,r3_fullcurve_stats_20260930,wellnorm,True,full,33,e895dda14c7c869f28ef3f655cc354c02e3fb2d5,False,8602348e06353cc9206350443624798d5847f2b7c61da21aef3aff0e7652942c,233f0a101ee5c5a114e69ea860362ee52196ed7811ee370b54e14b30e706a45b,91c87c5b4f834397daa00b01ae727b059675863211f044645de62d451cfb8c46,43041111a78dd4726423d9f43fb9a3cc00d7284ebd9c49071c459697b99c0e87,0fdd6fae08175da5c6c16d621fd8688db07a6a053167ade9f8be1b855e126209,5bebe90abf4e23ffaf8aaf20db4953bcbf6850267df7c4799e66fe2b05f01ac3,,,,0.0926796249825745,train_learnable,35.0,full_curve,12.0,,,,0.1027669207790912
protocol2_block_holdout,lgbm_wellnorm_norel,0.6213843761094112,0.276423080726666,0.6515426201152373,0.3664612514038636,0.33883008276385,0.1006154515435022,0.227823888641365,0.2075496006773498,148.37,42,35.0,,1010943,236612,0,0,none,none,multi_logloss,180,r3_fullcurve_stats_20260930,wellnorm,False,full,32,e895dda14c7c869f28ef3f655cc354c02e3fb2d5,False,8602348e06353cc9206350443624798d5847f2b7c61da21aef3aff0e7652942c,233f0a101ee5c5a114e69ea860362ee52196ed7811ee370b54e14b30e706a45b,91c87c5b4f834397daa00b01ae727b059675863211f044645de62d451cfb8c46,43041111a78dd4726423d9f43fb9a3cc00d7284ebd9c49071c459697b99c0e87,0fdd6fae08175da5c6c16d621fd8688db07a6a053167ade9f8be1b855e126209,c0458e7deef251243de7d69f6f9bd7fefd7c9f93fe59f1f8611ce52e6212018c,,,,0.1037748003386749,train_learnable,35.0,full_curve,12.0,,,,0.1070056193271626
protocol2_block_holdout,lgbm_hybrid,0.6606638716548611,0.3299610917087935,0.6787934382736011,0.4088212017190333,0.4217613878050421,0.0938744671054678,0.2653287688160691,0.2438180960230078,174.6,42,35.0,,1010943,236612,0,0,none,none,multi_logloss,180,r3_fullcurve_stats_20260930,hybrid,True,full,49,e895dda14c7c869f28ef3f655cc354c02e3fb2d5,False,8602348e06353cc9206350443624798d5847f2b7c61da21aef3aff0e7652942c,233f0a101ee5c5a114e69ea860362ee52196ed7811ee370b54e14b30e706a45b,91c87c5b4f834397daa00b01ae727b059675863211f044645de62d451cfb8c46,43041111a78dd4726423d9f43fb9a3cc00d7284ebd9c49071c459697b99c0e87,0fdd6fae08175da5c6c16d621fd8688db07a6a053167ade9f8be1b855e126209,a9584710f6740238911d842e0e49d5039400bf72c84a40e420357b244e624b41,,,,0.1131270215150629,train_learnable,35.0,full_curve,12.0,,,,0.1181274469305529
protocol2_block_holdout,lgbm_hybrid_norel,0.6429640085878991,0.3145167949948,0.6704688474061078,0.3837611978621343,0.3956172701003964,0.072595618179053,0.2609058274168329,0.2353985539908921,177.84,42,35.0,,1010943,236612,0,0,none,none,multi_logloss,180,r3_fullcurve_stats_20260930,hybrid,False,full,48,e895dda14c7c869f28ef3f655cc354c02e3fb2d5,False,8602348e06353cc9206350443624798d5847f2b7c61da21aef3aff0e7652942c,233f0a101ee5c5a114e69ea860362ee52196ed7811ee370b54e14b30e706a45b,91c87c5b4f834397daa00b01ae727b059675863211f044645de62d451cfb8c46,43041111a78dd4726423d9f43fb9a3cc00d7284ebd9c49071c459697b99c0e87,0fdd6fae08175da5c6c16d621fd8688db07a6a053167ade9f8be1b855e126209,541d91be3eb41014f35c930411cfd23c85379321ea069333a4b0bf8e44def757,,,,0.0989043175250991,train_learnable,35.0,full_curve,12.0,,,,0.1131016501015908
protocol2_block_holdout,lgbm_hybrid_while,0.6342408669044681,0.3277114151913307,0.6550390775387843,0.3818120660276254,0.4042673993309516,0.0964175149636758,0.2363146014352186,0.2189859316600803,191.55,42,35.0,,1010943,236612,0,0,none,none,multi_logloss,180,r3_fullcurve_stats_20260930,hybrid,False,causal,48,e895dda14c7c869f28ef3f655cc354c02e3fb2d5,False,8602348e06353cc9206350443624798d5847f2b7c61da21aef3aff0e7652942c,233f0a101ee5c5a114e69ea860362ee52196ed7811ee370b54e14b30e706a45b,91c87c5b4f834397daa00b01ae727b059675863211f044645de62d451cfb8c46,43041111a78dd4726423d9f43fb9a3cc00d7284ebd9c49071c459697b99c0e87,0fdd6fae08175da5c6c16d621fd8688db07a6a053167ade9f8be1b855e126209,80f751dcf6b86b3652b6c19bb1a93794dc1505ee4ff531e017226f9a7d9ef995,,,,0.0941042159890813,train_learnable,35.0,full_curve,12.0,,,,0.1036130051459809
protocol2_block_holdout,lgbm_hybrid_smooth,0.6678866667793688,0.3346908092465438,0.682776426671369,0.4071658797856243,0.4083940414019967,0.0949447673644914,0.2684449475530849,0.249362095404056,179.39,42,35.0,,1010943,236612,0,0,none,labeled_score_support,multi_logloss,180,r3_fullcurve_stats_20260930,hybrid,True,full,49,e895dda14c7c869f28ef3f655cc354c02e3fb2d5,False,8602348e06353cc9206350443624798d5847f2b7c61da21aef3aff0e7652942c,233f0a101ee5c5a114e69ea860362ee52196ed7811ee370b54e14b30e706a45b,91c87c5b4f834397daa00b01ae727b059675863211f044645de62d451cfb8c46,43041111a78dd4726423d9f43fb9a3cc00d7284ebd9c49071c459697b99c0e87,0fdd6fae08175da5c6c16d621fd8688db07a6a053167ade9f8be1b855e126209,a9584710f6740238911d842e0e49d5039400bf72c84a40e420357b244e624b41,,,,0.1088212902269768,train_learnable,35.0,full_curve,12.0,,,,0.1174120823057077
protocol2_block_holdout,lgbm_hybrid_sim,0.6585676128007033,0.324711457882296,0.6737266196077283,0.395822807050271,0.3871735903224709,0.1044453289960312,0.2560790750676344,0.2481246020415979,189.22,42,35.0,,1010943,236612,0,0,batch_target,none,multi_logloss,180,r3_fullcurve_stats_20260930,hybrid,True,full,49,e895dda14c7c869f28ef3f655cc354c02e3fb2d5,False,8602348e06353cc9206350443624798d5847f2b7c61da21aef3aff0e7652942c,233f0a101ee5c5a114e69ea860362ee52196ed7811ee370b54e14b30e706a45b,91c87c5b4f834397daa00b01ae727b059675863211f044645de62d451cfb8c46,43041111a78dd4726423d9f43fb9a3cc00d7284ebd9c49071c459697b99c0e87,0fdd6fae08175da5c6c16d621fd8688db07a6a053167ade9f8be1b855e126209,a9584710f6740238911d842e0e49d5039400bf72c84a40e420357b244e624b41,,,,0.0871931975718148,train_learnable,35.0,full_curve,12.0,,,,0.1063258648705741
protocol2_block_holdout,lgbm_hybrid_sim_perwell,0.6515011918245904,0.3205726477570922,0.6687805788781784,0.3946922807528179,0.4053683595127408,0.0938827975437521,0.2554393778190792,0.2414384136809914,2733.35,42,35.0,,1010943,236612,0,0,per_well,none,multi_logloss,180,r3_fullcurve_stats_20260930,hybrid,True,full,49,e895dda14c7c869f28ef3f655cc354c02e3fb2d5,False,8602348e06353cc9206350443624798d5847f2b7c61da21aef3aff0e7652942c,233f0a101ee5c5a114e69ea860362ee52196ed7811ee370b54e14b30e706a45b,91c87c5b4f834397daa00b01ae727b059675863211f044645de62d451cfb8c46,43041111a78dd4726423d9f43fb9a3cc00d7284ebd9c49071c459697b99c0e87,0fdd6fae08175da5c6c16d621fd8688db07a6a053167ade9f8be1b855e126209,f0035c0b7027447eb93af1f08fa93f86636eddefd4ef058ba1ba909e1d1db83c,,,,0.1074535763825049,train_learnable,35.0,full_curve,12.0,,,,0.1145669610051604
protocol2_block_holdout,lgbm_hybrid_plus,0.6733217250181732,0.3304685612335605,0.684803478277327,0.401548430017957,0.4264872772038131,0.1022489965403884,0.2555990138061142,0.2405116023430247,188.73,42,35.0,,1010943,236612,0,0,batch_target,labeled_score_support,multi_logloss,180,r3_fullcurve_stats_20260930,hybrid,True,full,49,e895dda14c7c869f28ef3f655cc354c02e3fb2d5,False,8602348e06353cc9206350443624798d5847f2b7c61da21aef3aff0e7652942c,233f0a101ee5c5a114e69ea860362ee52196ed7811ee370b54e14b30e706a45b,91c87c5b4f834397daa00b01ae727b059675863211f044645de62d451cfb8c46,43041111a78dd4726423d9f43fb9a3cc00d7284ebd9c49071c459697b99c0e87,0fdd6fae08175da5c6c16d621fd8688db07a6a053167ade9f8be1b855e126209,a9584710f6740238911d842e0e49d5039400bf72c84a40e420357b244e624b41,,,,0.0801705341143415,train_learnable,35.0,full_curve,12.0,,,,0.1027237302610039
protocol2_block_holdout,mlp_source_only,0.6435556945547986,0.3012482604585245,0.6422501707243761,0.3644531335350784,0.3619448393210993,0.1010545392128694,0.2227527774499138,0.1691791859404327,27.46,42,35.0,,1010943,236612,0,0,none,none,multi_logloss,180,r3_fullcurve_stats_20260930,global,False,full,32,e895dda14c7c869f28ef3f655cc354c02e3fb2d5,False,8602348e06353cc9206350443624798d5847f2b7c61da21aef3aff0e7652942c,233f0a101ee5c5a114e69ea860362ee52196ed7811ee370b54e14b30e706a45b,91c87c5b4f834397daa00b01ae727b059675863211f044645de62d451cfb8c46,43041111a78dd4726423d9f43fb9a3cc00d7284ebd9c49071c459697b99c0e87,0fdd6fae08175da5c6c16d621fd8688db07a6a053167ade9f8be1b855e126209,644a4883ecf827b2fafe573ebcfa22e39f9f6800f51984cf68672e7634828e8c,,,,0.0845895929702163,train_learnable,35.0,full_curve,12.0,,,,0.1026394258493609
protocol2_block_holdout,mlp_coral_uda,0.3631852991395195,0.2004183851054846,0.3901002367018243,0.1976134197772102,0.2027857936609694,0.0904305512340749,0.047840754259513,0.0336217451887479,31.18,42,35.0,,1010943,236612,0,0,transductive_score_support,none,multi_logloss,180,r3_fullcurve_stats_20260930,global,False,full,32,e895dda14c7c869f28ef3f655cc354c02e3fb2d5,False,8602348e06353cc9206350443624798d5847f2b7c61da21aef3aff0e7652942c,233f0a101ee5c5a114e69ea860362ee52196ed7811ee370b54e14b30e706a45b,91c87c5b4f834397daa00b01ae727b059675863211f044645de62d451cfb8c46,43041111a78dd4726423d9f43fb9a3cc00d7284ebd9c49071c459697b99c0e87,0fdd6fae08175da5c6c16d621fd8688db07a6a053167ade9f8be1b855e126209,937c65efcb96aa4cb25c3a865aad86b00f0076ec042891cf650bfa5113df54bd,,,,0.0129832052587845,train_learnable,35.0,full_curve,12.0,,,,0.0163722144571253
protocol3_lowo,lgbm_global,0.7880321793365271,0.4569121198237925,0.7360130550054713,0.4569121198237925,0.4569121198237925,0.0,0.4569121198237925,0.4569121198237925,127.34,42,,15/9-23,1252965,11063,0,0,none,none,multi_logloss,180,r3_fullcurve_stats_20260930,global,False,full,32,e895dda14c7c869f28ef3f655cc354c02e3fb2d5,False,8602348e06353cc9206350443624798d5847f2b7c61da21aef3aff0e7652942c,012c042f9a43b59688e943e993478b7bd5bfafb240c22a6cd2dc67794745076a,91c87c5b4f834397daa00b01ae727b059675863211f044645de62d451cfb8c46,43041111a78dd4726423d9f43fb9a3cc00d7284ebd9c49071c459697b99c0e87,0fdd6fae08175da5c6c16d621fd8688db07a6a053167ade9f8be1b855e126209,9d2c7ad879a80eef284e32d0dadee42e995aeacfcc54dedeef5e09c73767b0b5,,,,0.3046080798825284,train_learnable,,full_curve,12.0,,,,0.3046080798825284
protocol3_lowo,lgbm_global_eq120k,0.7926421404682275,0.4660112546274002,0.735312009951475,0.4660112546274002,0.4660112546274002,0.0,0.4660112546274002,0.4660112546274002,58.49,42,,15/9-23,1252965,11063,0,0,none,none,multi_logloss,180,r3_fullcurve_stats_20260930,global,False,full,32,e895dda14c7c869f28ef3f655cc354c02e3fb2d5,False,8602348e06353cc9206350443624798d5847f2b7c61da21aef3aff0e7652942c,012c042f9a43b59688e943e993478b7bd5bfafb240c22a6cd2dc67794745076a,91c87c5b4f834397daa00b01ae727b059675863211f044645de62d451cfb8c46,43041111a78dd4726423d9f43fb9a3cc00d7284ebd9c49071c459697b99c0e87,0fdd6fae08175da5c6c16d621fd8688db07a6a053167ade9f8be1b855e126209,baad36fa6622469175d61c36872b36913e66ce8f375c1a907ce0cd3f010dd42e,,,,0.3106741697516001,train_learnable,,full_curve,12.0,,,,0.3106741697516001
protocol3_lowo,rf_global,0.7956250564946217,0.4509352696019298,0.7477207544969142,0.4509352696019298,0.4509352696019298,0.0,0.4509352696019298,0.4509352696019298,32.8,42,,15/9-23,1252965,11063,0,0,none,none,multi_logloss,200,r3_fullcurve_stats_20260930,global,False,full,32,e895dda14c7c869f28ef3f655cc354c02e3fb2d5,False,8602348e06353cc9206350443624798d5847f2b7c61da21aef3aff0e7652942c,012c042f9a43b59688e943e993478b7bd5bfafb240c22a6cd2dc67794745076a,91c87c5b4f834397daa00b01ae727b059675863211f044645de62d451cfb8c46,43041111a78dd4726423d9f43fb9a3cc00d7284ebd9c49071c459697b99c0e87,0fdd6fae08175da5c6c16d621fd8688db07a6a053167ade9f8be1b855e126209,9749b7606f66549a6595b55fcd5d7c470887ad2f92c84bebdb02d33df3cfdd06,,,,0.3006235130679532,train_learnable,,full_curve,12.0,,,,0.3006235130679532
protocol3_lowo,rf_global_full,0.7947211425472295,0.4807587239634461,0.7540876853099144,0.4807587239634461,0.4807587239634461,0.0,0.4807587239634461,0.4807587239634461,152.82,42,,15/9-23,1252965,11063,0,0,none,none,multi_logloss,100,r3_fullcurve_stats_20260930,global,False,full,32,e895dda14c7c869f28ef3f655cc354c02e3fb2d5,False,8602348e06353cc9206350443624798d5847f2b7c61da21aef3aff0e7652942c,012c042f9a43b59688e943e993478b7bd5bfafb240c22a6cd2dc67794745076a,91c87c5b4f834397daa00b01ae727b059675863211f044645de62d451cfb8c46,43041111a78dd4726423d9f43fb9a3cc00d7284ebd9c49071c459697b99c0e87,0fdd6fae08175da5c6c16d621fd8688db07a6a053167ade9f8be1b855e126209,7d38084cacacbb3eda88c22f42771fc597b5e04390c0988bc83f953f256c651b,,,,0.3205058159756307,train_learnable,,full_curve,12.0,,,,0.3205058159756307
protocol3_lowo,xgb_global,0.7864051342312212,0.4691839913758046,0.7365609959496604,0.4691839913758046,0.4691839913758046,0.0,0.4691839913758046,0.4691839913758046,204.9,42,,15/9-23,1252965,11063,0,0,none,none,multi_logloss,180,r3_fullcurve_stats_20260930,global,False,full,32,e895dda14c7c869f28ef3f655cc354c02e3fb2d5,False,8602348e06353cc9206350443624798d5847f2b7c61da21aef3aff0e7652942c,012c042f9a43b59688e943e993478b7bd5bfafb240c22a6cd2dc67794745076a,91c87c5b4f834397daa00b01ae727b059675863211f044645de62d451cfb8c46,43041111a78dd4726423d9f43fb9a3cc00d7284ebd9c49071c459697b99c0e87,0fdd6fae08175da5c6c16d621fd8688db07a6a053167ade9f8be1b855e126209,5cf34cb449a2c8ddc7e405773be1453be0850273da8fc9a22f1a97cd36f2fc80,,,,0.3127893275838697,train_learnable,,full_curve,12.0,,,,0.3127893275838697
protocol3_lowo,lgbm_wellnorm,0.8560065081804212,0.5663786928414875,0.8452487320292743,0.5663786928414875,0.5663786928414875,0.0,0.5663786928414875,0.5663786928414875,140.58,42,,15/9-23,1252965,11063,0,0,none,none,multi_logloss,180,r3_fullcurve_stats_20260930,wellnorm,True,full,33,e895dda14c7c869f28ef3f655cc354c02e3fb2d5,False,8602348e06353cc9206350443624798d5847f2b7c61da21aef3aff0e7652942c,012c042f9a43b59688e943e993478b7bd5bfafb240c22a6cd2dc67794745076a,91c87c5b4f834397daa00b01ae727b059675863211f044645de62d451cfb8c46,43041111a78dd4726423d9f43fb9a3cc00d7284ebd9c49071c459697b99c0e87,0fdd6fae08175da5c6c16d621fd8688db07a6a053167ade9f8be1b855e126209,5bebe90abf4e23ffaf8aaf20db4953bcbf6850267df7c4799e66fe2b05f01ac3,,,,0.3775857952276584,train_learnable,,full_curve,12.0,,,,0.3775857952276584
protocol3_lowo,lgbm_wellnorm_norel,0.8690228690228691,0.585195979648425,0.8637088898603897,0.585195979648425,0.585195979648425,0.0,0.585195979648425,0.585195979648425,140.86,42,,15/9-23,1252965,11063,0,0,none,none,multi_logloss,180,r3_fullcurve_stats_20260930,wellnorm,False,full,32,e895dda14c7c869f28ef3f655cc354c02e3fb2d5,False,8602348e06353cc9206350443624798d5847f2b7c61da21aef3aff0e7652942c,012c042f9a43b59688e943e993478b7bd5bfafb240c22a6cd2dc67794745076a,91c87c5b4f834397daa00b01ae727b059675863211f044645de62d451cfb8c46,43041111a78dd4726423d9f43fb9a3cc00d7284ebd9c49071c459697b99c0e87,0fdd6fae08175da5c6c16d621fd8688db07a6a053167ade9f8be1b855e126209,c0458e7deef251243de7d69f6f9bd7fefd7c9f93fe59f1f8611ce52e6212018c,,,,0.3901306530989499,train_learnable,,full_curve,12.0,,,,0.3901306530989499
protocol3_lowo,lgbm_hybrid,0.8521196782066347,0.6073036770980117,0.8218789800879678,0.6073036770980117,0.6073036770980117,0.0,0.6073036770980117,0.6073036770980117,186.1,42,,15/9-23,1252965,11063,0,0,none,none,multi_logloss,180,r3_fullcurve_stats_20260930,hybrid,True,full,49,e895dda14c7c869f28ef3f655cc354c02e3fb2d5,False,8602348e06353cc9206350443624798d5847f2b7c61da21aef3aff0e7652942c,012c042f9a43b59688e943e993478b7bd5bfafb240c22a6cd2dc67794745076a,91c87c5b4f834397daa00b01ae727b059675863211f044645de62d451cfb8c46,43041111a78dd4726423d9f43fb9a3cc00d7284ebd9c49071c459697b99c0e87,0fdd6fae08175da5c6c16d621fd8688db07a6a053167ade9f8be1b855e126209,a9584710f6740238911d842e0e49d5039400bf72c84a40e420357b244e624b41,,,,0.4048691180653411,train_learnable,,full_curve,12.0,,,,0.4048691180653411
protocol3_lowo,lgbm_hybrid_norel,0.8549218114435506,0.5930485802802509,0.8310495791498103,0.5930485802802509,0.5930485802802509,0.0,0.5930485802802509,0.5930485802802509,181.65,42,,15/9-23,1252965,11063,0,0,none,none,multi_logloss,180,r3_fullcurve_stats_20260930,hybrid,False,full,48,e895dda14c7c869f28ef3f655cc354c02e3fb2d5,False,8602348e06353cc9206350443624798d5847f2b7c61da21aef3aff0e7652942c,012c042f9a43b59688e943e993478b7bd5bfafb240c22a6cd2dc67794745076a,91c87c5b4f834397daa00b01ae727b059675863211f044645de62d451cfb8c46,43041111a78dd4726423d9f43fb9a3cc00d7284ebd9c49071c459697b99c0e87,0fdd6fae08175da5c6c16d621fd8688db07a6a053167ade9f8be1b855e126209,541d91be3eb41014f35c930411cfd23c85379321ea069333a4b0bf8e44def757,,,,0.3953657201868339,train_learnable,,full_curve,12.0,,,,0.3953657201868339
protocol3_lowo,lgbm_hybrid_while,0.8102684624423755,0.5157221516592645,0.7600512705991801,0.5157221516592645,0.5157221516592645,0.0,0.5157221516592645,0.5157221516592645,193.92,42,,15/9-23,1252965,11063,0,0,none,none,multi_logloss,180,r3_fullcurve_stats_20260930,hybrid,False,causal,48,e895dda14c7c869f28ef3f655cc354c02e3fb2d5,False,8602348e06353cc9206350443624798d5847f2b7c61da21aef3aff0e7652942c,012c042f9a43b59688e943e993478b7bd5bfafb240c22a6cd2dc67794745076a,91c87c5b4f834397daa00b01ae727b059675863211f044645de62d451cfb8c46,43041111a78dd4726423d9f43fb9a3cc00d7284ebd9c49071c459697b99c0e87,0fdd6fae08175da5c6c16d621fd8688db07a6a053167ade9f8be1b855e126209,80f751dcf6b86b3652b6c19bb1a93794dc1505ee4ff531e017226f9a7d9ef995,,,,0.343814767772843,train_learnable,,full_curve,12.0,,,,0.343814767772843
protocol3_lowo,lgbm_hybrid_smooth,0.8517581126276779,0.6031729726159474,0.8184397020914985,0.6031729726159474,0.6031729726159474,0.0,0.6031729726159474,0.6031729726159474,184.78,42,,15/9-23,1252965,11063,0,0,none,labeled_score_support,multi_logloss,180,r3_fullcurve_stats_20260930,hybrid,True,full,49,e895dda14c7c869f28ef3f655cc354c02e3fb2d5,False,8602348e06353cc9206350443624798d5847f2b7c61da21aef3aff0e7652942c,012c042f9a43b59688e943e993478b7bd5bfafb240c22a6cd2dc67794745076a,91c87c5b4f834397daa00b01ae727b059675863211f044645de62d451cfb8c46,43041111a78dd4726423d9f43fb9a3cc00d7284ebd9c49071c459697b99c0e87,0fdd6fae08175da5c6c16d621fd8688db07a6a053167ade9f8be1b855e126209,a9584710f6740238911d842e0e49d5039400bf72c84a40e420357b244e624b41,,,,0.4021153150772982,train_learnable,,full_curve,12.0,,,,0.4021153150772982
protocol3_lowo,lgbm_hybrid_sim,0.8664919099701709,0.6325501447301212,0.8480047144557181,0.6325501447301212,0.6325501447301212,0.0,0.6325501447301212,0.6325501447301212,214.17,42,,15/9-23,1252965,11063,0,0,batch_target,none,multi_logloss,180,r3_fullcurve_stats_20260930,hybrid,True,full,49,e895dda14c7c869f28ef3f655cc354c02e3fb2d5,False,8602348e06353cc9206350443624798d5847f2b7c61da21aef3aff0e7652942c,012c042f9a43b59688e943e993478b7bd5bfafb240c22a6cd2dc67794745076a,91c87c5b4f834397daa00b01ae727b059675863211f044645de62d451cfb8c46,43041111a78dd4726423d9f43fb9a3cc00d7284ebd9c49071c459697b99c0e87,0fdd6fae08175da5c6c16d621fd8688db07a6a053167ade9f8be1b855e126209,a9584710f6740238911d842e0e49d5039400bf72c84a40e420357b244e624b41,,,,0.4217000964867475,train_learnable,,full_curve,12.0,,,,0.4217000964867475
protocol3_lowo,lgbm_hybrid_sim_perwell,0.8664919099701709,0.6325501447301212,0.8480047144557181,0.6325501447301212,0.6325501447301212,0.0,0.6325501447301212,0.6325501447301212,212.83,42,,15/9-23,1252965,11063,0,0,per_well,none,multi_logloss,180,r3_fullcurve_stats_20260930,hybrid,True,full,49,e895dda14c7c869f28ef3f655cc354c02e3fb2d5,False,8602348e06353cc9206350443624798d5847f2b7c61da21aef3aff0e7652942c,012c042f9a43b59688e943e993478b7bd5bfafb240c22a6cd2dc67794745076a,91c87c5b4f834397daa00b01ae727b059675863211f044645de62d451cfb8c46,43041111a78dd4726423d9f43fb9a3cc00d7284ebd9c49071c459697b99c0e87,0fdd6fae08175da5c6c16d621fd8688db07a6a053167ade9f8be1b855e126209,f0035c0b7027447eb93af1f08fa93f86636eddefd4ef058ba1ba909e1d1db83c,,,,0.4217000964867475,train_learnable,,full_curve,12.0,,,,0.4217000964867475
protocol3_lowo,lgbm_hybrid_plus,0.848955979390762,0.5913634877792416,0.8107305932501752,0.5913634877792416,0.5913634877792416,0.0,0.5913634877792416,0.5913634877792416,210.2,42,,15/9-23,1252965,11063,0,0,batch_target,labeled_score_support,multi_logloss,180,r3_fullcurve_stats_20260930,hybrid,True,full,49,e895dda14c7c869f28ef3f655cc354c02e3fb2d5,False,8602348e06353cc9206350443624798d5847f2b7c61da21aef3aff0e7652942c,012c042f9a43b59688e943e993478b7bd5bfafb240c22a6cd2dc67794745076a,91c87c5b4f834397daa00b01ae727b059675863211f044645de62d451cfb8c46,43041111a78dd4726423d9f43fb9a3cc00d7284ebd9c49071c459697b99c0e87,0fdd6fae08175da5c6c16d621fd8688db07a6a053167ade9f8be1b855e126209,a9584710f6740238911d842e0e49d5039400bf72c84a40e420357b244e624b41,,,,0.394242325186161,train_learnable,,full_curve,12.0,,,,0.394242325186161
protocol3_lowo,mlp_source_only,0.7747446443098617,0.4493265998089893,0.7512179792697449,0.4493265998089893,0.4493265998089893,0.0,0.4493265998089893,0.4493265998089893,36.02,42,,15/9-23,1252965,11063,0,0,none,none,multi_logloss,180,r3_fullcurve_stats_20260930,global,False,full,32,e895dda14c7c869f28ef3f655cc354c02e3fb2d5,False,8602348e06353cc9206350443624798d5847f2b7c61da21aef3aff0e7652942c,012c042f9a43b59688e943e993478b7bd5bfafb240c22a6cd2dc67794745076a,91c87c5b4f834397daa00b01ae727b059675863211f044645de62d451cfb8c46,43041111a78dd4726423d9f43fb9a3cc00d7284ebd9c49071c459697b99c0e87,0fdd6fae08175da5c6c16d621fd8688db07a6a053167ade9f8be1b855e126209,644a4883ecf827b2fafe573ebcfa22e39f9f6800f51984cf68672e7634828e8c,,,,0.2995510665393262,train_learnable,,full_curve,12.0,,,,0.2995510665393262
protocol3_lowo,mlp_coral_uda,0.1473379734249299,0.0321093688440627,0.0378474346675022,0.0321093688440627,0.0321093688440627,0.0,0.0321093688440627,0.0321093688440627,49.77,42,,15/9-23,1252965,11063,0,0,transductive_score_support,none,multi_logloss,180,r3_fullcurve_stats_20260930,global,False,full,32,e895dda14c7c869f28ef3f655cc354c02e3fb2d5,False,8602348e06353cc9206350443624798d5847f2b7c61da21aef3aff0e7652942c,012c042f9a43b59688e943e993478b7bd5bfafb240c22a6cd2dc67794745076a,91c87c5b4f834397daa00b01ae727b059675863211f044645de62d451cfb8c46,43041111a78dd4726423d9f43fb9a3cc00d7284ebd9c49071c459697b99c0e87,0fdd6fae08175da5c6c16d621fd8688db07a6a053167ade9f8be1b855e126209,937c65efcb96aa4cb25c3a865aad86b00f0076ec042891cf650bfa5113df54bd,,,,0.0214062458960418,train_learnable,,full_curve,12.0,,,,0.0214062458960418
protocol3_lowo,lgbm_global,0.7382456838648689,0.4305554280024306,0.7044721278395036,0.4305554280024306,0.4305554280024306,0.0,0.4305554280024306,0.4305554280024306,111.19,42,,17/11-1,1208989,20099,0,0,none,none,multi_logloss,180,r3_fullcurve_stats_20260930,global,False,full,32,e895dda14c7c869f28ef3f655cc354c02e3fb2d5,False,8602348e06353cc9206350443624798d5847f2b7c61da21aef3aff0e7652942c,ecc88653f3bd928010230685c20aad983f3d5627540ca7bb9abfbc51f1789144,91c87c5b4f834397daa00b01ae727b059675863211f044645de62d451cfb8c46,43041111a78dd4726423d9f43fb9a3cc00d7284ebd9c49071c459697b99c0e87,0fdd6fae08175da5c6c16d621fd8688db07a6a053167ade9f8be1b855e126209,9d2c7ad879a80eef284e32d0dadee42e995aeacfcc54dedeef5e09c73767b0b5,,,,0.3229165710018229,train_learnable,,full_curve,12.0,,,,0.3229165710018229
protocol3_lowo,lgbm_global_eq120k,0.7229215383849943,0.42289388247049,0.6942330326674735,0.42289388247049,0.42289388247049,0.0,0.42289388247049,0.42289388247049,57.55,42,,17/11-1,1208989,20099,0,0,none,none,multi_logloss,180,r3_fullcurve_stats_20260930,global,False,full,32,e895dda14c7c869f28ef3f655cc354c02e3fb2d5,False,8602348e06353cc9206350443624798d5847f2b7c61da21aef3aff0e7652942c,ecc88653f3bd928010230685c20aad983f3d5627540ca7bb9abfbc51f1789144,91c87c5b4f834397daa00b01ae727b059675863211f044645de62d451cfb8c46,43041111a78dd4726423d9f43fb9a3cc00d7284ebd9c49071c459697b99c0e87,0fdd6fae08175da5c6c16d621fd8688db07a6a053167ade9f8be1b855e126209,baad36fa6622469175d61c36872b36913e66ce8f375c1a907ce0cd3f010dd42e,,,,0.3171704118528675,train_learnable,,full_curve,12.0,,,,0.3171704118528675
protocol3_lowo,rf_global,0.6848599432807603,0.4045491281364878,0.6717790168685284,0.4045491281364878,0.4045491281364878,0.0,0.4045491281364878,0.4045491281364878,35.59,42,,17/11-1,1208989,20099,0,0,none,none,multi_logloss,200,r3_fullcurve_stats_20260930,global,False,full,32,e895dda14c7c869f28ef3f655cc354c02e3fb2d5,False,8602348e06353cc9206350443624798d5847f2b7c61da21aef3aff0e7652942c,ecc88653f3bd928010230685c20aad983f3d5627540ca7bb9abfbc51f1789144,91c87c5b4f834397daa00b01ae727b059675863211f044645de62d451cfb8c46,43041111a78dd4726423d9f43fb9a3cc00d7284ebd9c49071c459697b99c0e87,0fdd6fae08175da5c6c16d621fd8688db07a6a053167ade9f8be1b855e126209,9749b7606f66549a6595b55fcd5d7c470887ad2f92c84bebdb02d33df3cfdd06,,,,0.3034118461023659,train_learnable,,full_curve,12.0,,,,0.3034118461023659
protocol3_lowo,rf_global_full,0.6783422060799045,0.3892722476111814,0.6645701288727417,0.3892722476111814,0.3892722476111814,0.0,0.3892722476111814,0.3892722476111814,149.12,42,,17/11-1,1208989,20099,0,0,none,none,multi_logloss,100,r3_fullcurve_stats_20260930,global,False,full,32,e895dda14c7c869f28ef3f655cc354c02e3fb2d5,False,8602348e06353cc9206350443624798d5847f2b7c61da21aef3aff0e7652942c,ecc88653f3bd928010230685c20aad983f3d5627540ca7bb9abfbc51f1789144,91c87c5b4f834397daa00b01ae727b059675863211f044645de62d451cfb8c46,43041111a78dd4726423d9f43fb9a3cc00d7284ebd9c49071c459697b99c0e87,0fdd6fae08175da5c6c16d621fd8688db07a6a053167ade9f8be1b855e126209,7d38084cacacbb3eda88c22f42771fc597b5e04390c0988bc83f953f256c651b,,,,0.291954185708386,train_learnable,,full_curve,12.0,,,,0.291954185708386
protocol3_lowo,xgb_global,0.6676451564754465,0.415039467545531,0.6722205349597327,0.415039467545531,0.415039467545531,0.0,0.415039467545531,0.415039467545531,200.93,42,,17/11-1,1208989,20099,0,0,none,none,multi_logloss,180,r3_fullcurve_stats_20260930,global,False,full,32,e895dda14c7c869f28ef3f655cc354c02e3fb2d5,False,8602348e06353cc9206350443624798d5847f2b7c61da21aef3aff0e7652942c,ecc88653f3bd928010230685c20aad983f3d5627540ca7bb9abfbc51f1789144,91c87c5b4f834397daa00b01ae727b059675863211f044645de62d451cfb8c46,43041111a78dd4726423d9f43fb9a3cc00d7284ebd9c49071c459697b99c0e87,0fdd6fae08175da5c6c16d621fd8688db07a6a053167ade9f8be1b855e126209,5cf34cb449a2c8ddc7e405773be1453be0850273da8fc9a22f1a97cd36f2fc80,,,,0.3112796006591483,train_learnable,,full_curve,12.0,,,,0.3112796006591483
protocol3_lowo,lgbm_wellnorm,0.632121001044828,0.3121779951990057,0.6029995787305824,0.3121779951990057,0.3121779951990057,0.0,0.3121779951990057,0.3121779951990057,137.24,42,,17/11-1,1208989,20099,0,0,none,none,multi_logloss,180,r3_fullcurve_stats_20260930,wellnorm,True,full,33,e895dda14c7c869f28ef3f655cc354c02e3fb2d5,False,8602348e06353cc9206350443624798d5847f2b7c61da21aef3aff0e7652942c,ecc88653f3bd928010230685c20aad983f3d5627540ca7bb9abfbc51f1789144,91c87c5b4f834397daa00b01ae727b059675863211f044645de62d451cfb8c46,43041111a78dd4726423d9f43fb9a3cc00d7284ebd9c49071c459697b99c0e87,0fdd6fae08175da5c6c16d621fd8688db07a6a053167ade9f8be1b855e126209,5bebe90abf4e23ffaf8aaf20db4953bcbf6850267df7c4799e66fe2b05f01ac3,,,,0.2341334963992543,train_learnable,,full_curve,12.0,,,,0.2341334963992543
protocol3_lowo,lgbm_wellnorm_norel,0.6150057216776954,0.2572774860186606,0.5791928467206905,0.2572774860186606,0.2572774860186606,0.0,0.2572774860186606,0.2572774860186606,146.72,42,,17/11-1,1208989,20099,0,0,none,none,multi_logloss,180,r3_fullcurve_stats_20260930,wellnorm,False,full,32,e895dda14c7c869f28ef3f655cc354c02e3fb2d5,False,8602348e06353cc9206350443624798d5847f2b7c61da21aef3aff0e7652942c,ecc88653f3bd928010230685c20aad983f3d5627540ca7bb9abfbc51f1789144,91c87c5b4f834397daa00b01ae727b059675863211f044645de62d451cfb8c46,43041111a78dd4726423d9f43fb9a3cc00d7284ebd9c49071c459697b99c0e87,0fdd6fae08175da5c6c16d621fd8688db07a6a053167ade9f8be1b855e126209,c0458e7deef251243de7d69f6f9bd7fefd7c9f93fe59f1f8611ce52e6212018c,,,,0.1929581145139954,train_learnable,,full_curve,12.0,,,,0.1929581145139954
protocol3_lowo,lgbm_hybrid,0.7168018309368626,0.4047834271831091,0.6887158436313269,0.4047834271831091,0.4047834271831091,0.0,0.4047834271831091,0.4047834271831091,179.81,42,,17/11-1,1208989,20099,0,0,none,none,multi_logloss,180,r3_fullcurve_stats_20260930,hybrid,True,full,49,e895dda14c7c869f28ef3f655cc354c02e3fb2d5,False,8602348e06353cc9206350443624798d5847f2b7c61da21aef3aff0e7652942c,ecc88653f3bd928010230685c20aad983f3d5627540ca7bb9abfbc51f1789144,91c87c5b4f834397daa00b01ae727b059675863211f044645de62d451cfb8c46,43041111a78dd4726423d9f43fb9a3cc00d7284ebd9c49071c459697b99c0e87,0fdd6fae08175da5c6c16d621fd8688db07a6a053167ade9f8be1b855e126209,a9584710f6740238911d842e0e49d5039400bf72c84a40e420357b244e624b41,,,,0.3035875703873318,train_learnable,,full_curve,12.0,,,,0.3035875703873318
protocol3_lowo,lgbm_hybrid_norel,0.6536146076919249,0.3380246248593062,0.6277454425527147,0.3380246248593062,0.3380246248593062,0.0,0.3380246248593062,0.3380246248593062,179.57,42,,17/11-1,1208989,20099,0,0,none,none,multi_logloss,180,r3_fullcurve_stats_20260930,hybrid,False,full,48,e895dda14c7c869f28ef3f655cc354c02e3fb2d5,False,8602348e06353cc9206350443624798d5847f2b7c61da21aef3aff0e7652942c,ecc88653f3bd928010230685c20aad983f3d5627540ca7bb9abfbc51f1789144,91c87c5b4f834397daa00b01ae727b059675863211f044645de62d451cfb8c46,43041111a78dd4726423d9f43fb9a3cc00d7284ebd9c49071c459697b99c0e87,0fdd6fae08175da5c6c16d621fd8688db07a6a053167ade9f8be1b855e126209,541d91be3eb41014f35c930411cfd23c85379321ea069333a4b0bf8e44def757,,,,0.2535184686444796,train_learnable,,full_curve,12.0,,,,0.2535184686444796
protocol3_lowo,lgbm_hybrid_while,0.6752077217772029,0.3930069232605528,0.6704503965527224,0.3930069232605528,0.3930069232605528,0.0,0.3930069232605528,0.3930069232605528,186.13,42,,17/11-1,1208989,20099,0,0,none,none,multi_logloss,180,r3_fullcurve_stats_20260930,hybrid,False,causal,48,e895dda14c7c869f28ef3f655cc354c02e3fb2d5,False,8602348e06353cc9206350443624798d5847f2b7c61da21aef3aff0e7652942c,ecc88653f3bd928010230685c20aad983f3d5627540ca7bb9abfbc51f1789144,91c87c5b4f834397daa00b01ae727b059675863211f044645de62d451cfb8c46,43041111a78dd4726423d9f43fb9a3cc00d7284ebd9c49071c459697b99c0e87,0fdd6fae08175da5c6c16d621fd8688db07a6a053167ade9f8be1b855e126209,80f751dcf6b86b3652b6c19bb1a93794dc1505ee4ff531e017226f9a7d9ef995,,,,0.2947551924454146,train_learnable,,full_curve,12.0,,,,0.2947551924454146
protocol3_lowo,lgbm_hybrid_smooth,0.7181949350713965,0.3962860723115087,0.6882991550353144,0.3962860723115087,0.3962860723115087,0.0,0.3962860723115087,0.3962860723115087,178.96,42,,17/11-1,1208989,20099,0,0,none,labeled_score_support,multi_logloss,180,r3_fullcurve_stats_20260930,hybrid,True,full,49,e895dda14c7c869f28ef3f655cc354c02e3fb2d5,False,8602348e06353cc9206350443624798d5847f2b7c61da21aef3aff0e7652942c,ecc88653f3bd928010230685c20aad983f3d5627540ca7bb9abfbc51f1789144,91c87c5b4f834397daa00b01ae727b059675863211f044645de62d451cfb8c46,43041111a78dd4726423d9f43fb9a3cc00d7284ebd9c49071c459697b99c0e87,0fdd6fae08175da5c6c16d621fd8688db07a6a053167ade9f8be1b855e126209,a9584710f6740238911d842e0e49d5039400bf72c84a40e420357b244e624b41,,,,0.2972145542336315,train_learnable,,full_curve,12.0,,,,0.2972145542336315
protocol3_lowo,lgbm_hybrid_sim,0.6853574804716652,0.3897525032095776,0.6699263085371865,0.3897525032095776,0.3897525032095776,0.0,0.3897525032095776,0.3897525032095776,211.41,42,,17/11-1,1208989,20099,0,0,batch_target,none,multi_logloss,180,r3_fullcurve_stats_20260930,hybrid,True,full,49,e895dda14c7c869f28ef3f655cc354c02e3fb2d5,False,8602348e06353cc9206350443624798d5847f2b7c61da21aef3aff0e7652942c,ecc88653f3bd928010230685c20aad983f3d5627540ca7bb9abfbc51f1789144,91c87c5b4f834397daa00b01ae727b059675863211f044645de62d451cfb8c46,43041111a78dd4726423d9f43fb9a3cc00d7284ebd9c49071c459697b99c0e87,0fdd6fae08175da5c6c16d621fd8688db07a6a053167ade9f8be1b855e126209,a9584710f6740238911d842e0e49d5039400bf72c84a40e420357b244e624b41,,,,0.2923143774071832,train_learnable,,full_curve,12.0,,,,0.2923143774071832
protocol3_lowo,lgbm_hybrid_sim_perwell,0.6853574804716652,0.3897525032095776,0.6699263085371865,0.3897525032095776,0.3897525032095776,0.0,0.3897525032095776,0.3897525032095776,205.93,42,,17/11-1,1208989,20099,0,0,per_well,none,multi_logloss,180,r3_fullcurve_stats_20260930,hybrid,True,full,49,e895dda14c7c869f28ef3f655cc354c02e3fb2d5,False,8602348e06353cc9206350443624798d5847f2b7c61da21aef3aff0e7652942c,ecc88653f3bd928010230685c20aad983f3d5627540ca7bb9abfbc51f1789144,91c87c5b4f834397daa00b01ae727b059675863211f044645de62d451cfb8c46,43041111a78dd4726423d9f43fb9a3cc00d7284ebd9c49071c459697b99c0e87,0fdd6fae08175da5c6c16d621fd8688db07a6a053167ade9f8be1b855e126209,f0035c0b7027447eb93af1f08fa93f86636eddefd4ef058ba1ba909e1d1db83c,,,,0.2923143774071832,train_learnable,,full_curve,12.0,,,,0.2923143774071832
protocol3_lowo,lgbm_hybrid_plus,0.7000348276033633,0.3879414941163316,0.6675973459254064,0.3879414941163316,0.3879414941163316,0.0,0.3879414941163316,0.3879414941163316,208.76,42,,17/11-1,1208989,20099,0,0,batch_target,labeled_score_support,multi_logloss,180,r3_fullcurve_stats_20260930,hybrid,True,full,49,e895dda14c7c869f28ef3f655cc354c02e3fb2d5,False,8602348e06353cc9206350443624798d5847f2b7c61da21aef3aff0e7652942c,ecc88653f3bd928010230685c20aad983f3d5627540ca7bb9abfbc51f1789144,91c87c5b4f834397daa00b01ae727b059675863211f044645de62d451cfb8c46,43041111a78dd4726423d9f43fb9a3cc00d7284ebd9c49071c459697b99c0e87,0fdd6fae08175da5c6c16d621fd8688db07a6a053167ade9f8be1b855e126209,a9584710f6740238911d842e0e49d5039400bf72c84a40e420357b244e624b41,,,,0.2909561205872487,train_learnable,,full_curve,12.0,,,,0.2909561205872487
protocol3_lowo,mlp_source_only,0.704064878849694,0.3521391236785922,0.6804198076277568,0.3521391236785922,0.3521391236785922,0.0,0.3521391236785922,0.3521391236785922,28.42,42,,17/11-1,1208989,20099,0,0,none,none,multi_logloss,180,r3_fullcurve_stats_20260930,global,False,full,32,e895dda14c7c869f28ef3f655cc354c02e3fb2d5,False,8602348e06353cc9206350443624798d5847f2b7c61da21aef3aff0e7652942c,ecc88653f3bd928010230685c20aad983f3d5627540ca7bb9abfbc51f1789144,91c87c5b4f834397daa00b01ae727b059675863211f044645de62d451cfb8c46,43041111a78dd4726423d9f43fb9a3cc00d7284ebd9c49071c459697b99c0e87,0fdd6fae08175da5c6c16d621fd8688db07a6a053167ade9f8be1b855e126209,644a4883ecf827b2fafe573ebcfa22e39f9f6800f51984cf68672e7634828e8c,,,,0.2641043427589442,train_learnable,,full_curve,12.0,,,,0.2641043427589442
protocol3_lowo,mlp_coral_uda,0.0918951191601572,0.0279692713793123,0.0177085415902804,0.0279692713793123,0.0279692713793123,0.0,0.0279692713793123,0.0279692713793123,34.51,42,,17/11-1,1208989,20099,0,0,transductive_score_support,none,multi_logloss,180,r3_fullcurve_stats_20260930,global,False,full,32,e895dda14c7c869f28ef3f655cc354c02e3fb2d5,False,8602348e06353cc9206350443624798d5847f2b7c61da21aef3aff0e7652942c,ecc88653f3bd928010230685c20aad983f3d5627540ca7bb9abfbc51f1789144,91c87c5b4f834397daa00b01ae727b059675863211f044645de62d451cfb8c46,43041111a78dd4726423d9f43fb9a3cc00d7284ebd9c49071c459697b99c0e87,0fdd6fae08175da5c6c16d621fd8688db07a6a053167ade9f8be1b855e126209,937c65efcb96aa4cb25c3a865aad86b00f0076ec042891cf650bfa5113df54bd,,,,0.0209769535344842,train_learnable,,full_curve,12.0,,,,0.0209769535344842
protocol3_lowo,lgbm_global,0.2989716268120431,0.3601298199751742,0.2936391196418467,0.3601298199751742,0.3601298199751742,0.0,0.3601298199751742,0.3601298199751742,129.08,42,,29/3-1,1211315,24213,0,0,none,none,multi_logloss,180,r3_fullcurve_stats_20260930,global,False,full,32,e895dda14c7c869f28ef3f655cc354c02e3fb2d5,False,8602348e06353cc9206350443624798d5847f2b7c61da21aef3aff0e7652942c,1e9911494bfdd05c7d6c63b87e070fbd135a6c6c21031eb7a67b66beaba57290,91c87c5b4f834397daa00b01ae727b059675863211f044645de62d451cfb8c46,43041111a78dd4726423d9f43fb9a3cc00d7284ebd9c49071c459697b99c0e87,0fdd6fae08175da5c6c16d621fd8688db07a6a053167ade9f8be1b855e126209,9d2c7ad879a80eef284e32d0dadee42e995aeacfcc54dedeef5e09c73767b0b5,,,,0.2100757283188516,train_learnable,,full_curve,12.0,,,,0.2100757283188516
protocol3_lowo,lgbm_global_eq120k,0.3155742782802627,0.3532848239139448,0.2816583221819974,0.3532848239139448,0.3532848239139448,0.0,0.3532848239139448,0.3532848239139448,58.2,42,,29/3-1,1211315,24213,0,0,none,none,multi_logloss,180,r3_fullcurve_stats_20260930,global,False,full,32,e895dda14c7c869f28ef3f655cc354c02e3fb2d5,False,8602348e06353cc9206350443624798d5847f2b7c61da21aef3aff0e7652942c,1e9911494bfdd05c7d6c63b87e070fbd135a6c6c21031eb7a67b66beaba57290,91c87c5b4f834397daa00b01ae727b059675863211f044645de62d451cfb8c46,43041111a78dd4726423d9f43fb9a3cc00d7284ebd9c49071c459697b99c0e87,0fdd6fae08175da5c6c16d621fd8688db07a6a053167ade9f8be1b855e126209,baad36fa6622469175d61c36872b36913e66ce8f375c1a907ce0cd3f010dd42e,,,,0.2060828139498011,train_learnable,,full_curve,12.0,,,,0.2060828139498011
protocol3_lowo,rf_global,0.3746334613637302,0.4151925133386848,0.4206841697805494,0.4151925133386848,0.4151925133386848,0.0,0.4151925133386848,0.4151925133386848,32.61,42,,29/3-1,1211315,24213,0,0,none,none,multi_logloss,200,r3_fullcurve_stats_20260930,global,False,full,32,e895dda14c7c869f28ef3f655cc354c02e3fb2d5,False,8602348e06353cc9206350443624798d5847f2b7c61da21aef3aff0e7652942c,1e9911494bfdd05c7d6c63b87e070fbd135a6c6c21031eb7a67b66beaba57290,91c87c5b4f834397daa00b01ae727b059675863211f044645de62d451cfb8c46,43041111a78dd4726423d9f43fb9a3cc00d7284ebd9c49071c459697b99c0e87,0fdd6fae08175da5c6c16d621fd8688db07a6a053167ade9f8be1b855e126209,9749b7606f66549a6595b55fcd5d7c470887ad2f92c84bebdb02d33df3cfdd06,,,,0.2421956327808994,train_learnable,,full_curve,12.0,,,,0.2421956327808994
protocol3_lowo,rf_global_full,0.3313922273159047,0.3621107939744614,0.3624427266433167,0.3621107939744614,0.3621107939744614,0.0,0.3621107939744614,0.3621107939744614,153.36,42,,29/3-1,1211315,24213,0,0,none,none,multi_logloss,100,r3_fullcurve_stats_20260930,global,False,full,32,e895dda14c7c869f28ef3f655cc354c02e3fb2d5,False,8602348e06353cc9206350443624798d5847f2b7c61da21aef3aff0e7652942c,1e9911494bfdd05c7d6c63b87e070fbd135a6c6c21031eb7a67b66beaba57290,91c87c5b4f834397daa00b01ae727b059675863211f044645de62d451cfb8c46,43041111a78dd4726423d9f43fb9a3cc00d7284ebd9c49071c459697b99c0e87,0fdd6fae08175da5c6c16d621fd8688db07a6a053167ade9f8be1b855e126209,7d38084cacacbb3eda88c22f42771fc597b5e04390c0988bc83f953f256c651b,,,,0.2112312964851025,train_learnable,,full_curve,12.0,,,,0.2112312964851025
protocol3_lowo,xgb_global,0.2822863750877628,0.3717620083662106,0.2426007634239296,0.3717620083662106,0.3717620083662106,0.0,0.3717620083662106,0.3717620083662106,197.11,42,,29/3-1,1211315,24213,0,0,none,none,multi_logloss,180,r3_fullcurve_stats_20260930,global,False,full,32,e895dda14c7c869f28ef3f655cc354c02e3fb2d5,False,8602348e06353cc9206350443624798d5847f2b7c61da21aef3aff0e7652942c,1e9911494bfdd05c7d6c63b87e070fbd135a6c6c21031eb7a67b66beaba57290,91c87c5b4f834397daa00b01ae727b059675863211f044645de62d451cfb8c46,43041111a78dd4726423d9f43fb9a3cc00d7284ebd9c49071c459697b99c0e87,0fdd6fae08175da5c6c16d621fd8688db07a6a053167ade9f8be1b855e126209,5cf34cb449a2c8ddc7e405773be1453be0850273da8fc9a22f1a97cd36f2fc80,,,,0.2168611715469561,train_learnable,,full_curve,12.0,,,,0.2168611715469561
protocol3_lowo,lgbm_wellnorm,0.6555156320984595,0.4510704438496654,0.6922614448618425,0.4510704438496654,0.4510704438496654,0.0,0.4510704438496654,0.4510704438496654,142.7,42,,29/3-1,1211315,24213,0,0,none,none,multi_logloss,180,r3_fullcurve_stats_20260930,wellnorm,True,full,33,e895dda14c7c869f28ef3f655cc354c02e3fb2d5,False,8602348e06353cc9206350443624798d5847f2b7c61da21aef3aff0e7652942c,1e9911494bfdd05c7d6c63b87e070fbd135a6c6c21031eb7a67b66beaba57290,91c87c5b4f834397daa00b01ae727b059675863211f044645de62d451cfb8c46,43041111a78dd4726423d9f43fb9a3cc00d7284ebd9c49071c459697b99c0e87,0fdd6fae08175da5c6c16d621fd8688db07a6a053167ade9f8be1b855e126209,5bebe90abf4e23ffaf8aaf20db4953bcbf6850267df7c4799e66fe2b05f01ac3,,,,0.2631244255789715,train_learnable,,full_curve,12.0,,,,0.2631244255789715
protocol3_lowo,lgbm_wellnorm_norel,0.606244579358196,0.4290851370732323,0.6651906465886789,0.4290851370732323,0.4290851370732323,0.0,0.4290851370732323,0.4290851370732323,138.47,42,,29/3-1,1211315,24213,0,0,none,none,multi_logloss,180,r3_fullcurve_stats_20260930,wellnorm,False,full,32,e895dda14c7c869f28ef3f655cc354c02e3fb2d5,False,8602348e06353cc9206350443624798d5847f2b7c61da21aef3aff0e7652942c,1e9911494bfdd05c7d6c63b87e070fbd135a6c6c21031eb7a67b66beaba57290,91c87c5b4f834397daa00b01ae727b059675863211f044645de62d451cfb8c46,43041111a78dd4726423d9f43fb9a3cc00d7284ebd9c49071c459697b99c0e87,0fdd6fae08175da5c6c16d621fd8688db07a6a053167ade9f8be1b855e126209,c0458e7deef251243de7d69f6f9bd7fefd7c9f93fe59f1f8611ce52e6212018c,,,,0.2502996632927188,train_learnable,,full_curve,12.0,,,,0.2502996632927188
protocol3_lowo,lgbm_hybrid,0.6087225870400198,0.4202490451270609,0.6488732742131318,0.4202490451270609,0.4202490451270609,0.0,0.4202490451270609,0.4202490451270609,185.66,42,,29/3-1,1211315,24213,0,0,none,none,multi_logloss,180,r3_fullcurve_stats_20260930,hybrid,True,full,49,e895dda14c7c869f28ef3f655cc354c02e3fb2d5,False,8602348e06353cc9206350443624798d5847f2b7c61da21aef3aff0e7652942c,1e9911494bfdd05c7d6c63b87e070fbd135a6c6c21031eb7a67b66beaba57290,91c87c5b4f834397daa00b01ae727b059675863211f044645de62d451cfb8c46,43041111a78dd4726423d9f43fb9a3cc00d7284ebd9c49071c459697b99c0e87,0fdd6fae08175da5c6c16d621fd8688db07a6a053167ade9f8be1b855e126209,a9584710f6740238911d842e0e49d5039400bf72c84a40e420357b244e624b41,,,,0.2451452763241188,train_learnable,,full_curve,12.0,,,,0.2451452763241188
protocol3_lowo,lgbm_hybrid_norel,0.4885805145995953,0.4634999486965144,0.5316042601456923,0.4634999486965144,0.4634999486965144,0.0,0.4634999486965144,0.4634999486965144,184.49,42,,29/3-1,1211315,24213,0,0,none,none,multi_logloss,180,r3_fullcurve_stats_20260930,hybrid,False,full,48,e895dda14c7c869f28ef3f655cc354c02e3fb2d5,False,8602348e06353cc9206350443624798d5847f2b7c61da21aef3aff0e7652942c,1e9911494bfdd05c7d6c63b87e070fbd135a6c6c21031eb7a67b66beaba57290,91c87c5b4f834397daa00b01ae727b059675863211f044645de62d451cfb8c46,43041111a78dd4726423d9f43fb9a3cc00d7284ebd9c49071c459697b99c0e87,0fdd6fae08175da5c6c16d621fd8688db07a6a053167ade9f8be1b855e126209,541d91be3eb41014f35c930411cfd23c85379321ea069333a4b0bf8e44def757,,,,0.2703749700729667,train_learnable,,full_curve,12.0,,,,0.2703749700729667
protocol3_lowo,lgbm_hybrid_while,0.4573576178086152,0.399074293001777,0.4978706824795744,0.399074293001777,0.399074293001777,0.0,0.399074293001777,0.399074293001777,202.2,42,,29/3-1,1211315,24213,0,0,none,none,multi_logloss,180,r3_fullcurve_stats_20260930,hybrid,False,causal,48,e895dda14c7c869f28ef3f655cc354c02e3fb2d5,False,8602348e06353cc9206350443624798d5847f2b7c61da21aef3aff0e7652942c,1e9911494bfdd05c7d6c63b87e070fbd135a6c6c21031eb7a67b66beaba57290,91c87c5b4f834397daa00b01ae727b059675863211f044645de62d451cfb8c46,43041111a78dd4726423d9f43fb9a3cc00d7284ebd9c49071c459697b99c0e87,0fdd6fae08175da5c6c16d621fd8688db07a6a053167ade9f8be1b855e126209,80f751dcf6b86b3652b6c19bb1a93794dc1505ee4ff531e017226f9a7d9ef995,,,,0.2327933375843699,train_learnable,,full_curve,12.0,,,,0.2327933375843699
protocol3_lowo,lgbm_hybrid_smooth,0.616652211621856,0.4242546680792444,0.6557976304785796,0.4242546680792444,0.4242546680792444,0.0,0.4242546680792444,0.4242546680792444,186.8,42,,29/3-1,1211315,24213,0,0,none,labeled_score_support,multi_logloss,180,r3_fullcurve_stats_20260930,hybrid,True,full,49,e895dda14c7c869f28ef3f655cc354c02e3fb2d5,False,8602348e06353cc9206350443624798d5847f2b7c61da21aef3aff0e7652942c,1e9911494bfdd05c7d6c63b87e070fbd135a6c6c21031eb7a67b66beaba57290,91c87c5b4f834397daa00b01ae727b059675863211f044645de62d451cfb8c46,43041111a78dd4726423d9f43fb9a3cc00d7284ebd9c49071c459697b99c0e87,0fdd6fae08175da5c6c16d621fd8688db07a6a053167ade9f8be1b855e126209,a9584710f6740238911d842e0e49d5039400bf72c84a40e420357b244e624b41,,,,0.2474818897128926,train_learnable,,full_curve,12.0,,,,0.2474818897128926
protocol3_lowo,lgbm_hybrid_sim,0.5909222318589188,0.4269373519850652,0.6319524371354068,0.4269373519850652,0.4269373519850652,0.0,0.4269373519850652,0.4269373519850652,210.34,42,,29/3-1,1211315,24213,0,0,batch_target,none,multi_logloss,180,r3_fullcurve_stats_20260930,hybrid,True,full,49,e895dda14c7c869f28ef3f655cc354c02e3fb2d5,False,8602348e06353cc9206350443624798d5847f2b7c61da21aef3aff0e7652942c,1e9911494bfdd05c7d6c63b87e070fbd135a6c6c21031eb7a67b66beaba57290,91c87c5b4f834397daa00b01ae727b059675863211f044645de62d451cfb8c46,43041111a78dd4726423d9f43fb9a3cc00d7284ebd9c49071c459697b99c0e87,0fdd6fae08175da5c6c16d621fd8688db07a6a053167ade9f8be1b855e126209,a9584710f6740238911d842e0e49d5039400bf72c84a40e420357b244e624b41,,,,0.2490467886579547,train_learnable,,full_curve,12.0,,,,0.2490467886579547
protocol3_lowo,lgbm_hybrid_sim_perwell,0.5909222318589188,0.4269373519850652,0.6319524371354068,0.4269373519850652,0.4269373519850652,0.0,0.4269373519850652,0.4269373519850652,212.18,42,,29/3-1,1211315,24213,0,0,per_well,none,multi_logloss,180,r3_fullcurve_stats_20260930,hybrid,True,full,49,e895dda14c7c869f28ef3f655cc354c02e3fb2d5,False,8602348e06353cc9206350443624798d5847f2b7c61da21aef3aff0e7652942c,1e9911494bfdd05c7d6c63b87e070fbd135a6c6c21031eb7a67b66beaba57290,91c87c5b4f834397daa00b01ae727b059675863211f044645de62d451cfb8c46,43041111a78dd4726423d9f43fb9a3cc00d7284ebd9c49071c459697b99c0e87,0fdd6fae08175da5c6c16d621fd8688db07a6a053167ade9f8be1b855e126209,f0035c0b7027447eb93af1f08fa93f86636eddefd4ef058ba1ba909e1d1db83c,,,,0.2490467886579547,train_learnable,,full_curve,12.0,,,,0.2490467886579547
protocol3_lowo,lgbm_hybrid_plus,0.5914591335233139,0.427195506597693,0.6346555838575847,0.427195506597693,0.427195506597693,0.0,0.427195506597693,0.427195506597693,212.61,42,,29/3-1,1211315,24213,0,0,batch_target,labeled_score_support,multi_logloss,180,r3_fullcurve_stats_20260930,hybrid,True,full,49,e895dda14c7c869f28ef3f655cc354c02e3fb2d5,False,8602348e06353cc9206350443624798d5847f2b7c61da21aef3aff0e7652942c,1e9911494bfdd05c7d6c63b87e070fbd135a6c6c21031eb7a67b66beaba57290,91c87c5b4f834397daa00b01ae727b059675863211f044645de62d451cfb8c46,43041111a78dd4726423d9f43fb9a3cc00d7284ebd9c49071c459697b99c0e87,0fdd6fae08175da5c6c16d621fd8688db07a6a053167ade9f8be1b855e126209,a9584710f6740238911d842e0e49d5039400bf72c84a40e420357b244e624b41,,,,0.2491973788486543,train_learnable,,full_curve,12.0,,,,0.2491973788486543
protocol3_lowo,mlp_source_only,0.4385660595547846,0.3629798293845772,0.458396001398348,0.3629798293845772,0.3629798293845772,0.0,0.3629798293845772,0.3629798293845772,35.16,42,,29/3-1,1211315,24213,0,0,none,none,multi_logloss,180,r3_fullcurve_stats_20260930,global,False,full,32,e895dda14c7c869f28ef3f655cc354c02e3fb2d5,False,8602348e06353cc9206350443624798d5847f2b7c61da21aef3aff0e7652942c,1e9911494bfdd05c7d6c63b87e070fbd135a6c6c21031eb7a67b66beaba57290,91c87c5b4f834397daa00b01ae727b059675863211f044645de62d451cfb8c46,43041111a78dd4726423d9f43fb9a3cc00d7284ebd9c49071c459697b99c0e87,0fdd6fae08175da5c6c16d621fd8688db07a6a053167ade9f8be1b855e126209,644a4883ecf827b2fafe573ebcfa22e39f9f6800f51984cf68672e7634828e8c,,,,0.2117382338076699,train_learnable,,full_curve,12.0,,,,0.2117382338076699
protocol3_lowo,mlp_coral_uda,0.0912732829471771,0.0238969296230016,0.015268058533343,0.0238969296230016,0.0238969296230016,0.0,0.0238969296230016,0.0238969296230016,45.18,42,,29/3-1,1211315,24213,0,0,transductive_score_support,none,multi_logloss,180,r3_fullcurve_stats_20260930,global,False,full,32,e895dda14c7c869f28ef3f655cc354c02e3fb2d5,False,8602348e06353cc9206350443624798d5847f2b7c61da21aef3aff0e7652942c,1e9911494bfdd05c7d6c63b87e070fbd135a6c6c21031eb7a67b66beaba57290,91c87c5b4f834397daa00b01ae727b059675863211f044645de62d451cfb8c46,43041111a78dd4726423d9f43fb9a3cc00d7284ebd9c49071c459697b99c0e87,0fdd6fae08175da5c6c16d621fd8688db07a6a053167ade9f8be1b855e126209,937c65efcb96aa4cb25c3a865aad86b00f0076ec042891cf650bfa5113df54bd,,,,0.0139398756134176,train_learnable,,full_curve,12.0,,,,0.0139398756134176
protocol3_lowo,lgbm_global,0.3993517768260215,0.2776628301530235,0.4378682969098467,0.2776628301530235,0.2776628301530235,0.0,0.2776628301530235,0.2776628301530235,130.99,42,,33/9-1,1219279,17278,0,0,none,none,multi_logloss,180,r3_fullcurve_stats_20260930,global,False,full,32,e895dda14c7c869f28ef3f655cc354c02e3fb2d5,False,8602348e06353cc9206350443624798d5847f2b7c61da21aef3aff0e7652942c,c82d99acf3b4d81278ee2befb8242a6994b9c3055f62b262a0f02037af3b384d,91c87c5b4f834397daa00b01ae727b059675863211f044645de62d451cfb8c46,43041111a78dd4726423d9f43fb9a3cc00d7284ebd9c49071c459697b99c0e87,0fdd6fae08175da5c6c16d621fd8688db07a6a053167ade9f8be1b855e126209,9d2c7ad879a80eef284e32d0dadee42e995aeacfcc54dedeef5e09c73767b0b5,,,,0.185108553435349,train_learnable,,full_curve,12.0,,,,0.185108553435349
protocol3_lowo,lgbm_global_eq120k,0.4186827179071651,0.3218579458102069,0.450789370466952,0.3218579458102069,0.3218579458102069,0.0,0.3218579458102069,0.3218579458102069,63.88,42,,33/9-1,1219279,17278,0,0,none,none,multi_logloss,180,r3_fullcurve_stats_20260930,global,False,full,32,e895dda14c7c869f28ef3f655cc354c02e3fb2d5,False,8602348e06353cc9206350443624798d5847f2b7c61da21aef3aff0e7652942c,c82d99acf3b4d81278ee2befb8242a6994b9c3055f62b262a0f02037af3b384d,91c87c5b4f834397daa00b01ae727b059675863211f044645de62d451cfb8c46,43041111a78dd4726423d9f43fb9a3cc00d7284ebd9c49071c459697b99c0e87,0fdd6fae08175da5c6c16d621fd8688db07a6a053167ade9f8be1b855e126209,baad36fa6622469175d61c36872b36913e66ce8f375c1a907ce0cd3f010dd42e,,,,0.2145719638734712,train_learnable,,full_curve,12.0,,,,0.2145719638734712
protocol3_lowo,rf_global,0.4002199328625998,0.2817619993544186,0.44814126311478,0.2817619993544186,0.2817619993544186,0.0,0.2817619993544186,0.2817619993544186,32.47,42,,33/9-1,1219279,17278,0,0,none,none,multi_logloss,200,r3_fullcurve_stats_20260930,global,False,full,32,e895dda14c7c869f28ef3f655cc354c02e3fb2d5,False,8602348e06353cc9206350443624798d5847f2b7c61da21aef3aff0e7652942c,c82d99acf3b4d81278ee2befb8242a6994b9c3055f62b262a0f02037af3b384d,91c87c5b4f834397daa00b01ae727b059675863211f044645de62d451cfb8c46,43041111a78dd4726423d9f43fb9a3cc00d7284ebd9c49071c459697b99c0e87,0fdd6fae08175da5c6c16d621fd8688db07a6a053167ade9f8be1b855e126209,9749b7606f66549a6595b55fcd5d7c470887ad2f92c84bebdb02d33df3cfdd06,,,,0.1878413329029457,train_learnable,,full_curve,12.0,,,,0.1878413329029457
protocol3_lowo,rf_global_full,0.374291005903461,0.23896061760376,0.4260801329106582,0.23896061760376,0.23896061760376,0.0,0.23896061760376,0.23896061760376,147.54,42,,33/9-1,1219279,17278,0,0,none,none,multi_logloss,100,r3_fullcurve_stats_20260930,global,False,full,32,e895dda14c7c869f28ef3f655cc354c02e3fb2d5,False,8602348e06353cc9206350443624798d5847f2b7c61da21aef3aff0e7652942c,c82d99acf3b4d81278ee2befb8242a6994b9c3055f62b262a0f02037af3b384d,91c87c5b4f834397daa00b01ae727b059675863211f044645de62d451cfb8c46,43041111a78dd4726423d9f43fb9a3cc00d7284ebd9c49071c459697b99c0e87,0fdd6fae08175da5c6c16d621fd8688db07a6a053167ade9f8be1b855e126209,7d38084cacacbb3eda88c22f42771fc597b5e04390c0988bc83f953f256c651b,,,,0.1593070784025066,train_learnable,,full_curve,12.0,,,,0.1593070784025066
protocol3_lowo,xgb_global,0.3920013890496585,0.2607158244702616,0.4413817275632936,0.2607158244702616,0.2607158244702616,0.0,0.2607158244702616,0.2607158244702616,198.04,42,,33/9-1,1219279,17278,0,0,none,none,multi_logloss,180,r3_fullcurve_stats_20260930,global,False,full,32,e895dda14c7c869f28ef3f655cc354c02e3fb2d5,False,8602348e06353cc9206350443624798d5847f2b7c61da21aef3aff0e7652942c,c82d99acf3b4d81278ee2befb8242a6994b9c3055f62b262a0f02037af3b384d,91c87c5b4f834397daa00b01ae727b059675863211f044645de62d451cfb8c46,43041111a78dd4726423d9f43fb9a3cc00d7284ebd9c49071c459697b99c0e87,0fdd6fae08175da5c6c16d621fd8688db07a6a053167ade9f8be1b855e126209,5cf34cb449a2c8ddc7e405773be1453be0850273da8fc9a22f1a97cd36f2fc80,,,,0.173810549646841,train_learnable,,full_curve,12.0,,,,0.173810549646841
protocol3_lowo,lgbm_wellnorm,0.5816645445074662,0.3729271096701865,0.6105950605836438,0.3729271096701865,0.3729271096701865,0.0,0.3729271096701865,0.3729271096701865,140.31,42,,33/9-1,1219279,17278,0,0,none,none,multi_logloss,180,r3_fullcurve_stats_20260930,wellnorm,True,full,33,e895dda14c7c869f28ef3f655cc354c02e3fb2d5,False,8602348e06353cc9206350443624798d5847f2b7c61da21aef3aff0e7652942c,c82d99acf3b4d81278ee2befb8242a6994b9c3055f62b262a0f02037af3b384d,91c87c5b4f834397daa00b01ae727b059675863211f044645de62d451cfb8c46,43041111a78dd4726423d9f43fb9a3cc00d7284ebd9c49071c459697b99c0e87,0fdd6fae08175da5c6c16d621fd8688db07a6a053167ade9f8be1b855e126209,5bebe90abf4e23ffaf8aaf20db4953bcbf6850267df7c4799e66fe2b05f01ac3,,,,0.2486180731134576,train_learnable,,full_curve,12.0,,,,0.2486180731134576
protocol3_lowo,lgbm_wellnorm_norel,0.4929968746382683,0.3146700206435576,0.5231768213181137,0.3146700206435576,0.3146700206435576,0.0,0.3146700206435576,0.3146700206435576,140.37,42,,33/9-1,1219279,17278,0,0,none,none,multi_logloss,180,r3_fullcurve_stats_20260930,wellnorm,False,full,32,e895dda14c7c869f28ef3f655cc354c02e3fb2d5,False,8602348e06353cc9206350443624798d5847f2b7c61da21aef3aff0e7652942c,c82d99acf3b4d81278ee2befb8242a6994b9c3055f62b262a0f02037af3b384d,91c87c5b4f834397daa00b01ae727b059675863211f044645de62d451cfb8c46,43041111a78dd4726423d9f43fb9a3cc00d7284ebd9c49071c459697b99c0e87,0fdd6fae08175da5c6c16d621fd8688db07a6a053167ade9f8be1b855e126209,c0458e7deef251243de7d69f6f9bd7fefd7c9f93fe59f1f8611ce52e6212018c,,,,0.2097800137623717,train_learnable,,full_curve,12.0,,,,0.2097800137623717
protocol3_lowo,lgbm_hybrid,0.5258131728209283,0.3564353775008756,0.5589101262846097,0.3564353775008756,0.3564353775008756,0.0,0.3564353775008756,0.3564353775008756,182.97,42,,33/9-1,1219279,17278,0,0,none,none,multi_logloss,180,r3_fullcurve_stats_20260930,hybrid,True,full,49,e895dda14c7c869f28ef3f655cc354c02e3fb2d5,False,8602348e06353cc9206350443624798d5847f2b7c61da21aef3aff0e7652942c,c82d99acf3b4d81278ee2befb8242a6994b9c3055f62b262a0f02037af3b384d,91c87c5b4f834397daa00b01ae727b059675863211f044645de62d451cfb8c46,43041111a78dd4726423d9f43fb9a3cc00d7284ebd9c49071c459697b99c0e87,0fdd6fae08175da5c6c16d621fd8688db07a6a053167ade9f8be1b855e126209,a9584710f6740238911d842e0e49d5039400bf72c84a40e420357b244e624b41,,,,0.2376235850005837,train_learnable,,full_curve,12.0,,,,0.2376235850005837
protocol3_lowo,lgbm_hybrid_norel,0.4591966662808195,0.3173981132394003,0.4837324787240394,0.3173981132394003,0.3173981132394003,0.0,0.3173981132394003,0.3173981132394003,180.07,42,,33/9-1,1219279,17278,0,0,none,none,multi_logloss,180,r3_fullcurve_stats_20260930,hybrid,False,full,48,e895dda14c7c869f28ef3f655cc354c02e3fb2d5,False,8602348e06353cc9206350443624798d5847f2b7c61da21aef3aff0e7652942c,c82d99acf3b4d81278ee2befb8242a6994b9c3055f62b262a0f02037af3b384d,91c87c5b4f834397daa00b01ae727b059675863211f044645de62d451cfb8c46,43041111a78dd4726423d9f43fb9a3cc00d7284ebd9c49071c459697b99c0e87,0fdd6fae08175da5c6c16d621fd8688db07a6a053167ade9f8be1b855e126209,541d91be3eb41014f35c930411cfd23c85379321ea069333a4b0bf8e44def757,,,,0.2115987421596002,train_learnable,,full_curve,12.0,,,,0.2115987421596002
protocol3_lowo,lgbm_hybrid_while,0.4800324111586989,0.3440034078337633,0.5315573554349992,0.3440034078337633,0.3440034078337633,0.0,0.3440034078337633,0.3440034078337633,190.66,42,,33/9-1,1219279,17278,0,0,none,none,multi_logloss,180,r3_fullcurve_stats_20260930,hybrid,False,causal,48,e895dda14c7c869f28ef3f655cc354c02e3fb2d5,False,8602348e06353cc9206350443624798d5847f2b7c61da21aef3aff0e7652942c,c82d99acf3b4d81278ee2befb8242a6994b9c3055f62b262a0f02037af3b384d,91c87c5b4f834397daa00b01ae727b059675863211f044645de62d451cfb8c46,43041111a78dd4726423d9f43fb9a3cc00d7284ebd9c49071c459697b99c0e87,0fdd6fae08175da5c6c16d621fd8688db07a6a053167ade9f8be1b855e126209,80f751dcf6b86b3652b6c19bb1a93794dc1505ee4ff531e017226f9a7d9ef995,,,,0.2293356052225089,train_learnable,,full_curve,12.0,,,,0.2293356052225089
protocol3_lowo,lgbm_hybrid_smooth,0.5289964116217155,0.3594616982195155,0.5599192806840539,0.3594616982195155,0.3594616982195155,0.0,0.3594616982195155,0.3594616982195155,182.96,42,,33/9-1,1219279,17278,0,0,none,labeled_score_support,multi_logloss,180,r3_fullcurve_stats_20260930,hybrid,True,full,49,e895dda14c7c869f28ef3f655cc354c02e3fb2d5,False,8602348e06353cc9206350443624798d5847f2b7c61da21aef3aff0e7652942c,c82d99acf3b4d81278ee2befb8242a6994b9c3055f62b262a0f02037af3b384d,91c87c5b4f834397daa00b01ae727b059675863211f044645de62d451cfb8c46,43041111a78dd4726423d9f43fb9a3cc00d7284ebd9c49071c459697b99c0e87,0fdd6fae08175da5c6c16d621fd8688db07a6a053167ade9f8be1b855e126209,a9584710f6740238911d842e0e49d5039400bf72c84a40e420357b244e624b41,,,,0.2396411321463437,train_learnable,,full_curve,12.0,,,,0.2396411321463437
protocol3_lowo,lgbm_hybrid_sim,0.5022572056951036,0.3369866500571739,0.5265485745335884,0.3369866500571739,0.3369866500571739,0.0,0.3369866500571739,0.3369866500571739,214.12,42,,33/9-1,1219279,17278,0,0,batch_target,none,multi_logloss,180,r3_fullcurve_stats_20260930,hybrid,True,full,49,e895dda14c7c869f28ef3f655cc354c02e3fb2d5,False,8602348e06353cc9206350443624798d5847f2b7c61da21aef3aff0e7652942c,c82d99acf3b4d81278ee2befb8242a6994b9c3055f62b262a0f02037af3b384d,91c87c5b4f834397daa00b01ae727b059675863211f044645de62d451cfb8c46,43041111a78dd4726423d9f43fb9a3cc00d7284ebd9c49071c459697b99c0e87,0fdd6fae08175da5c6c16d621fd8688db07a6a053167ade9f8be1b855e126209,a9584710f6740238911d842e0e49d5039400bf72c84a40e420357b244e624b41,,,,0.2246577667047825,train_learnable,,full_curve,12.0,,,,0.2246577667047825
protocol3_lowo,lgbm_hybrid_sim_perwell,0.5022572056951036,0.3369866500571739,0.5265485745335884,0.3369866500571739,0.3369866500571739,0.0,0.3369866500571739,0.3369866500571739,216.7,42,,33/9-1,1219279,17278,0,0,per_well,none,multi_logloss,180,r3_fullcurve_stats_20260930,hybrid,True,full,49,e895dda14c7c869f28ef3f655cc354c02e3fb2d5,False,8602348e06353cc9206350443624798d5847f2b7c61da21aef3aff0e7652942c,c82d99acf3b4d81278ee2befb8242a6994b9c3055f62b262a0f02037af3b384d,91c87c5b4f834397daa00b01ae727b059675863211f044645de62d451cfb8c46,43041111a78dd4726423d9f43fb9a3cc00d7284ebd9c49071c459697b99c0e87,0fdd6fae08175da5c6c16d621fd8688db07a6a053167ade9f8be1b855e126209,f0035c0b7027447eb93af1f08fa93f86636eddefd4ef058ba1ba909e1d1db83c,,,,0.2246577667047825,train_learnable,,full_curve,12.0,,,,0.2246577667047825
protocol3_lowo,lgbm_hybrid_plus,0.5145850214145156,0.3768448429698414,0.5424405578847523,0.3768448429698414,0.3768448429698414,0.0,0.3768448429698414,0.3768448429698414,210.96,42,,33/9-1,1219279,17278,0,0,batch_target,labeled_score_support,multi_logloss,180,r3_fullcurve_stats_20260930,hybrid,True,full,49,e895dda14c7c869f28ef3f655cc354c02e3fb2d5,False,8602348e06353cc9206350443624798d5847f2b7c61da21aef3aff0e7652942c,c82d99acf3b4d81278ee2befb8242a6994b9c3055f62b262a0f02037af3b384d,91c87c5b4f834397daa00b01ae727b059675863211f044645de62d451cfb8c46,43041111a78dd4726423d9f43fb9a3cc00d7284ebd9c49071c459697b99c0e87,0fdd6fae08175da5c6c16d621fd8688db07a6a053167ade9f8be1b855e126209,a9584710f6740238911d842e0e49d5039400bf72c84a40e420357b244e624b41,,,,0.2512298953132276,train_learnable,,full_curve,12.0,,,,0.2512298953132276
protocol3_lowo,mlp_source_only,0.4117374696145387,0.2060652754076582,0.4060354210069495,0.2060652754076582,0.2060652754076582,0.0,0.2060652754076582,0.2060652754076582,36.4,42,,33/9-1,1219279,17278,0,0,none,none,multi_logloss,180,r3_fullcurve_stats_20260930,global,False,full,32,e895dda14c7c869f28ef3f655cc354c02e3fb2d5,False,8602348e06353cc9206350443624798d5847f2b7c61da21aef3aff0e7652942c,c82d99acf3b4d81278ee2befb8242a6994b9c3055f62b262a0f02037af3b384d,91c87c5b4f834397daa00b01ae727b059675863211f044645de62d451cfb8c46,43041111a78dd4726423d9f43fb9a3cc00d7284ebd9c49071c459697b99c0e87,0fdd6fae08175da5c6c16d621fd8688db07a6a053167ade9f8be1b855e126209,644a4883ecf827b2fafe573ebcfa22e39f9f6800f51984cf68672e7634828e8c,,,,0.1373768502717721,train_learnable,,full_curve,12.0,,,,0.1373768502717721
protocol3_lowo,mlp_coral_uda,0.2610255816645445,0.0517486689921057,0.108061811392243,0.0517486689921057,0.0517486689921057,0.0,0.0517486689921057,0.0517486689921057,42.98,42,,33/9-1,1219279,17278,0,0,transductive_score_support,none,multi_logloss,180,r3_fullcurve_stats_20260930,global,False,full,32,e895dda14c7c869f28ef3f655cc354c02e3fb2d5,False,8602348e06353cc9206350443624798d5847f2b7c61da21aef3aff0e7652942c,c82d99acf3b4d81278ee2befb8242a6994b9c3055f62b262a0f02037af3b384d,91c87c5b4f834397daa00b01ae727b059675863211f044645de62d451cfb8c46,43041111a78dd4726423d9f43fb9a3cc00d7284ebd9c49071c459697b99c0e87,0fdd6fae08175da5c6c16d621fd8688db07a6a053167ade9f8be1b855e126209,937c65efcb96aa4cb25c3a865aad86b00f0076ec042891cf650bfa5113df54bd,,,,0.0344991126614038,train_learnable,,full_curve,12.0,,,,0.0344991126614038
protocol3_lowo,lgbm_global,0.5146045028890217,0.3296654062669676,0.5928822032202105,0.3296654062669676,0.3296654062669676,0.0,0.3296654062669676,0.3296654062669676,123.59,42,,34/10-16 R,1231514,25095,0,0,none,none,multi_logloss,180,r3_fullcurve_stats_20260930,global,False,full,32,e895dda14c7c869f28ef3f655cc354c02e3fb2d5,False,8602348e06353cc9206350443624798d5847f2b7c61da21aef3aff0e7652942c,b1f8695251d457670c2133848d802ff3814dec7f4648fb9ff129b9975f4f91fd,91c87c5b4f834397daa00b01ae727b059675863211f044645de62d451cfb8c46,43041111a78dd4726423d9f43fb9a3cc00d7284ebd9c49071c459697b99c0e87,0fdd6fae08175da5c6c16d621fd8688db07a6a053167ade9f8be1b855e126209,9d2c7ad879a80eef284e32d0dadee42e995aeacfcc54dedeef5e09c73767b0b5,,,,0.2197769375113117,train_learnable,,full_curve,12.0,,,,0.2197769375113117
protocol3_lowo,lgbm_global_eq120k,0.6147041243275553,0.3681163095309704,0.6745484438193683,0.3681163095309704,0.3681163095309704,0.0,0.3681163095309704,0.3681163095309704,59.91,42,,34/10-16 R,1231514,25095,0,0,none,none,multi_logloss,180,r3_fullcurve_stats_20260930,global,False,full,32,e895dda14c7c869f28ef3f655cc354c02e3fb2d5,False,8602348e06353cc9206350443624798d5847f2b7c61da21aef3aff0e7652942c,b1f8695251d457670c2133848d802ff3814dec7f4648fb9ff129b9975f4f91fd,91c87c5b4f834397daa00b01ae727b059675863211f044645de62d451cfb8c46,43041111a78dd4726423d9f43fb9a3cc00d7284ebd9c49071c459697b99c0e87,0fdd6fae08175da5c6c16d621fd8688db07a6a053167ade9f8be1b855e126209,baad36fa6622469175d61c36872b36913e66ce8f375c1a907ce0cd3f010dd42e,,,,0.2454108730206469,train_learnable,,full_curve,12.0,,,,0.2454108730206469
protocol3_lowo,rf_global,0.6133094241880853,0.3387099475794683,0.6794331787646292,0.3387099475794683,0.3387099475794683,0.0,0.3387099475794683,0.3387099475794683,34.76,42,,34/10-16 R,1231514,25095,0,0,none,none,multi_logloss,200,r3_fullcurve_stats_20260930,global,False,full,32,e895dda14c7c869f28ef3f655cc354c02e3fb2d5,False,8602348e06353cc9206350443624798d5847f2b7c61da21aef3aff0e7652942c,b1f8695251d457670c2133848d802ff3814dec7f4648fb9ff129b9975f4f91fd,91c87c5b4f834397daa00b01ae727b059675863211f044645de62d451cfb8c46,43041111a78dd4726423d9f43fb9a3cc00d7284ebd9c49071c459697b99c0e87,0fdd6fae08175da5c6c16d621fd8688db07a6a053167ade9f8be1b855e126209,9749b7606f66549a6595b55fcd5d7c470887ad2f92c84bebdb02d33df3cfdd06,,,,0.2258066317196455,train_learnable,,full_curve,12.0,,,,0.2258066317196455
protocol3_lowo,rf_global_full,0.4653915122534369,0.2803989728029716,0.5515017869533141,0.2803989728029716,0.2803989728029716,0.0,0.2803989728029716,0.2803989728029716,154.71,42,,34/10-16 R,1231514,25095,0,0,none,none,multi_logloss,100,r3_fullcurve_stats_20260930,global,False,full,32,e895dda14c7c869f28ef3f655cc354c02e3fb2d5,False,8602348e06353cc9206350443624798d5847f2b7c61da21aef3aff0e7652942c,b1f8695251d457670c2133848d802ff3814dec7f4648fb9ff129b9975f4f91fd,91c87c5b4f834397daa00b01ae727b059675863211f044645de62d451cfb8c46,43041111a78dd4726423d9f43fb9a3cc00d7284ebd9c49071c459697b99c0e87,0fdd6fae08175da5c6c16d621fd8688db07a6a053167ade9f8be1b855e126209,7d38084cacacbb3eda88c22f42771fc597b5e04390c0988bc83f953f256c651b,,,,0.1869326485353144,train_learnable,,full_curve,12.0,,,,0.1869326485353144
protocol3_lowo,xgb_global,0.5020522016337916,0.3142168730441592,0.5801654102603069,0.3142168730441592,0.3142168730441592,0.0,0.3142168730441592,0.3142168730441592,198.24,42,,34/10-16 R,1231514,25095,0,0,none,none,multi_logloss,180,r3_fullcurve_stats_20260930,global,False,full,32,e895dda14c7c869f28ef3f655cc354c02e3fb2d5,False,8602348e06353cc9206350443624798d5847f2b7c61da21aef3aff0e7652942c,b1f8695251d457670c2133848d802ff3814dec7f4648fb9ff129b9975f4f91fd,91c87c5b4f834397daa00b01ae727b059675863211f044645de62d451cfb8c46,43041111a78dd4726423d9f43fb9a3cc00d7284ebd9c49071c459697b99c0e87,0fdd6fae08175da5c6c16d621fd8688db07a6a053167ade9f8be1b855e126209,5cf34cb449a2c8ddc7e405773be1453be0850273da8fc9a22f1a97cd36f2fc80,,,,0.2094779153627728,train_learnable,,full_curve,12.0,,,,0.2094779153627728
protocol3_lowo,lgbm_wellnorm,0.7011356843992828,0.3059701680379238,0.7200558230228175,0.3059701680379238,0.3059701680379238,0.0,0.3059701680379238,0.3059701680379238,138.11,42,,34/10-16 R,1231514,25095,0,0,none,none,multi_logloss,180,r3_fullcurve_stats_20260930,wellnorm,True,full,33,e895dda14c7c869f28ef3f655cc354c02e3fb2d5,False,8602348e06353cc9206350443624798d5847f2b7c61da21aef3aff0e7652942c,b1f8695251d457670c2133848d802ff3814dec7f4648fb9ff129b9975f4f91fd,91c87c5b4f834397daa00b01ae727b059675863211f044645de62d451cfb8c46,43041111a78dd4726423d9f43fb9a3cc00d7284ebd9c49071c459697b99c0e87,0fdd6fae08175da5c6c16d621fd8688db07a6a053167ade9f8be1b855e126209,5bebe90abf4e23ffaf8aaf20db4953bcbf6850267df7c4799e66fe2b05f01ac3,,,,0.2039801120252825,train_learnable,,full_curve,12.0,,,,0.2039801120252825
protocol3_lowo,lgbm_wellnorm_norel,0.6963140067742578,0.330839852035116,0.71097686130526,0.330839852035116,0.330839852035116,0.0,0.330839852035116,0.330839852035116,137.36,42,,34/10-16 R,1231514,25095,0,0,none,none,multi_logloss,180,r3_fullcurve_stats_20260930,wellnorm,False,full,32,e895dda14c7c869f28ef3f655cc354c02e3fb2d5,False,8602348e06353cc9206350443624798d5847f2b7c61da21aef3aff0e7652942c,b1f8695251d457670c2133848d802ff3814dec7f4648fb9ff129b9975f4f91fd,91c87c5b4f834397daa00b01ae727b059675863211f044645de62d451cfb8c46,43041111a78dd4726423d9f43fb9a3cc00d7284ebd9c49071c459697b99c0e87,0fdd6fae08175da5c6c16d621fd8688db07a6a053167ade9f8be1b855e126209,c0458e7deef251243de7d69f6f9bd7fefd7c9f93fe59f1f8611ce52e6212018c,,,,0.220559901356744,train_learnable,,full_curve,12.0,,,,0.220559901356744
protocol3_lowo,lgbm_hybrid,0.7487547320183303,0.3717418626701991,0.7686553653396903,0.3717418626701991,0.3717418626701991,0.0,0.3717418626701991,0.3717418626701991,180.91,42,,34/10-16 R,1231514,25095,0,0,none,none,multi_logloss,180,r3_fullcurve_stats_20260930,hybrid,True,full,49,e895dda14c7c869f28ef3f655cc354c02e3fb2d5,False,8602348e06353cc9206350443624798d5847f2b7c61da21aef3aff0e7652942c,b1f8695251d457670c2133848d802ff3814dec7f4648fb9ff129b9975f4f91fd,91c87c5b4f834397daa00b01ae727b059675863211f044645de62d451cfb8c46,43041111a78dd4726423d9f43fb9a3cc00d7284ebd9c49071c459697b99c0e87,0fdd6fae08175da5c6c16d621fd8688db07a6a053167ade9f8be1b855e126209,a9584710f6740238911d842e0e49d5039400bf72c84a40e420357b244e624b41,,,,0.2478279084467994,train_learnable,,full_curve,12.0,,,,0.2478279084467994
protocol3_lowo,lgbm_hybrid_norel,0.7596333931061965,0.4250278731779523,0.7864531850139413,0.4250278731779523,0.4250278731779523,0.0,0.4250278731779523,0.4250278731779523,184.1,42,,34/10-16 R,1231514,25095,0,0,none,none,multi_logloss,180,r3_fullcurve_stats_20260930,hybrid,False,full,48,e895dda14c7c869f28ef3f655cc354c02e3fb2d5,False,8602348e06353cc9206350443624798d5847f2b7c61da21aef3aff0e7652942c,b1f8695251d457670c2133848d802ff3814dec7f4648fb9ff129b9975f4f91fd,91c87c5b4f834397daa00b01ae727b059675863211f044645de62d451cfb8c46,43041111a78dd4726423d9f43fb9a3cc00d7284ebd9c49071c459697b99c0e87,0fdd6fae08175da5c6c16d621fd8688db07a6a053167ade9f8be1b855e126209,541d91be3eb41014f35c930411cfd23c85379321ea069333a4b0bf8e44def757,,,,0.2833519154519682,train_learnable,,full_curve,12.0,,,,0.2833519154519682
protocol3_lowo,lgbm_hybrid_while,0.7325363618250648,0.4617519626013225,0.7686744483407731,0.4617519626013225,0.4617519626013225,0.0,0.4617519626013225,0.4617519626013225,188.13,42,,34/10-16 R,1231514,25095,0,0,none,none,multi_logloss,180,r3_fullcurve_stats_20260930,hybrid,False,causal,48,e895dda14c7c869f28ef3f655cc354c02e3fb2d5,False,8602348e06353cc9206350443624798d5847f2b7c61da21aef3aff0e7652942c,b1f8695251d457670c2133848d802ff3814dec7f4648fb9ff129b9975f4f91fd,91c87c5b4f834397daa00b01ae727b059675863211f044645de62d451cfb8c46,43041111a78dd4726423d9f43fb9a3cc00d7284ebd9c49071c459697b99c0e87,0fdd6fae08175da5c6c16d621fd8688db07a6a053167ade9f8be1b855e126209,80f751dcf6b86b3652b6c19bb1a93794dc1505ee4ff531e017226f9a7d9ef995,,,,0.307834641734215,train_learnable,,full_curve,12.0,,,,0.307834641734215
protocol3_lowo,lgbm_hybrid_smooth,0.7584379358437936,0.3734831697477431,0.7746583312714623,0.3734831697477431,0.3734831697477431,0.0,0.3734831697477431,0.3734831697477431,186.21,42,,34/10-16 R,1231514,25095,0,0,none,labeled_score_support,multi_logloss,180,r3_fullcurve_stats_20260930,hybrid,True,full,49,e895dda14c7c869f28ef3f655cc354c02e3fb2d5,False,8602348e06353cc9206350443624798d5847f2b7c61da21aef3aff0e7652942c,b1f8695251d457670c2133848d802ff3814dec7f4648fb9ff129b9975f4f91fd,91c87c5b4f834397daa00b01ae727b059675863211f044645de62d451cfb8c46,43041111a78dd4726423d9f43fb9a3cc00d7284ebd9c49071c459697b99c0e87,0fdd6fae08175da5c6c16d621fd8688db07a6a053167ade9f8be1b855e126209,a9584710f6740238911d842e0e49d5039400bf72c84a40e420357b244e624b41,,,,0.2489887798318287,train_learnable,,full_curve,12.0,,,,0.2489887798318287
protocol3_lowo,lgbm_hybrid_sim,0.7682805339709106,0.3687292880052395,0.7854405653793892,0.3687292880052395,0.3687292880052395,0.0,0.3687292880052395,0.3687292880052395,217.22,42,,34/10-16 R,1231514,25095,0,0,batch_target,none,multi_logloss,180,r3_fullcurve_stats_20260930,hybrid,True,full,49,e895dda14c7c869f28ef3f655cc354c02e3fb2d5,False,8602348e06353cc9206350443624798d5847f2b7c61da21aef3aff0e7652942c,b1f8695251d457670c2133848d802ff3814dec7f4648fb9ff129b9975f4f91fd,91c87c5b4f834397daa00b01ae727b059675863211f044645de62d451cfb8c46,43041111a78dd4726423d9f43fb9a3cc00d7284ebd9c49071c459697b99c0e87,0fdd6fae08175da5c6c16d621fd8688db07a6a053167ade9f8be1b855e126209,a9584710f6740238911d842e0e49d5039400bf72c84a40e420357b244e624b41,,,,0.2458195253368263,train_learnable,,full_curve,12.0,,,,0.2458195253368263
protocol3_lowo,lgbm_hybrid_sim_perwell,0.7682805339709106,0.3687292880052395,0.7854405653793892,0.3687292880052395,0.3687292880052395,0.0,0.3687292880052395,0.3687292880052395,210.51,42,,34/10-16 R,1231514,25095,0,0,per_well,none,multi_logloss,180,r3_fullcurve_stats_20260930,hybrid,True,full,49,e895dda14c7c869f28ef3f655cc354c02e3fb2d5,False,8602348e06353cc9206350443624798d5847f2b7c61da21aef3aff0e7652942c,b1f8695251d457670c2133848d802ff3814dec7f4648fb9ff129b9975f4f91fd,91c87c5b4f834397daa00b01ae727b059675863211f044645de62d451cfb8c46,43041111a78dd4726423d9f43fb9a3cc00d7284ebd9c49071c459697b99c0e87,0fdd6fae08175da5c6c16d621fd8688db07a6a053167ade9f8be1b855e126209,f0035c0b7027447eb93af1f08fa93f86636eddefd4ef058ba1ba909e1d1db83c,,,,0.2458195253368263,train_learnable,,full_curve,12.0,,,,0.2458195253368263
protocol3_lowo,lgbm_hybrid_plus,0.7813907152819287,0.3658129123999453,0.7884219740011476,0.3658129123999453,0.3658129123999453,0.0,0.3658129123999453,0.3658129123999453,219.71,42,,34/10-16 R,1231514,25095,0,0,batch_target,labeled_score_support,multi_logloss,180,r3_fullcurve_stats_20260930,hybrid,True,full,49,e895dda14c7c869f28ef3f655cc354c02e3fb2d5,False,8602348e06353cc9206350443624798d5847f2b7c61da21aef3aff0e7652942c,b1f8695251d457670c2133848d802ff3814dec7f4648fb9ff129b9975f4f91fd,91c87c5b4f834397daa00b01ae727b059675863211f044645de62d451cfb8c46,43041111a78dd4726423d9f43fb9a3cc00d7284ebd9c49071c459697b99c0e87,0fdd6fae08175da5c6c16d621fd8688db07a6a053167ade9f8be1b855e126209,a9584710f6740238911d842e0e49d5039400bf72c84a40e420357b244e624b41,,,,0.2438752749332968,train_learnable,,full_curve,12.0,,,,0.2438752749332968
protocol3_lowo,mlp_source_only,0.5839410241083881,0.2952014699860864,0.6294940811007114,0.2952014699860864,0.2952014699860864,0.0,0.2952014699860864,0.2952014699860864,46.36,42,,34/10-16 R,1231514,25095,0,0,none,none,multi_logloss,180,r3_fullcurve_stats_20260930,global,False,full,32,e895dda14c7c869f28ef3f655cc354c02e3fb2d5,False,8602348e06353cc9206350443624798d5847f2b7c61da21aef3aff0e7652942c,b1f8695251d457670c2133848d802ff3814dec7f4648fb9ff129b9975f4f91fd,91c87c5b4f834397daa00b01ae727b059675863211f044645de62d451cfb8c46,43041111a78dd4726423d9f43fb9a3cc00d7284ebd9c49071c459697b99c0e87,0fdd6fae08175da5c6c16d621fd8688db07a6a053167ade9f8be1b855e126209,644a4883ecf827b2fafe573ebcfa22e39f9f6800f51984cf68672e7634828e8c,,,,0.1968009799907242,train_learnable,,full_curve,12.0,,,,0.1968009799907242
protocol3_lowo,mlp_coral_uda,0.177525403466826,0.0668256620071084,0.0852678868138897,0.0668256620071084,0.0668256620071084,0.0,0.0668256620071084,0.0668256620071084,37.05,42,,34/10-16 R,1231514,25095,0,0,transductive_score_support,none,multi_logloss,180,r3_fullcurve_stats_20260930,global,False,full,32,e895dda14c7c869f28ef3f655cc354c02e3fb2d5,False,8602348e06353cc9206350443624798d5847f2b7c61da21aef3aff0e7652942c,b1f8695251d457670c2133848d802ff3814dec7f4648fb9ff129b9975f4f91fd,91c87c5b4f834397daa00b01ae727b059675863211f044645de62d451cfb8c46,43041111a78dd4726423d9f43fb9a3cc00d7284ebd9c49071c459697b99c0e87,0fdd6fae08175da5c6c16d621fd8688db07a6a053167ade9f8be1b855e126209,937c65efcb96aa4cb25c3a865aad86b00f0076ec042891cf650bfa5113df54bd,,,,0.0445504413380723,train_learnable,,full_curve,12.0,,,,0.0445504413380723
protocol3_lowo,lgbm_global,0.4825760374338135,0.3051390786571389,0.529297875038181,0.3051390786571389,0.3051390786571389,0.0,0.3051390786571389,0.3051390786571389,123.92,42,,7/1-1,1189280,16242,0,0,none,none,multi_logloss,180,r3_fullcurve_stats_20260930,global,False,full,32,e895dda14c7c869f28ef3f655cc354c02e3fb2d5,False,8602348e06353cc9206350443624798d5847f2b7c61da21aef3aff0e7652942c,a4b8ab3ff873ef1896e08aeea7d1862e3e96eae912b784408c7b979903574f7c,91c87c5b4f834397daa00b01ae727b059675863211f044645de62d451cfb8c46,43041111a78dd4726423d9f43fb9a3cc00d7284ebd9c49071c459697b99c0e87,0fdd6fae08175da5c6c16d621fd8688db07a6a053167ade9f8be1b855e126209,9d2c7ad879a80eef284e32d0dadee42e995aeacfcc54dedeef5e09c73767b0b5,,,,0.177997795883331,train_learnable,,full_curve,12.0,,,,0.177997795883331
protocol3_lowo,lgbm_global_eq120k,0.504432951606945,0.2721198162894489,0.532688800468554,0.2721198162894489,0.2721198162894489,0.0,0.2721198162894489,0.2721198162894489,59.53,42,,7/1-1,1189280,16242,0,0,none,none,multi_logloss,180,r3_fullcurve_stats_20260930,global,False,full,32,e895dda14c7c869f28ef3f655cc354c02e3fb2d5,False,8602348e06353cc9206350443624798d5847f2b7c61da21aef3aff0e7652942c,a4b8ab3ff873ef1896e08aeea7d1862e3e96eae912b784408c7b979903574f7c,91c87c5b4f834397daa00b01ae727b059675863211f044645de62d451cfb8c46,43041111a78dd4726423d9f43fb9a3cc00d7284ebd9c49071c459697b99c0e87,0fdd6fae08175da5c6c16d621fd8688db07a6a053167ade9f8be1b855e126209,baad36fa6622469175d61c36872b36913e66ce8f375c1a907ce0cd3f010dd42e,,,,0.1587365595021785,train_learnable,,full_curve,12.0,,,,0.1587365595021785
protocol3_lowo,rf_global,0.6648196034971062,0.3328480386241932,0.6812905231747426,0.3328480386241932,0.3328480386241932,0.0,0.3328480386241932,0.3328480386241932,32.22,42,,7/1-1,1189280,16242,0,0,none,none,multi_logloss,200,r3_fullcurve_stats_20260930,global,False,full,32,e895dda14c7c869f28ef3f655cc354c02e3fb2d5,False,8602348e06353cc9206350443624798d5847f2b7c61da21aef3aff0e7652942c,a4b8ab3ff873ef1896e08aeea7d1862e3e96eae912b784408c7b979903574f7c,91c87c5b4f834397daa00b01ae727b059675863211f044645de62d451cfb8c46,43041111a78dd4726423d9f43fb9a3cc00d7284ebd9c49071c459697b99c0e87,0fdd6fae08175da5c6c16d621fd8688db07a6a053167ade9f8be1b855e126209,9749b7606f66549a6595b55fcd5d7c470887ad2f92c84bebdb02d33df3cfdd06,,,,0.1941613558641127,train_learnable,,full_curve,12.0,,,,0.1941613558641127
protocol3_lowo,rf_global_full,0.6574313508188647,0.338393146240715,0.6749407428107995,0.338393146240715,0.338393146240715,0.0,0.338393146240715,0.338393146240715,143.49,42,,7/1-1,1189280,16242,0,0,none,none,multi_logloss,100,r3_fullcurve_stats_20260930,global,False,full,32,e895dda14c7c869f28ef3f655cc354c02e3fb2d5,False,8602348e06353cc9206350443624798d5847f2b7c61da21aef3aff0e7652942c,a4b8ab3ff873ef1896e08aeea7d1862e3e96eae912b784408c7b979903574f7c,91c87c5b4f834397daa00b01ae727b059675863211f044645de62d451cfb8c46,43041111a78dd4726423d9f43fb9a3cc00d7284ebd9c49071c459697b99c0e87,0fdd6fae08175da5c6c16d621fd8688db07a6a053167ade9f8be1b855e126209,7d38084cacacbb3eda88c22f42771fc597b5e04390c0988bc83f953f256c651b,,,,0.1973960019737504,train_learnable,,full_curve,12.0,,,,0.1973960019737504
protocol3_lowo,xgb_global,0.6629109715552272,0.3454353015798393,0.6810143957378015,0.3454353015798393,0.3454353015798393,0.0,0.3454353015798393,0.3454353015798393,206.72,42,,7/1-1,1189280,16242,0,0,none,none,multi_logloss,180,r3_fullcurve_stats_20260930,global,False,full,32,e895dda14c7c869f28ef3f655cc354c02e3fb2d5,False,8602348e06353cc9206350443624798d5847f2b7c61da21aef3aff0e7652942c,a4b8ab3ff873ef1896e08aeea7d1862e3e96eae912b784408c7b979903574f7c,91c87c5b4f834397daa00b01ae727b059675863211f044645de62d451cfb8c46,43041111a78dd4726423d9f43fb9a3cc00d7284ebd9c49071c459697b99c0e87,0fdd6fae08175da5c6c16d621fd8688db07a6a053167ade9f8be1b855e126209,5cf34cb449a2c8ddc7e405773be1453be0850273da8fc9a22f1a97cd36f2fc80,,,,0.2015039259215728,train_learnable,,full_curve,12.0,,,,0.2015039259215728
protocol3_lowo,lgbm_wellnorm,0.7334072158601157,0.2783111453992776,0.7126927382279574,0.2783111453992776,0.2783111453992776,0.0,0.2783111453992776,0.2783111453992776,136.78,42,,7/1-1,1189280,16242,0,0,none,none,multi_logloss,180,r3_fullcurve_stats_20260930,wellnorm,True,full,33,e895dda14c7c869f28ef3f655cc354c02e3fb2d5,False,8602348e06353cc9206350443624798d5847f2b7c61da21aef3aff0e7652942c,a4b8ab3ff873ef1896e08aeea7d1862e3e96eae912b784408c7b979903574f7c,91c87c5b4f834397daa00b01ae727b059675863211f044645de62d451cfb8c46,43041111a78dd4726423d9f43fb9a3cc00d7284ebd9c49071c459697b99c0e87,0fdd6fae08175da5c6c16d621fd8688db07a6a053167ade9f8be1b855e126209,5bebe90abf4e23ffaf8aaf20db4953bcbf6850267df7c4799e66fe2b05f01ac3,,,,0.1623481681495786,train_learnable,,full_curve,12.0,,,,0.1623481681495786
protocol3_lowo,lgbm_wellnorm_norel,0.7152444280261051,0.2760736358205667,0.703499618786357,0.2760736358205667,0.2760736358205667,0.0,0.2760736358205667,0.2760736358205667,135.64,42,,7/1-1,1189280,16242,0,0,none,none,multi_logloss,180,r3_fullcurve_stats_20260930,wellnorm,False,full,32,e895dda14c7c869f28ef3f655cc354c02e3fb2d5,False,8602348e06353cc9206350443624798d5847f2b7c61da21aef3aff0e7652942c,a4b8ab3ff873ef1896e08aeea7d1862e3e96eae912b784408c7b979903574f7c,91c87c5b4f834397daa00b01ae727b059675863211f044645de62d451cfb8c46,43041111a78dd4726423d9f43fb9a3cc00d7284ebd9c49071c459697b99c0e87,0fdd6fae08175da5c6c16d621fd8688db07a6a053167ade9f8be1b855e126209,c0458e7deef251243de7d69f6f9bd7fefd7c9f93fe59f1f8611ce52e6212018c,,,,0.1610429542286639,train_learnable,,full_curve,12.0,,,,0.1610429542286639
protocol3_lowo,lgbm_hybrid,0.8464474818372122,0.3563391433650788,0.8128549723333968,0.3563391433650788,0.3563391433650788,0.0,0.3563391433650788,0.3563391433650788,183.35,42,,7/1-1,1189280,16242,0,0,none,none,multi_logloss,180,r3_fullcurve_stats_20260930,hybrid,True,full,49,e895dda14c7c869f28ef3f655cc354c02e3fb2d5,False,8602348e06353cc9206350443624798d5847f2b7c61da21aef3aff0e7652942c,a4b8ab3ff873ef1896e08aeea7d1862e3e96eae912b784408c7b979903574f7c,91c87c5b4f834397daa00b01ae727b059675863211f044645de62d451cfb8c46,43041111a78dd4726423d9f43fb9a3cc00d7284ebd9c49071c459697b99c0e87,0fdd6fae08175da5c6c16d621fd8688db07a6a053167ade9f8be1b855e126209,a9584710f6740238911d842e0e49d5039400bf72c84a40e420357b244e624b41,,,,0.207864500296296,train_learnable,,full_curve,12.0,,,,0.207864500296296
protocol3_lowo,lgbm_hybrid_norel,0.8529122029306736,0.3816792643653008,0.8238495763579119,0.3816792643653008,0.3816792643653008,0.0,0.3816792643653008,0.3816792643653008,201.47,42,,7/1-1,1189280,16242,0,0,none,none,multi_logloss,180,r3_fullcurve_stats_20260930,hybrid,False,full,48,e895dda14c7c869f28ef3f655cc354c02e3fb2d5,False,8602348e06353cc9206350443624798d5847f2b7c61da21aef3aff0e7652942c,a4b8ab3ff873ef1896e08aeea7d1862e3e96eae912b784408c7b979903574f7c,91c87c5b4f834397daa00b01ae727b059675863211f044645de62d451cfb8c46,43041111a78dd4726423d9f43fb9a3cc00d7284ebd9c49071c459697b99c0e87,0fdd6fae08175da5c6c16d621fd8688db07a6a053167ade9f8be1b855e126209,541d91be3eb41014f35c930411cfd23c85379321ea069333a4b0bf8e44def757,,,,0.2226462375464254,train_learnable,,full_curve,12.0,,,,0.2226462375464254
protocol3_lowo,lgbm_hybrid_while,0.7320527028691048,0.3765782620865348,0.7408282034697417,0.3765782620865348,0.3765782620865348,0.0,0.3765782620865348,0.3765782620865348,183.91,42,,7/1-1,1189280,16242,0,0,none,none,multi_logloss,180,r3_fullcurve_stats_20260930,hybrid,False,causal,48,e895dda14c7c869f28ef3f655cc354c02e3fb2d5,False,8602348e06353cc9206350443624798d5847f2b7c61da21aef3aff0e7652942c,a4b8ab3ff873ef1896e08aeea7d1862e3e96eae912b784408c7b979903574f7c,91c87c5b4f834397daa00b01ae727b059675863211f044645de62d451cfb8c46,43041111a78dd4726423d9f43fb9a3cc00d7284ebd9c49071c459697b99c0e87,0fdd6fae08175da5c6c16d621fd8688db07a6a053167ade9f8be1b855e126209,80f751dcf6b86b3652b6c19bb1a93794dc1505ee4ff531e017226f9a7d9ef995,,,,0.2196706528838119,train_learnable,,full_curve,12.0,,,,0.2196706528838119
protocol3_lowo,lgbm_hybrid_smooth,0.8467553256988055,0.3521206224499472,0.8122000411538944,0.3521206224499472,0.3521206224499472,0.0,0.3521206224499472,0.3521206224499472,193.29,42,,7/1-1,1189280,16242,0,0,none,labeled_score_support,multi_logloss,180,r3_fullcurve_stats_20260930,hybrid,True,full,49,e895dda14c7c869f28ef3f655cc354c02e3fb2d5,False,8602348e06353cc9206350443624798d5847f2b7c61da21aef3aff0e7652942c,a4b8ab3ff873ef1896e08aeea7d1862e3e96eae912b784408c7b979903574f7c,91c87c5b4f834397daa00b01ae727b059675863211f044645de62d451cfb8c46,43041111a78dd4726423d9f43fb9a3cc00d7284ebd9c49071c459697b99c0e87,0fdd6fae08175da5c6c16d621fd8688db07a6a053167ade9f8be1b855e126209,a9584710f6740238911d842e0e49d5039400bf72c84a40e420357b244e624b41,,,,0.2054036964291358,train_learnable,,full_curve,12.0,,,,0.2054036964291358
protocol3_lowo,lgbm_hybrid_sim,0.838012560029553,0.3547509968127836,0.810747006461496,0.3547509968127836,0.3547509968127836,0.0,0.3547509968127836,0.3547509968127836,222.8,42,,7/1-1,1189280,16242,0,0,batch_target,none,multi_logloss,180,r3_fullcurve_stats_20260930,hybrid,True,full,49,e895dda14c7c869f28ef3f655cc354c02e3fb2d5,False,8602348e06353cc9206350443624798d5847f2b7c61da21aef3aff0e7652942c,a4b8ab3ff873ef1896e08aeea7d1862e3e96eae912b784408c7b979903574f7c,91c87c5b4f834397daa00b01ae727b059675863211f044645de62d451cfb8c46,43041111a78dd4726423d9f43fb9a3cc00d7284ebd9c49071c459697b99c0e87,0fdd6fae08175da5c6c16d621fd8688db07a6a053167ade9f8be1b855e126209,a9584710f6740238911d842e0e49d5039400bf72c84a40e420357b244e624b41,,,,0.2069380814741238,train_learnable,,full_curve,12.0,,,,0.2069380814741238
protocol3_lowo,lgbm_hybrid_sim_perwell,0.838012560029553,0.3547509968127836,0.810747006461496,0.3547509968127836,0.3547509968127836,0.0,0.3547509968127836,0.3547509968127836,215.11,42,,7/1-1,1189280,16242,0,0,per_well,none,multi_logloss,180,r3_fullcurve_stats_20260930,hybrid,True,full,49,e895dda14c7c869f28ef3f655cc354c02e3fb2d5,False,8602348e06353cc9206350443624798d5847f2b7c61da21aef3aff0e7652942c,a4b8ab3ff873ef1896e08aeea7d1862e3e96eae912b784408c7b979903574f7c,91c87c5b4f834397daa00b01ae727b059675863211f044645de62d451cfb8c46,43041111a78dd4726423d9f43fb9a3cc00d7284ebd9c49071c459697b99c0e87,0fdd6fae08175da5c6c16d621fd8688db07a6a053167ade9f8be1b855e126209,f0035c0b7027447eb93af1f08fa93f86636eddefd4ef058ba1ba909e1d1db83c,,,,0.2069380814741238,train_learnable,,full_curve,12.0,,,,0.2069380814741238
protocol3_lowo,lgbm_hybrid_plus,0.8465706193818495,0.350394138727823,0.8105099384848703,0.350394138727823,0.350394138727823,0.0,0.350394138727823,0.350394138727823,210.01,42,,7/1-1,1189280,16242,0,0,batch_target,labeled_score_support,multi_logloss,180,r3_fullcurve_stats_20260930,hybrid,True,full,49,e895dda14c7c869f28ef3f655cc354c02e3fb2d5,False,8602348e06353cc9206350443624798d5847f2b7c61da21aef3aff0e7652942c,a4b8ab3ff873ef1896e08aeea7d1862e3e96eae912b784408c7b979903574f7c,91c87c5b4f834397daa00b01ae727b059675863211f044645de62d451cfb8c46,43041111a78dd4726423d9f43fb9a3cc00d7284ebd9c49071c459697b99c0e87,0fdd6fae08175da5c6c16d621fd8688db07a6a053167ade9f8be1b855e126209,a9584710f6740238911d842e0e49d5039400bf72c84a40e420357b244e624b41,,,,0.2043965809245634,train_learnable,,full_curve,12.0,,,,0.2043965809245634
protocol3_lowo,mlp_source_only,0.5049870705578131,0.250293224069208,0.5343468945777113,0.250293224069208,0.250293224069208,0.0,0.250293224069208,0.250293224069208,30.94,42,,7/1-1,1189280,16242,0,0,none,none,multi_logloss,180,r3_fullcurve_stats_20260930,global,False,full,32,e895dda14c7c869f28ef3f655cc354c02e3fb2d5,False,8602348e06353cc9206350443624798d5847f2b7c61da21aef3aff0e7652942c,a4b8ab3ff873ef1896e08aeea7d1862e3e96eae912b784408c7b979903574f7c,91c87c5b4f834397daa00b01ae727b059675863211f044645de62d451cfb8c46,43041111a78dd4726423d9f43fb9a3cc00d7284ebd9c49071c459697b99c0e87,0fdd6fae08175da5c6c16d621fd8688db07a6a053167ade9f8be1b855e126209,644a4883ecf827b2fafe573ebcfa22e39f9f6800f51984cf68672e7634828e8c,,,,0.146004380707038,train_learnable,,full_curve,12.0,,,,0.146004380707038
protocol3_lowo,mlp_coral_uda,0.1256618643024258,0.0318953594674209,0.028056212332905,0.0318953594674209,0.0318953594674209,0.0,0.0318953594674209,0.0318953594674209,35.92,42,,7/1-1,1189280,16242,0,0,transductive_score_support,none,multi_logloss,180,r3_fullcurve_stats_20260930,global,False,full,32,e895dda14c7c869f28ef3f655cc354c02e3fb2d5,False,8602348e06353cc9206350443624798d5847f2b7c61da21aef3aff0e7652942c,a4b8ab3ff873ef1896e08aeea7d1862e3e96eae912b784408c7b979903574f7c,91c87c5b4f834397daa00b01ae727b059675863211f044645de62d451cfb8c46,43041111a78dd4726423d9f43fb9a3cc00d7284ebd9c49071c459697b99c0e87,0fdd6fae08175da5c6c16d621fd8688db07a6a053167ade9f8be1b855e126209,937c65efcb96aa4cb25c3a865aad86b00f0076ec042891cf650bfa5113df54bd,,,,0.0186056263559955,train_learnable,,full_curve,12.0,,,,0.0186056263559955
